screen_id,campaign_id,date,booked_impressions,delivered_impressions,delivery_rate,status,impression_diff
SCR_041,CAMP_A,2024-01-01,4000,4004,1.001,ON TRACK,4
SCR_008,CAMP_A,2024-01-01,6000,5919,0.9865,ON TRACK,-81
SCR_002,CAMP_A,2024-01-01,3000,2792,0.9306666666666666,ON TRACK,-208
SCR_018,CAMP_A,2024-01-01,6000,5581,0.9301666666666667,ON TRACK,-419
SCR_016,CAMP_A,2024-01-01,5000,5565,1.113,OVER-DELIVERY,565
SCR_015,CAMP_A,2024-01-01,5000,4942,0.9884,ON TRACK,-58
SCR_009,CAMP_A,2024-01-01,3000,2939,0.9796666666666667,ON TRACK,-61
SCR_007,CAMP_A,2024-01-01,6000,3668,0.6113333333333333,UNDER-DELIVERY,-2332
SCR_035,CAMP_A,2024-01-01,5000,5007,1.0014,ON TRACK,7
SCR_006,CAMP_A,2024-01-01,3000,3031,1.0103333333333333,ON TRACK,31
SCR_038,CAMP_A,2024-01-01,3000,3067,1.0223333333333333,ON TRACK,67
SCR_028,CAMP_A,2024-01-01,6000,5955,0.9925,ON TRACK,-45
SCR_003,CAMP_A,2024-01-01,5000,4780,0.956,ON TRACK,-220
SCR_048,CAMP_A,2024-01-01,5000,4994,0.9988,ON TRACK,-6
SCR_050,CAMP_A,2024-01-01,3000,2796,0.932,ON TRACK,-204
SCR_014,CAMP_A,2024-01-01,4000,3837,0.95925,ON TRACK,-163
SCR_045,CAMP_A,2024-01-01,4000,4078,1.0195,ON TRACK,78
SCR_033,CAMP_A,2024-01-01,3000,2742,0.914,ON TRACK,-258
SCR_037,CAMP_A,2024-01-01,5000,4593,0.9186,ON TRACK,-407
SCR_047,CAMP_A,2024-01-01,5000,4874,0.9748,ON TRACK,-126
SCR_042,CAMP_B,2024-01-01,3000,2789,0.9296666666666666,ON TRACK,-211
SCR_030,CAMP_B,2024-01-01,4000,3859,0.96475,ON TRACK,-141
SCR_010,CAMP_B,2024-01-01,3000,2962,0.9873333333333333,ON TRACK,-38
SCR_017,CAMP_B,2024-01-01,6000,6217,1.0361666666666667,ON TRACK,217
SCR_009,CAMP_B,2024-01-01,3000,2774,0.9246666666666666,ON TRACK,-226
SCR_016,CAMP_B,2024-01-01,5000,4771,0.9542,ON TRACK,-229
SCR_036,CAMP_B,2024-01-01,5000,4844,0.9688,ON TRACK,-156
SCR_035,CAMP_B,2024-01-01,5000,5045,1.009,ON TRACK,45
SCR_047,CAMP_B,2024-01-01,3000,2846,0.9486666666666667,ON TRACK,-154
SCR_038,CAMP_B,2024-01-01,4000,4036,1.009,ON TRACK,36
SCR_028,CAMP_B,2024-01-01,3000,2920,0.9733333333333334,ON TRACK,-80
SCR_041,CAMP_B,2024-01-01,3000,3072,1.024,ON TRACK,72
SCR_026,CAMP_B,2024-01-01,5000,4706,0.9412,ON TRACK,-294
SCR_024,CAMP_B,2024-01-01,3000,3384,1.128,OVER-DELIVERY,384
SCR_015,CAMP_B,2024-01-01,3000,2937,0.979,ON TRACK,-63
SCR_046,CAMP_B,2024-01-01,4000,3887,0.97175,ON TRACK,-113
SCR_033,CAMP_B,2024-01-01,4000,4093,1.02325,ON TRACK,93
SCR_032,CAMP_B,2024-01-01,6000,6184,1.0306666666666666,ON TRACK,184
SCR_006,CAMP_B,2024-01-01,4000,3847,0.96175,ON TRACK,-153
SCR_025,CAMP_B,2024-01-01,5000,4886,0.9772,ON TRACK,-114
SCR_008,CAMP_C,2024-01-01,4000,3892,0.973,ON TRACK,-108
SCR_016,CAMP_C,2024-01-01,4000,4098,1.0245,ON TRACK,98
SCR_015,CAMP_C,2024-01-01,6000,5828,0.9713333333333334,ON TRACK,-172
SCR_005,CAMP_C,2024-01-01,6000,5535,0.9225,ON TRACK,-465
SCR_022,CAMP_C,2024-01-01,6000,5780,0.9633333333333334,ON TRACK,-220
SCR_002,CAMP_C,2024-01-01,3000,3113,1.0376666666666667,ON TRACK,113
SCR_038,CAMP_C,2024-01-01,3000,2330,0.7766666666666666,UNDER-DELIVERY,-670
SCR_036,CAMP_C,2024-01-01,3000,2804,0.9346666666666666,ON TRACK,-196
SCR_048,CAMP_C,2024-01-01,6000,5603,0.9338333333333333,ON TRACK,-397
SCR_044,CAMP_C,2024-01-01,6000,6180,1.03,ON TRACK,180
SCR_042,CAMP_C,2024-01-01,6000,6127,1.0211666666666666,ON TRACK,127
SCR_001,CAMP_C,2024-01-01,3000,2639,0.8796666666666667,UNDER-DELIVERY,-361
SCR_047,CAMP_C,2024-01-01,3000,3091,1.0303333333333333,ON TRACK,91
SCR_004,CAMP_C,2024-01-01,4000,3892,0.973,ON TRACK,-108
SCR_040,CAMP_C,2024-01-01,4000,4109,1.02725,ON TRACK,109
SCR_041,CAMP_C,2024-01-01,4000,4152,1.038,ON TRACK,152
SCR_003,CAMP_C,2024-01-01,5000,5060,1.012,ON TRACK,60
SCR_046,CAMP_C,2024-01-01,5000,5172,1.0344,ON TRACK,172
SCR_035,CAMP_C,2024-01-01,6000,5691,0.9485,ON TRACK,-309
SCR_017,CAMP_C,2024-01-01,3000,2941,0.9803333333333333,ON TRACK,-59
SCR_048,CAMP_D,2024-01-01,3000,2893,0.9643333333333334,ON TRACK,-107
SCR_021,CAMP_D,2024-01-01,5000,4682,0.9364,ON TRACK,-318
SCR_004,CAMP_D,2024-01-01,5000,4807,0.9614,ON TRACK,-193
SCR_050,CAMP_D,2024-01-01,5000,5153,1.0306,ON TRACK,153
SCR_038,CAMP_D,2024-01-01,3000,2208,0.736,UNDER-DELIVERY,-792
SCR_031,CAMP_D,2024-01-01,3000,1742,0.5806666666666667,UNDER-DELIVERY,-1258
SCR_033,CAMP_D,2024-01-01,5000,4776,0.9552,ON TRACK,-224
SCR_034,CAMP_D,2024-01-01,3000,2874,0.958,ON TRACK,-126
SCR_011,CAMP_D,2024-01-01,4000,3922,0.9805,ON TRACK,-78
SCR_047,CAMP_D,2024-01-01,5000,5191,1.0382,ON TRACK,191
SCR_044,CAMP_D,2024-01-01,3000,2946,0.982,ON TRACK,-54
SCR_006,CAMP_D,2024-01-01,3000,2782,0.9273333333333333,ON TRACK,-218
SCR_012,CAMP_D,2024-01-01,3000,3019,1.0063333333333333,ON TRACK,19
SCR_005,CAMP_D,2024-01-01,4000,3954,0.9885,ON TRACK,-46
SCR_037,CAMP_D,2024-01-01,5000,4962,0.9924,ON TRACK,-38
SCR_016,CAMP_D,2024-01-01,5000,4713,0.9426,ON TRACK,-287
SCR_026,CAMP_D,2024-01-01,3000,3357,1.119,OVER-DELIVERY,357
SCR_008,CAMP_D,2024-01-01,5000,3133,0.6266,UNDER-DELIVERY,-1867
SCR_035,CAMP_D,2024-01-01,4000,3776,0.944,ON TRACK,-224
SCR_019,CAMP_D,2024-01-01,6000,5793,0.9655,ON TRACK,-207
SCR_001,CAMP_E,2024-01-01,4000,3823,0.95575,ON TRACK,-177
SCR_008,CAMP_E,2024-01-01,6000,6044,1.0073333333333334,ON TRACK,44
SCR_005,CAMP_E,2024-01-01,4000,4147,1.03675,ON TRACK,147
SCR_045,CAMP_E,2024-01-01,4000,3652,0.913,ON TRACK,-348
SCR_010,CAMP_E,2024-01-01,5000,4817,0.9634,ON TRACK,-183
SCR_035,CAMP_E,2024-01-01,4000,4049,1.01225,ON TRACK,49
SCR_003,CAMP_E,2024-01-01,3000,2745,0.915,ON TRACK,-255
SCR_024,CAMP_E,2024-01-01,6000,6096,1.016,ON TRACK,96
SCR_038,CAMP_E,2024-01-01,6000,6100,1.0166666666666666,ON TRACK,100
SCR_036,CAMP_E,2024-01-01,4000,3983,0.99575,ON TRACK,-17
SCR_046,CAMP_E,2024-01-01,6000,6134,1.0223333333333333,ON TRACK,134
SCR_028,CAMP_E,2024-01-01,5000,4881,0.9762,ON TRACK,-119
SCR_009,CAMP_E,2024-01-01,5000,4624,0.9248,ON TRACK,-376
SCR_044,CAMP_E,2024-01-01,5000,5175,1.035,ON TRACK,175
SCR_020,CAMP_E,2024-01-01,5000,3633,0.7266,UNDER-DELIVERY,-1367
SCR_043,CAMP_E,2024-01-01,5000,4753,0.9506,ON TRACK,-247
SCR_037,CAMP_E,2024-01-01,3000,2954,0.9846666666666667,ON TRACK,-46
SCR_023,CAMP_E,2024-01-01,5000,3328,0.6656,UNDER-DELIVERY,-1672
SCR_014,CAMP_E,2024-01-01,4000,3676,0.919,ON TRACK,-324
SCR_022,CAMP_E,2024-01-01,5000,4981,0.9962,ON TRACK,-19
SCR_008,CAMP_A,2024-01-02,5000,5060,1.012,ON TRACK,60
SCR_047,CAMP_A,2024-01-02,5000,4837,0.9674,ON TRACK,-163
SCR_020,CAMP_A,2024-01-02,4000,4052,1.013,ON TRACK,52
SCR_033,CAMP_A,2024-01-02,4000,3787,0.94675,ON TRACK,-213
SCR_048,CAMP_A,2024-01-02,5000,5966,1.1932,OVER-DELIVERY,966
SCR_043,CAMP_A,2024-01-02,4000,3756,0.939,ON TRACK,-244
SCR_027,CAMP_A,2024-01-02,4000,3664,0.916,ON TRACK,-336
SCR_021,CAMP_A,2024-01-02,6000,6059,1.0098333333333334,ON TRACK,59
SCR_026,CAMP_A,2024-01-02,6000,5951,0.9918333333333333,ON TRACK,-49
SCR_019,CAMP_A,2024-01-02,4000,3839,0.95975,ON TRACK,-161
SCR_036,CAMP_A,2024-01-02,6000,5971,0.9951666666666666,ON TRACK,-29
SCR_009,CAMP_A,2024-01-02,3000,3065,1.0216666666666667,ON TRACK,65
SCR_013,CAMP_A,2024-01-02,3000,2815,0.9383333333333334,ON TRACK,-185
SCR_044,CAMP_A,2024-01-02,6000,3568,0.5946666666666667,UNDER-DELIVERY,-2432
SCR_025,CAMP_A,2024-01-02,3000,3042,1.014,ON TRACK,42
SCR_012,CAMP_A,2024-01-02,5000,5129,1.0258,ON TRACK,129
SCR_046,CAMP_A,2024-01-02,6000,5887,0.9811666666666666,ON TRACK,-113
SCR_042,CAMP_A,2024-01-02,4000,3886,0.9715,ON TRACK,-114
SCR_001,CAMP_A,2024-01-02,5000,5095,1.019,ON TRACK,95
SCR_010,CAMP_A,2024-01-02,5000,4888,0.9776,ON TRACK,-112
SCR_041,CAMP_B,2024-01-02,6000,5823,0.9705,ON TRACK,-177
SCR_016,CAMP_B,2024-01-02,3000,2893,0.9643333333333334,ON TRACK,-107
SCR_018,CAMP_B,2024-01-02,3000,3028,1.0093333333333334,ON TRACK,28
SCR_029,CAMP_B,2024-01-02,6000,6195,1.0325,ON TRACK,195
SCR_005,CAMP_B,2024-01-02,5000,5104,1.0208,ON TRACK,104
SCR_019,CAMP_B,2024-01-02,6000,6033,1.0055,ON TRACK,33
SCR_049,CAMP_B,2024-01-02,4000,3781,0.94525,ON TRACK,-219
SCR_048,CAMP_B,2024-01-02,6000,3766,0.6276666666666667,UNDER-DELIVERY,-2234
SCR_022,CAMP_B,2024-01-02,6000,6115,1.0191666666666668,ON TRACK,115
SCR_021,CAMP_B,2024-01-02,4000,3917,0.97925,ON TRACK,-83
SCR_035,CAMP_B,2024-01-02,6000,5977,0.9961666666666666,ON TRACK,-23
SCR_006,CAMP_B,2024-01-02,3000,2782,0.9273333333333333,ON TRACK,-218
SCR_009,CAMP_B,2024-01-02,6000,5662,0.9436666666666667,ON TRACK,-338
SCR_010,CAMP_B,2024-01-02,5000,4762,0.9524,ON TRACK,-238
SCR_015,CAMP_B,2024-01-02,6000,6201,1.0335,ON TRACK,201
SCR_025,CAMP_B,2024-01-02,6000,5523,0.9205,ON TRACK,-477
SCR_037,CAMP_B,2024-01-02,3000,2750,0.9166666666666666,ON TRACK,-250
SCR_014,CAMP_B,2024-01-02,5000,4594,0.9188,ON TRACK,-406
SCR_046,CAMP_B,2024-01-02,3000,3100,1.0333333333333334,ON TRACK,100
SCR_033,CAMP_B,2024-01-02,4000,3963,0.99075,ON TRACK,-37
SCR_016,CAMP_C,2024-01-02,4000,3049,0.76225,UNDER-DELIVERY,-951
SCR_009,CAMP_C,2024-01-02,4000,4672,1.168,OVER-DELIVERY,672
SCR_031,CAMP_C,2024-01-02,3000,2950,0.9833333333333333,ON TRACK,-50
SCR_043,CAMP_C,2024-01-02,3000,2897,0.9656666666666667,ON TRACK,-103
SCR_008,CAMP_C,2024-01-02,5000,3730,0.746,UNDER-DELIVERY,-1270
SCR_037,CAMP_C,2024-01-02,3000,3050,1.0166666666666666,ON TRACK,50
SCR_014,CAMP_C,2024-01-02,3000,2871,0.957,ON TRACK,-129
SCR_030,CAMP_C,2024-01-02,6000,5799,0.9665,ON TRACK,-201
SCR_017,CAMP_C,2024-01-02,5000,5147,1.0294,ON TRACK,147
SCR_024,CAMP_C,2024-01-02,6000,6104,1.0173333333333334,ON TRACK,104
SCR_011,CAMP_C,2024-01-02,5000,4709,0.9418,ON TRACK,-291
SCR_039,CAMP_C,2024-01-02,3000,2905,0.9683333333333334,ON TRACK,-95
SCR_046,CAMP_C,2024-01-02,6000,5981,0.9968333333333333,ON TRACK,-19
SCR_040,CAMP_C,2024-01-02,5000,4116,0.8232,UNDER-DELIVERY,-884
SCR_020,CAMP_C,2024-01-02,4000,3824,0.956,ON TRACK,-176
SCR_007,CAMP_C,2024-01-02,5000,5122,1.0244,ON TRACK,122
SCR_002,CAMP_C,2024-01-02,5000,4885,0.977,ON TRACK,-115
SCR_036,CAMP_C,2024-01-02,4000,4643,1.16075,OVER-DELIVERY,643
SCR_025,CAMP_C,2024-01-02,6000,5647,0.9411666666666667,ON TRACK,-353
SCR_013,CAMP_C,2024-01-02,6000,5842,0.9736666666666667,ON TRACK,-158
SCR_002,CAMP_D,2024-01-02,5000,5018,1.0036,ON TRACK,18
SCR_006,CAMP_D,2024-01-02,5000,5675,1.135,OVER-DELIVERY,675
SCR_019,CAMP_D,2024-01-02,4000,4024,1.006,ON TRACK,24
SCR_015,CAMP_D,2024-01-02,5000,5184,1.0368,ON TRACK,184
SCR_026,CAMP_D,2024-01-02,5000,5091,1.0182,ON TRACK,91
SCR_045,CAMP_D,2024-01-02,5000,4666,0.9332,ON TRACK,-334
SCR_016,CAMP_D,2024-01-02,3000,2779,0.9263333333333333,ON TRACK,-221
SCR_020,CAMP_D,2024-01-02,3000,2945,0.9816666666666667,ON TRACK,-55
SCR_038,CAMP_D,2024-01-02,4000,4031,1.00775,ON TRACK,31
SCR_024,CAMP_D,2024-01-02,3000,2953,0.9843333333333333,ON TRACK,-47
SCR_031,CAMP_D,2024-01-02,6000,5725,0.9541666666666667,ON TRACK,-275
SCR_036,CAMP_D,2024-01-02,3000,3066,1.022,ON TRACK,66
SCR_034,CAMP_D,2024-01-02,3000,2886,0.962,ON TRACK,-114
SCR_023,CAMP_D,2024-01-02,3000,2997,0.999,ON TRACK,-3
SCR_028,CAMP_D,2024-01-02,4000,3932,0.983,ON TRACK,-68
SCR_022,CAMP_D,2024-01-02,5000,5473,1.0946,OVER-DELIVERY,473
SCR_037,CAMP_D,2024-01-02,6000,6076,1.0126666666666666,ON TRACK,76
SCR_030,CAMP_D,2024-01-02,4000,3837,0.95925,ON TRACK,-163
SCR_018,CAMP_D,2024-01-02,6000,5919,0.9865,ON TRACK,-81
SCR_010,CAMP_D,2024-01-02,6000,5944,0.9906666666666667,ON TRACK,-56
SCR_040,CAMP_E,2024-01-02,3000,3005,1.0016666666666667,ON TRACK,5
SCR_048,CAMP_E,2024-01-02,6000,3532,0.5886666666666667,UNDER-DELIVERY,-2468
SCR_007,CAMP_E,2024-01-02,5000,4956,0.9912,ON TRACK,-44
SCR_014,CAMP_E,2024-01-02,4000,3923,0.98075,ON TRACK,-77
SCR_041,CAMP_E,2024-01-02,4000,4069,1.01725,ON TRACK,69
SCR_047,CAMP_E,2024-01-02,3000,2403,0.801,UNDER-DELIVERY,-597
SCR_017,CAMP_E,2024-01-02,5000,4854,0.9708,ON TRACK,-146
SCR_043,CAMP_E,2024-01-02,5000,5162,1.0324,ON TRACK,162
SCR_006,CAMP_E,2024-01-02,6000,5926,0.9876666666666667,ON TRACK,-74
SCR_011,CAMP_E,2024-01-02,6000,5930,0.9883333333333333,ON TRACK,-70
SCR_016,CAMP_E,2024-01-02,3000,3584,1.1946666666666668,OVER-DELIVERY,584
SCR_012,CAMP_E,2024-01-02,3000,2992,0.9973333333333333,ON TRACK,-8
SCR_036,CAMP_E,2024-01-02,5000,5046,1.0092,ON TRACK,46
SCR_005,CAMP_E,2024-01-02,4000,3978,0.9945,ON TRACK,-22
SCR_046,CAMP_E,2024-01-02,5000,4930,0.986,ON TRACK,-70
SCR_001,CAMP_E,2024-01-02,6000,5826,0.971,ON TRACK,-174
SCR_027,CAMP_E,2024-01-02,6000,5982,0.997,ON TRACK,-18
SCR_029,CAMP_E,2024-01-02,4000,4000,1.0,ON TRACK,0
SCR_031,CAMP_E,2024-01-02,5000,4810,0.962,ON TRACK,-190
SCR_010,CAMP_E,2024-01-02,3000,2852,0.9506666666666667,ON TRACK,-148
SCR_021,CAMP_A,2024-01-03,5000,5003,1.0006,ON TRACK,3
SCR_008,CAMP_A,2024-01-03,3000,2218,0.7393333333333333,UNDER-DELIVERY,-782
SCR_026,CAMP_A,2024-01-03,4000,3801,0.95025,ON TRACK,-199
SCR_033,CAMP_A,2024-01-03,3000,2766,0.922,ON TRACK,-234
SCR_001,CAMP_A,2024-01-03,3000,2775,0.925,ON TRACK,-225
SCR_043,CAMP_A,2024-01-03,4000,4012,1.003,ON TRACK,12
SCR_035,CAMP_A,2024-01-03,5000,4863,0.9726,ON TRACK,-137
SCR_030,CAMP_A,2024-01-03,6000,5889,0.9815,ON TRACK,-111
SCR_027,CAMP_A,2024-01-03,6000,5927,0.9878333333333333,ON TRACK,-73
SCR_004,CAMP_A,2024-01-03,4000,3783,0.94575,ON TRACK,-217
SCR_013,CAMP_A,2024-01-03,6000,6074,1.0123333333333333,ON TRACK,74
SCR_034,CAMP_A,2024-01-03,5000,4733,0.9466,ON TRACK,-267
SCR_024,CAMP_A,2024-01-03,5000,4926,0.9852,ON TRACK,-74
SCR_032,CAMP_A,2024-01-03,6000,5808,0.968,ON TRACK,-192
SCR_029,CAMP_A,2024-01-03,6000,5890,0.9816666666666667,ON TRACK,-110
SCR_041,CAMP_A,2024-01-03,6000,5710,0.9516666666666667,ON TRACK,-290
SCR_014,CAMP_A,2024-01-03,4000,3764,0.941,ON TRACK,-236
SCR_018,CAMP_A,2024-01-03,6000,6064,1.0106666666666666,ON TRACK,64
SCR_009,CAMP_A,2024-01-03,3000,2914,0.9713333333333334,ON TRACK,-86
SCR_045,CAMP_A,2024-01-03,6000,5977,0.9961666666666666,ON TRACK,-23
SCR_042,CAMP_B,2024-01-03,5000,5000,1.0,ON TRACK,0
SCR_010,CAMP_B,2024-01-03,3000,3062,1.0206666666666666,ON TRACK,62
SCR_032,CAMP_B,2024-01-03,6000,5948,0.9913333333333333,ON TRACK,-52
SCR_003,CAMP_B,2024-01-03,6000,5488,0.9146666666666666,ON TRACK,-512
SCR_009,CAMP_B,2024-01-03,3000,2996,0.9986666666666667,ON TRACK,-4
SCR_033,CAMP_B,2024-01-03,5000,5035,1.007,ON TRACK,35
SCR_038,CAMP_B,2024-01-03,6000,6053,1.0088333333333332,ON TRACK,53
SCR_022,CAMP_B,2024-01-03,3000,3000,1.0,ON TRACK,0
SCR_007,CAMP_B,2024-01-03,3000,2407,0.8023333333333333,UNDER-DELIVERY,-593
SCR_029,CAMP_B,2024-01-03,5000,4829,0.9658,ON TRACK,-171
SCR_050,CAMP_B,2024-01-03,4000,3934,0.9835,ON TRACK,-66
SCR_034,CAMP_B,2024-01-03,4000,3681,0.92025,ON TRACK,-319
SCR_030,CAMP_B,2024-01-03,6000,5647,0.9411666666666667,ON TRACK,-353
SCR_001,CAMP_B,2024-01-03,4000,3971,0.99275,ON TRACK,-29
SCR_049,CAMP_B,2024-01-03,6000,5467,0.9111666666666667,ON TRACK,-533
SCR_027,CAMP_B,2024-01-03,6000,5988,0.998,ON TRACK,-12
SCR_036,CAMP_B,2024-01-03,4000,3436,0.859,UNDER-DELIVERY,-564
SCR_005,CAMP_B,2024-01-03,5000,4825,0.965,ON TRACK,-175
SCR_031,CAMP_B,2024-01-03,5000,4746,0.9492,ON TRACK,-254
SCR_026,CAMP_B,2024-01-03,6000,5543,0.9238333333333333,ON TRACK,-457
SCR_025,CAMP_C,2024-01-03,5000,5018,1.0036,ON TRACK,18
SCR_037,CAMP_C,2024-01-03,4000,4109,1.02725,ON TRACK,109
SCR_023,CAMP_C,2024-01-03,3000,2901,0.967,ON TRACK,-99
SCR_049,CAMP_C,2024-01-03,5000,4608,0.9216,ON TRACK,-392
SCR_019,CAMP_C,2024-01-03,5000,4820,0.964,ON TRACK,-180
SCR_045,CAMP_C,2024-01-03,4000,3920,0.98,ON TRACK,-80
SCR_046,CAMP_C,2024-01-03,5000,5143,1.0286,ON TRACK,143
SCR_002,CAMP_C,2024-01-03,4000,4068,1.017,ON TRACK,68
SCR_026,CAMP_C,2024-01-03,6000,5690,0.9483333333333334,ON TRACK,-310
SCR_018,CAMP_C,2024-01-03,5000,4854,0.9708,ON TRACK,-146
SCR_001,CAMP_C,2024-01-03,3000,3106,1.0353333333333334,ON TRACK,106
SCR_047,CAMP_C,2024-01-03,6000,6087,1.0145,ON TRACK,87
SCR_004,CAMP_C,2024-01-03,5000,5576,1.1152,OVER-DELIVERY,576
SCR_032,CAMP_C,2024-01-03,5000,4845,0.969,ON TRACK,-155
SCR_044,CAMP_C,2024-01-03,5000,5084,1.0168,ON TRACK,84
SCR_015,CAMP_C,2024-01-03,5000,5463,1.0926,OVER-DELIVERY,463
SCR_048,CAMP_C,2024-01-03,3000,3097,1.0323333333333333,ON TRACK,97
SCR_035,CAMP_C,2024-01-03,5000,4693,0.9386,ON TRACK,-307
SCR_013,CAMP_C,2024-01-03,3000,2911,0.9703333333333334,ON TRACK,-89
SCR_020,CAMP_C,2024-01-03,5000,4625,0.925,ON TRACK,-375
SCR_003,CAMP_D,2024-01-03,5000,3204,0.6408,UNDER-DELIVERY,-1796
SCR_050,CAMP_D,2024-01-03,6000,5644,0.9406666666666667,ON TRACK,-356
SCR_020,CAMP_D,2024-01-03,5000,5779,1.1558,OVER-DELIVERY,779
SCR_032,CAMP_D,2024-01-03,5000,3024,0.6048,UNDER-DELIVERY,-1976
SCR_008,CAMP_D,2024-01-03,3000,3051,1.017,ON TRACK,51
SCR_007,CAMP_D,2024-01-03,3000,2980,0.9933333333333333,ON TRACK,-20
SCR_016,CAMP_D,2024-01-03,3000,1880,0.6266666666666667,UNDER-DELIVERY,-1120
SCR_035,CAMP_D,2024-01-03,4000,3746,0.9365,ON TRACK,-254
SCR_009,CAMP_D,2024-01-03,4000,4062,1.0155,ON TRACK,62
SCR_025,CAMP_D,2024-01-03,4000,3716,0.929,ON TRACK,-284
SCR_030,CAMP_D,2024-01-03,3000,3113,1.0376666666666667,ON TRACK,113
SCR_024,CAMP_D,2024-01-03,4000,4055,1.01375,ON TRACK,55
SCR_043,CAMP_D,2024-01-03,3000,2740,0.9133333333333333,ON TRACK,-260
SCR_027,CAMP_D,2024-01-03,3000,3037,1.0123333333333333,ON TRACK,37
SCR_010,CAMP_D,2024-01-03,5000,3004,0.6008,UNDER-DELIVERY,-1996
SCR_037,CAMP_D,2024-01-03,4000,3913,0.97825,ON TRACK,-87
SCR_045,CAMP_D,2024-01-03,3000,3033,1.011,ON TRACK,33
SCR_047,CAMP_D,2024-01-03,3000,2816,0.9386666666666666,ON TRACK,-184
SCR_038,CAMP_D,2024-01-03,3000,3084,1.028,ON TRACK,84
SCR_031,CAMP_D,2024-01-03,5000,5176,1.0352,ON TRACK,176
SCR_004,CAMP_E,2024-01-03,6000,6949,1.1581666666666666,OVER-DELIVERY,949
SCR_031,CAMP_E,2024-01-03,4000,4101,1.02525,ON TRACK,101
SCR_026,CAMP_E,2024-01-03,6000,5813,0.9688333333333333,ON TRACK,-187
SCR_028,CAMP_E,2024-01-03,6000,5703,0.9505,ON TRACK,-297
SCR_044,CAMP_E,2024-01-03,5000,4793,0.9586,ON TRACK,-207
SCR_007,CAMP_E,2024-01-03,4000,3886,0.9715,ON TRACK,-114
SCR_032,CAMP_E,2024-01-03,3000,2766,0.922,ON TRACK,-234
SCR_029,CAMP_E,2024-01-03,3000,2875,0.9583333333333334,ON TRACK,-125
SCR_005,CAMP_E,2024-01-03,4000,3944,0.986,ON TRACK,-56
SCR_006,CAMP_E,2024-01-03,5000,4817,0.9634,ON TRACK,-183
SCR_021,CAMP_E,2024-01-03,6000,6022,1.0036666666666667,ON TRACK,22
SCR_039,CAMP_E,2024-01-03,5000,4778,0.9556,ON TRACK,-222
SCR_010,CAMP_E,2024-01-03,4000,3890,0.9725,ON TRACK,-110
SCR_042,CAMP_E,2024-01-03,3000,2946,0.982,ON TRACK,-54
SCR_009,CAMP_E,2024-01-03,3000,2953,0.9843333333333333,ON TRACK,-47
SCR_018,CAMP_E,2024-01-03,6000,6220,1.0366666666666666,ON TRACK,220
SCR_040,CAMP_E,2024-01-03,3000,2986,0.9953333333333333,ON TRACK,-14
SCR_025,CAMP_E,2024-01-03,5000,3019,0.6038,UNDER-DELIVERY,-1981
SCR_019,CAMP_E,2024-01-03,5000,4778,0.9556,ON TRACK,-222
SCR_015,CAMP_E,2024-01-03,4000,3934,0.9835,ON TRACK,-66
SCR_026,CAMP_A,2024-01-04,3000,2836,0.9453333333333334,ON TRACK,-164
SCR_005,CAMP_A,2024-01-04,6000,5804,0.9673333333333334,ON TRACK,-196
SCR_010,CAMP_A,2024-01-04,5000,4883,0.9766,ON TRACK,-117
SCR_041,CAMP_A,2024-01-04,5000,4734,0.9468,ON TRACK,-266
SCR_002,CAMP_A,2024-01-04,6000,5700,0.95,ON TRACK,-300
SCR_006,CAMP_A,2024-01-04,4000,3951,0.98775,ON TRACK,-49
SCR_034,CAMP_A,2024-01-04,3000,3098,1.0326666666666666,ON TRACK,98
SCR_014,CAMP_A,2024-01-04,4000,3790,0.9475,ON TRACK,-210
SCR_025,CAMP_A,2024-01-04,3000,2351,0.7836666666666666,UNDER-DELIVERY,-649
SCR_027,CAMP_A,2024-01-04,4000,3916,0.979,ON TRACK,-84
SCR_030,CAMP_A,2024-01-04,4000,4073,1.01825,ON TRACK,73
SCR_022,CAMP_A,2024-01-04,5000,4137,0.8274,UNDER-DELIVERY,-863
SCR_011,CAMP_A,2024-01-04,3000,2909,0.9696666666666667,ON TRACK,-91
SCR_024,CAMP_A,2024-01-04,3000,2954,0.9846666666666667,ON TRACK,-46
SCR_020,CAMP_A,2024-01-04,6000,5785,0.9641666666666666,ON TRACK,-215
SCR_021,CAMP_A,2024-01-04,3000,3106,1.0353333333333334,ON TRACK,106
SCR_045,CAMP_A,2024-01-04,4000,3961,0.99025,ON TRACK,-39
SCR_004,CAMP_A,2024-01-04,5000,5891,1.1782,OVER-DELIVERY,891
SCR_048,CAMP_A,2024-01-04,4000,3848,0.962,ON TRACK,-152
SCR_044,CAMP_A,2024-01-04,3000,2851,0.9503333333333334,ON TRACK,-149
SCR_022,CAMP_B,2024-01-04,4000,3980,0.995,ON TRACK,-20
SCR_015,CAMP_B,2024-01-04,4000,3966,0.9915,ON TRACK,-34
SCR_050,CAMP_B,2024-01-04,6000,6052,1.0086666666666666,ON TRACK,52
SCR_011,CAMP_B,2024-01-04,6000,6147,1.0245,ON TRACK,147
SCR_005,CAMP_B,2024-01-04,5000,4957,0.9914,ON TRACK,-43
SCR_033,CAMP_B,2024-01-04,4000,3883,0.97075,ON TRACK,-117
SCR_041,CAMP_B,2024-01-04,5000,4934,0.9868,ON TRACK,-66
SCR_008,CAMP_B,2024-01-04,5000,4751,0.9502,ON TRACK,-249
SCR_034,CAMP_B,2024-01-04,6000,3840,0.64,UNDER-DELIVERY,-2160
SCR_045,CAMP_B,2024-01-04,5000,4142,0.8284,UNDER-DELIVERY,-858
SCR_013,CAMP_B,2024-01-04,3000,2927,0.9756666666666667,ON TRACK,-73
SCR_023,CAMP_B,2024-01-04,6000,6204,1.034,ON TRACK,204
SCR_039,CAMP_B,2024-01-04,3000,3045,1.015,ON TRACK,45
SCR_010,CAMP_B,2024-01-04,4000,3887,0.97175,ON TRACK,-113
SCR_016,CAMP_B,2024-01-04,4000,3874,0.9685,ON TRACK,-126
SCR_007,CAMP_B,2024-01-04,5000,4604,0.9208,ON TRACK,-396
SCR_037,CAMP_B,2024-01-04,4000,3075,0.76875,UNDER-DELIVERY,-925
SCR_017,CAMP_B,2024-01-04,6000,5935,0.9891666666666666,ON TRACK,-65
SCR_040,CAMP_B,2024-01-04,5000,4733,0.9466,ON TRACK,-267
SCR_006,CAMP_B,2024-01-04,6000,5989,0.9981666666666666,ON TRACK,-11
SCR_004,CAMP_C,2024-01-04,3000,2876,0.9586666666666667,ON TRACK,-124
SCR_041,CAMP_C,2024-01-04,5000,4985,0.997,ON TRACK,-15
SCR_042,CAMP_C,2024-01-04,3000,2895,0.965,ON TRACK,-105
SCR_022,CAMP_C,2024-01-04,5000,3086,0.6172,UNDER-DELIVERY,-1914
SCR_005,CAMP_C,2024-01-04,4000,4038,1.0095,ON TRACK,38
SCR_047,CAMP_C,2024-01-04,4000,3711,0.92775,ON TRACK,-289
SCR_007,CAMP_C,2024-01-04,3000,3037,1.0123333333333333,ON TRACK,37
SCR_036,CAMP_C,2024-01-04,3000,3071,1.0236666666666667,ON TRACK,71
SCR_025,CAMP_C,2024-01-04,4000,3720,0.93,ON TRACK,-280
SCR_019,CAMP_C,2024-01-04,4000,4040,1.01,ON TRACK,40
SCR_017,CAMP_C,2024-01-04,4000,3662,0.9155,ON TRACK,-338
SCR_039,CAMP_C,2024-01-04,5000,4704,0.9408,ON TRACK,-296
SCR_010,CAMP_C,2024-01-04,6000,6046,1.0076666666666667,ON TRACK,46
SCR_045,CAMP_C,2024-01-04,6000,5646,0.941,ON TRACK,-354
SCR_006,CAMP_C,2024-01-04,6000,5611,0.9351666666666667,ON TRACK,-389
SCR_038,CAMP_C,2024-01-04,6000,5679,0.9465,ON TRACK,-321
SCR_023,CAMP_C,2024-01-04,6000,5786,0.9643333333333334,ON TRACK,-214
SCR_020,CAMP_C,2024-01-04,4000,4056,1.014,ON TRACK,56
SCR_026,CAMP_C,2024-01-04,4000,3667,0.91675,ON TRACK,-333
SCR_046,CAMP_C,2024-01-04,6000,5892,0.982,ON TRACK,-108
SCR_007,CAMP_D,2024-01-04,5000,5196,1.0392,ON TRACK,196
SCR_046,CAMP_D,2024-01-04,5000,4757,0.9514,ON TRACK,-243
SCR_034,CAMP_D,2024-01-04,3000,2983,0.9943333333333333,ON TRACK,-17
SCR_008,CAMP_D,2024-01-04,4000,3789,0.94725,ON TRACK,-211
SCR_019,CAMP_D,2024-01-04,6000,5568,0.928,ON TRACK,-432
SCR_006,CAMP_D,2024-01-04,6000,5464,0.9106666666666666,ON TRACK,-536
SCR_011,CAMP_D,2024-01-04,3000,1745,0.5816666666666667,UNDER-DELIVERY,-1255
SCR_018,CAMP_D,2024-01-04,4000,4018,1.0045,ON TRACK,18
SCR_029,CAMP_D,2024-01-04,6000,6602,1.1003333333333334,OVER-DELIVERY,602
SCR_033,CAMP_D,2024-01-04,5000,4704,0.9408,ON TRACK,-296
SCR_010,CAMP_D,2024-01-04,6000,4907,0.8178333333333333,UNDER-DELIVERY,-1093
SCR_028,CAMP_D,2024-01-04,6000,5472,0.912,ON TRACK,-528
SCR_045,CAMP_D,2024-01-04,4000,3791,0.94775,ON TRACK,-209
SCR_015,CAMP_D,2024-01-04,3000,2823,0.941,ON TRACK,-177
SCR_042,CAMP_D,2024-01-04,6000,5981,0.9968333333333333,ON TRACK,-19
SCR_023,CAMP_D,2024-01-04,5000,3499,0.6998,UNDER-DELIVERY,-1501
SCR_002,CAMP_D,2024-01-04,3000,2913,0.971,ON TRACK,-87
SCR_027,CAMP_D,2024-01-04,6000,5657,0.9428333333333333,ON TRACK,-343
SCR_004,CAMP_D,2024-01-04,3000,2756,0.9186666666666666,ON TRACK,-244
SCR_013,CAMP_D,2024-01-04,4000,3966,0.9915,ON TRACK,-34
SCR_050,CAMP_E,2024-01-04,4000,3804,0.951,ON TRACK,-196
SCR_038,CAMP_E,2024-01-04,5000,5192,1.0384,ON TRACK,192
SCR_048,CAMP_E,2024-01-04,6000,6047,1.0078333333333334,ON TRACK,47
SCR_022,CAMP_E,2024-01-04,4000,4088,1.022,ON TRACK,88
SCR_009,CAMP_E,2024-01-04,3000,2859,0.953,ON TRACK,-141
SCR_003,CAMP_E,2024-01-04,3000,2900,0.9666666666666667,ON TRACK,-100
SCR_023,CAMP_E,2024-01-04,6000,6157,1.0261666666666667,ON TRACK,157
SCR_035,CAMP_E,2024-01-04,6000,5605,0.9341666666666667,ON TRACK,-395
SCR_047,CAMP_E,2024-01-04,6000,6081,1.0135,ON TRACK,81
SCR_012,CAMP_E,2024-01-04,5000,5022,1.0044,ON TRACK,22
SCR_030,CAMP_E,2024-01-04,3000,3118,1.0393333333333334,ON TRACK,118
SCR_031,CAMP_E,2024-01-04,4000,3807,0.95175,ON TRACK,-193
SCR_041,CAMP_E,2024-01-04,3000,2845,0.9483333333333334,ON TRACK,-155
SCR_046,CAMP_E,2024-01-04,6000,5792,0.9653333333333334,ON TRACK,-208
SCR_005,CAMP_E,2024-01-04,6000,5493,0.9155,ON TRACK,-507
SCR_040,CAMP_E,2024-01-04,5000,4832,0.9664,ON TRACK,-168
SCR_045,CAMP_E,2024-01-04,3000,2226,0.742,UNDER-DELIVERY,-774
SCR_019,CAMP_E,2024-01-04,5000,5037,1.0074,ON TRACK,37
SCR_013,CAMP_E,2024-01-04,4000,3714,0.9285,ON TRACK,-286
SCR_002,CAMP_E,2024-01-04,6000,3153,0.5255,UNDER-DELIVERY,-2847
SCR_050,CAMP_A,2024-01-05,5000,4623,0.9246,ON TRACK,-377
SCR_042,CAMP_A,2024-01-05,4000,3841,0.96025,ON TRACK,-159
SCR_024,CAMP_A,2024-01-05,3000,2831,0.9436666666666667,ON TRACK,-169
SCR_048,CAMP_A,2024-01-05,6000,5937,0.9895,ON TRACK,-63
SCR_025,CAMP_A,2024-01-05,6000,5565,0.9275,ON TRACK,-435
SCR_037,CAMP_A,2024-01-05,3000,3080,1.0266666666666666,ON TRACK,80
SCR_003,CAMP_A,2024-01-05,6000,6092,1.0153333333333334,ON TRACK,92
SCR_039,CAMP_A,2024-01-05,5000,5011,1.0022,ON TRACK,11
SCR_010,CAMP_A,2024-01-05,5000,5103,1.0206,ON TRACK,103
SCR_029,CAMP_A,2024-01-05,4000,3904,0.976,ON TRACK,-96
SCR_047,CAMP_A,2024-01-05,3000,3038,1.0126666666666666,ON TRACK,38
SCR_040,CAMP_A,2024-01-05,4000,3653,0.91325,ON TRACK,-347
SCR_041,CAMP_A,2024-01-05,5000,5188,1.0376,ON TRACK,188
SCR_005,CAMP_A,2024-01-05,4000,3684,0.921,ON TRACK,-316
SCR_009,CAMP_A,2024-01-05,5000,5016,1.0032,ON TRACK,16
SCR_034,CAMP_A,2024-01-05,6000,6059,1.0098333333333334,ON TRACK,59
SCR_043,CAMP_A,2024-01-05,3000,2853,0.951,ON TRACK,-147
SCR_026,CAMP_A,2024-01-05,3000,2995,0.9983333333333333,ON TRACK,-5
SCR_021,CAMP_A,2024-01-05,5000,5088,1.0176,ON TRACK,88
SCR_032,CAMP_A,2024-01-05,4000,3707,0.92675,ON TRACK,-293
SCR_033,CAMP_B,2024-01-05,3000,2795,0.9316666666666666,ON TRACK,-205
SCR_004,CAMP_B,2024-01-05,4000,3964,0.991,ON TRACK,-36
SCR_008,CAMP_B,2024-01-05,5000,4916,0.9832,ON TRACK,-84
SCR_034,CAMP_B,2024-01-05,3000,3578,1.1926666666666668,OVER-DELIVERY,578
SCR_010,CAMP_B,2024-01-05,5000,5048,1.0096,ON TRACK,48
SCR_020,CAMP_B,2024-01-05,6000,5483,0.9138333333333334,ON TRACK,-517
SCR_011,CAMP_B,2024-01-05,5000,4746,0.9492,ON TRACK,-254
SCR_044,CAMP_B,2024-01-05,4000,3996,0.999,ON TRACK,-4
SCR_021,CAMP_B,2024-01-05,5000,4997,0.9994,ON TRACK,-3
SCR_015,CAMP_B,2024-01-05,4000,3891,0.97275,ON TRACK,-109
SCR_023,CAMP_B,2024-01-05,4000,3714,0.9285,ON TRACK,-286
SCR_047,CAMP_B,2024-01-05,5000,5109,1.0218,ON TRACK,109
SCR_019,CAMP_B,2024-01-05,6000,5749,0.9581666666666667,ON TRACK,-251
SCR_006,CAMP_B,2024-01-05,3000,2911,0.9703333333333334,ON TRACK,-89
SCR_017,CAMP_B,2024-01-05,5000,4641,0.9282,ON TRACK,-359
SCR_013,CAMP_B,2024-01-05,3000,2879,0.9596666666666667,ON TRACK,-121
SCR_018,CAMP_B,2024-01-05,6000,6134,1.0223333333333333,ON TRACK,134
SCR_009,CAMP_B,2024-01-05,4000,4125,1.03125,ON TRACK,125
SCR_045,CAMP_B,2024-01-05,5000,4653,0.9306,ON TRACK,-347
SCR_032,CAMP_B,2024-01-05,6000,5700,0.95,ON TRACK,-300
SCR_002,CAMP_C,2024-01-05,5000,5046,1.0092,ON TRACK,46
SCR_006,CAMP_C,2024-01-05,5000,2597,0.5194,UNDER-DELIVERY,-2403
SCR_026,CAMP_C,2024-01-05,4000,3790,0.9475,ON TRACK,-210
SCR_033,CAMP_C,2024-01-05,6000,6056,1.0093333333333334,ON TRACK,56
SCR_030,CAMP_C,2024-01-05,5000,4955,0.991,ON TRACK,-45
SCR_016,CAMP_C,2024-01-05,3000,2767,0.9223333333333333,ON TRACK,-233
SCR_014,CAMP_C,2024-01-05,5000,4770,0.954,ON TRACK,-230
SCR_038,CAMP_C,2024-01-05,5000,4679,0.9358,ON TRACK,-321
SCR_023,CAMP_C,2024-01-05,6000,5495,0.9158333333333334,ON TRACK,-505
SCR_004,CAMP_C,2024-01-05,4000,4058,1.0145,ON TRACK,58
SCR_041,CAMP_C,2024-01-05,6000,6156,1.026,ON TRACK,156
SCR_019,CAMP_C,2024-01-05,4000,3958,0.9895,ON TRACK,-42
SCR_032,CAMP_C,2024-01-05,4000,3960,0.99,ON TRACK,-40
SCR_031,CAMP_C,2024-01-05,5000,4879,0.9758,ON TRACK,-121
SCR_039,CAMP_C,2024-01-05,6000,5693,0.9488333333333333,ON TRACK,-307
SCR_035,CAMP_C,2024-01-05,3000,2992,0.9973333333333333,ON TRACK,-8
SCR_001,CAMP_C,2024-01-05,6000,6081,1.0135,ON TRACK,81
SCR_007,CAMP_C,2024-01-05,3000,2833,0.9443333333333334,ON TRACK,-167
SCR_028,CAMP_C,2024-01-05,4000,3943,0.98575,ON TRACK,-57
SCR_005,CAMP_C,2024-01-05,4000,4015,1.00375,ON TRACK,15
SCR_050,CAMP_D,2024-01-05,3000,2932,0.9773333333333334,ON TRACK,-68
SCR_025,CAMP_D,2024-01-05,5000,4860,0.972,ON TRACK,-140
SCR_010,CAMP_D,2024-01-05,6000,5595,0.9325,ON TRACK,-405
SCR_044,CAMP_D,2024-01-05,5000,4989,0.9978,ON TRACK,-11
SCR_016,CAMP_D,2024-01-05,5000,4674,0.9348,ON TRACK,-326
SCR_003,CAMP_D,2024-01-05,4000,3795,0.94875,ON TRACK,-205
SCR_037,CAMP_D,2024-01-05,5000,5008,1.0016,ON TRACK,8
SCR_008,CAMP_D,2024-01-05,6000,5732,0.9553333333333334,ON TRACK,-268
SCR_013,CAMP_D,2024-01-05,5000,4922,0.9844,ON TRACK,-78
SCR_002,CAMP_D,2024-01-05,6000,5767,0.9611666666666666,ON TRACK,-233
SCR_029,CAMP_D,2024-01-05,5000,5073,1.0146,ON TRACK,73
SCR_021,CAMP_D,2024-01-05,5000,4315,0.863,UNDER-DELIVERY,-685
SCR_027,CAMP_D,2024-01-05,3000,2902,0.9673333333333334,ON TRACK,-98
SCR_048,CAMP_D,2024-01-05,5000,4689,0.9378,ON TRACK,-311
SCR_038,CAMP_D,2024-01-05,5000,5002,1.0004,ON TRACK,2
SCR_014,CAMP_D,2024-01-05,4000,4654,1.1635,OVER-DELIVERY,654
SCR_036,CAMP_D,2024-01-05,4000,3988,0.997,ON TRACK,-12
SCR_033,CAMP_D,2024-01-05,4000,3667,0.91675,ON TRACK,-333
SCR_031,CAMP_D,2024-01-05,6000,5828,0.9713333333333334,ON TRACK,-172
SCR_028,CAMP_D,2024-01-05,4000,2836,0.709,UNDER-DELIVERY,-1164
SCR_011,CAMP_E,2024-01-05,3000,2884,0.9613333333333334,ON TRACK,-116
SCR_027,CAMP_E,2024-01-05,6000,6044,1.0073333333333334,ON TRACK,44
SCR_042,CAMP_E,2024-01-05,5000,4556,0.9112,ON TRACK,-444
SCR_031,CAMP_E,2024-01-05,3000,2860,0.9533333333333334,ON TRACK,-140
SCR_047,CAMP_E,2024-01-05,6000,5883,0.9805,ON TRACK,-117
SCR_048,CAMP_E,2024-01-05,6000,5564,0.9273333333333333,ON TRACK,-436
SCR_013,CAMP_E,2024-01-05,6000,6090,1.015,ON TRACK,90
SCR_019,CAMP_E,2024-01-05,5000,4848,0.9696,ON TRACK,-152
SCR_021,CAMP_E,2024-01-05,5000,4559,0.9118,ON TRACK,-441
SCR_043,CAMP_E,2024-01-05,5000,4919,0.9838,ON TRACK,-81
SCR_004,CAMP_E,2024-01-05,4000,4085,1.02125,ON TRACK,85
SCR_006,CAMP_E,2024-01-05,6000,5861,0.9768333333333333,ON TRACK,-139
SCR_037,CAMP_E,2024-01-05,3000,2767,0.9223333333333333,ON TRACK,-233
SCR_015,CAMP_E,2024-01-05,4000,4126,1.0315,ON TRACK,126
SCR_035,CAMP_E,2024-01-05,3000,2821,0.9403333333333334,ON TRACK,-179
SCR_003,CAMP_E,2024-01-05,5000,4746,0.9492,ON TRACK,-254
SCR_012,CAMP_E,2024-01-05,3000,2870,0.9566666666666667,ON TRACK,-130
SCR_049,CAMP_E,2024-01-05,4000,2179,0.54475,UNDER-DELIVERY,-1821
SCR_034,CAMP_E,2024-01-05,5000,4995,0.999,ON TRACK,-5
SCR_030,CAMP_E,2024-01-05,5000,4965,0.993,ON TRACK,-35
SCR_019,CAMP_A,2024-01-06,5000,3571,0.7142,UNDER-DELIVERY,-1429
SCR_024,CAMP_A,2024-01-06,3000,3082,1.0273333333333334,ON TRACK,82
SCR_040,CAMP_A,2024-01-06,4000,3717,0.92925,ON TRACK,-283
SCR_015,CAMP_A,2024-01-06,5000,4837,0.9674,ON TRACK,-163
SCR_047,CAMP_A,2024-01-06,4000,3894,0.9735,ON TRACK,-106
SCR_009,CAMP_A,2024-01-06,6000,5813,0.9688333333333333,ON TRACK,-187
SCR_031,CAMP_A,2024-01-06,6000,5505,0.9175,ON TRACK,-495
SCR_010,CAMP_A,2024-01-06,6000,5700,0.95,ON TRACK,-300
SCR_030,CAMP_A,2024-01-06,3000,3048,1.016,ON TRACK,48
SCR_039,CAMP_A,2024-01-06,4000,3663,0.91575,ON TRACK,-337
SCR_049,CAMP_A,2024-01-06,5000,4901,0.9802,ON TRACK,-99
SCR_027,CAMP_A,2024-01-06,3000,2756,0.9186666666666666,ON TRACK,-244
SCR_036,CAMP_A,2024-01-06,6000,3932,0.6553333333333333,UNDER-DELIVERY,-2068
SCR_044,CAMP_A,2024-01-06,4000,4148,1.037,ON TRACK,148
SCR_035,CAMP_A,2024-01-06,6000,6155,1.0258333333333334,ON TRACK,155
SCR_014,CAMP_A,2024-01-06,6000,6167,1.0278333333333334,ON TRACK,167
SCR_016,CAMP_A,2024-01-06,6000,7169,1.1948333333333334,OVER-DELIVERY,1169
SCR_006,CAMP_A,2024-01-06,4000,3820,0.955,ON TRACK,-180
SCR_029,CAMP_A,2024-01-06,4000,3844,0.961,ON TRACK,-156
SCR_017,CAMP_A,2024-01-06,4000,3755,0.93875,ON TRACK,-245
SCR_001,CAMP_B,2024-01-06,6000,6190,1.0316666666666667,ON TRACK,190
SCR_049,CAMP_B,2024-01-06,3000,2756,0.9186666666666666,ON TRACK,-244
SCR_002,CAMP_B,2024-01-06,3000,2992,0.9973333333333333,ON TRACK,-8
SCR_020,CAMP_B,2024-01-06,3000,2747,0.9156666666666666,ON TRACK,-253
SCR_030,CAMP_B,2024-01-06,6000,5629,0.9381666666666667,ON TRACK,-371
SCR_044,CAMP_B,2024-01-06,3000,3117,1.039,ON TRACK,117
SCR_035,CAMP_B,2024-01-06,4000,4020,1.005,ON TRACK,20
SCR_028,CAMP_B,2024-01-06,5000,5052,1.0104,ON TRACK,52
SCR_045,CAMP_B,2024-01-06,5000,5119,1.0238,ON TRACK,119
SCR_025,CAMP_B,2024-01-06,4000,3783,0.94575,ON TRACK,-217
SCR_015,CAMP_B,2024-01-06,4000,3862,0.9655,ON TRACK,-138
SCR_016,CAMP_B,2024-01-06,6000,3785,0.6308333333333334,UNDER-DELIVERY,-2215
SCR_046,CAMP_B,2024-01-06,6000,5708,0.9513333333333334,ON TRACK,-292
SCR_023,CAMP_B,2024-01-06,6000,5693,0.9488333333333333,ON TRACK,-307
SCR_010,CAMP_B,2024-01-06,4000,3886,0.9715,ON TRACK,-114
SCR_018,CAMP_B,2024-01-06,4000,4007,1.00175,ON TRACK,7
SCR_013,CAMP_B,2024-01-06,6000,5898,0.983,ON TRACK,-102
SCR_008,CAMP_B,2024-01-06,6000,5564,0.9273333333333333,ON TRACK,-436
SCR_003,CAMP_B,2024-01-06,4000,3811,0.95275,ON TRACK,-189
SCR_026,CAMP_B,2024-01-06,3000,3060,1.02,ON TRACK,60
SCR_006,CAMP_C,2024-01-06,3000,2804,0.9346666666666666,ON TRACK,-196
SCR_035,CAMP_C,2024-01-06,3000,3024,1.008,ON TRACK,24
SCR_047,CAMP_C,2024-01-06,4000,4005,1.00125,ON TRACK,5
SCR_013,CAMP_C,2024-01-06,6000,5890,0.9816666666666667,ON TRACK,-110
SCR_004,CAMP_C,2024-01-06,5000,4896,0.9792,ON TRACK,-104
SCR_018,CAMP_C,2024-01-06,5000,4783,0.9566,ON TRACK,-217
SCR_025,CAMP_C,2024-01-06,6000,6086,1.0143333333333333,ON TRACK,86
SCR_039,CAMP_C,2024-01-06,6000,5709,0.9515,ON TRACK,-291
SCR_043,CAMP_C,2024-01-06,4000,3855,0.96375,ON TRACK,-145
SCR_003,CAMP_C,2024-01-06,4000,3648,0.912,ON TRACK,-352
SCR_005,CAMP_C,2024-01-06,6000,5613,0.9355,ON TRACK,-387
SCR_048,CAMP_C,2024-01-06,4000,4073,1.01825,ON TRACK,73
SCR_038,CAMP_C,2024-01-06,6000,6195,1.0325,ON TRACK,195
SCR_036,CAMP_C,2024-01-06,5000,5084,1.0168,ON TRACK,84
SCR_014,CAMP_C,2024-01-06,6000,6031,1.0051666666666668,ON TRACK,31
SCR_031,CAMP_C,2024-01-06,5000,5018,1.0036,ON TRACK,18
SCR_037,CAMP_C,2024-01-06,6000,6153,1.0255,ON TRACK,153
SCR_022,CAMP_C,2024-01-06,3000,3057,1.019,ON TRACK,57
SCR_020,CAMP_C,2024-01-06,3000,2990,0.9966666666666667,ON TRACK,-10
SCR_049,CAMP_C,2024-01-06,3000,3058,1.0193333333333334,ON TRACK,58
SCR_015,CAMP_D,2024-01-06,5000,4736,0.9472,ON TRACK,-264
SCR_005,CAMP_D,2024-01-06,6000,6169,1.0281666666666667,ON TRACK,169
SCR_046,CAMP_D,2024-01-06,3000,2934,0.978,ON TRACK,-66
SCR_010,CAMP_D,2024-01-06,4000,3913,0.97825,ON TRACK,-87
SCR_001,CAMP_D,2024-01-06,5000,4807,0.9614,ON TRACK,-193
SCR_014,CAMP_D,2024-01-06,5000,4848,0.9696,ON TRACK,-152
SCR_033,CAMP_D,2024-01-06,4000,3757,0.93925,ON TRACK,-243
SCR_030,CAMP_D,2024-01-06,3000,3064,1.0213333333333334,ON TRACK,64
SCR_024,CAMP_D,2024-01-06,3000,3339,1.113,OVER-DELIVERY,339
SCR_004,CAMP_D,2024-01-06,6000,3021,0.5035,UNDER-DELIVERY,-2979
SCR_040,CAMP_D,2024-01-06,4000,4713,1.17825,OVER-DELIVERY,713
SCR_031,CAMP_D,2024-01-06,5000,5107,1.0214,ON TRACK,107
SCR_032,CAMP_D,2024-01-06,3000,3088,1.0293333333333334,ON TRACK,88
SCR_002,CAMP_D,2024-01-06,4000,4091,1.02275,ON TRACK,91
SCR_048,CAMP_D,2024-01-06,6000,6180,1.03,ON TRACK,180
SCR_035,CAMP_D,2024-01-06,5000,4916,0.9832,ON TRACK,-84
SCR_027,CAMP_D,2024-01-06,3000,3061,1.0203333333333333,ON TRACK,61
SCR_036,CAMP_D,2024-01-06,3000,2958,0.986,ON TRACK,-42
SCR_037,CAMP_D,2024-01-06,6000,5693,0.9488333333333333,ON TRACK,-307
SCR_017,CAMP_D,2024-01-06,4000,4081,1.02025,ON TRACK,81
SCR_044,CAMP_E,2024-01-06,6000,5737,0.9561666666666667,ON TRACK,-263
SCR_035,CAMP_E,2024-01-06,6000,5990,0.9983333333333333,ON TRACK,-10
SCR_022,CAMP_E,2024-01-06,6000,6879,1.1465,OVER-DELIVERY,879
SCR_025,CAMP_E,2024-01-06,4000,3682,0.9205,ON TRACK,-318
SCR_009,CAMP_E,2024-01-06,4000,4047,1.01175,ON TRACK,47
SCR_045,CAMP_E,2024-01-06,4000,3804,0.951,ON TRACK,-196
SCR_006,CAMP_E,2024-01-06,3000,3576,1.192,OVER-DELIVERY,576
SCR_033,CAMP_E,2024-01-06,6000,5670,0.945,ON TRACK,-330
SCR_023,CAMP_E,2024-01-06,4000,4481,1.12025,OVER-DELIVERY,481
SCR_004,CAMP_E,2024-01-06,6000,6435,1.0725,OVER-DELIVERY,435
SCR_007,CAMP_E,2024-01-06,3000,3035,1.0116666666666667,ON TRACK,35
SCR_028,CAMP_E,2024-01-06,6000,3943,0.6571666666666667,UNDER-DELIVERY,-2057
SCR_015,CAMP_E,2024-01-06,3000,2948,0.9826666666666667,ON TRACK,-52
SCR_005,CAMP_E,2024-01-06,4000,3728,0.932,ON TRACK,-272
SCR_048,CAMP_E,2024-01-06,6000,5669,0.9448333333333333,ON TRACK,-331
SCR_026,CAMP_E,2024-01-06,5000,4591,0.9182,ON TRACK,-409
SCR_021,CAMP_E,2024-01-06,6000,5693,0.9488333333333333,ON TRACK,-307
SCR_002,CAMP_E,2024-01-06,3000,3098,1.0326666666666666,ON TRACK,98
SCR_018,CAMP_E,2024-01-06,6000,5612,0.9353333333333333,ON TRACK,-388
SCR_049,CAMP_E,2024-01-06,3000,2732,0.9106666666666666,ON TRACK,-268
SCR_026,CAMP_A,2024-01-07,6000,6069,1.0115,ON TRACK,69
SCR_022,CAMP_A,2024-01-07,5000,5080,1.016,ON TRACK,80
SCR_040,CAMP_A,2024-01-07,6000,6187,1.0311666666666666,ON TRACK,187
SCR_025,CAMP_A,2024-01-07,4000,3923,0.98075,ON TRACK,-77
SCR_049,CAMP_A,2024-01-07,3000,2910,0.97,ON TRACK,-90
SCR_029,CAMP_A,2024-01-07,4000,3791,0.94775,ON TRACK,-209
SCR_046,CAMP_A,2024-01-07,3000,3040,1.0133333333333334,ON TRACK,40
SCR_028,CAMP_A,2024-01-07,6000,5568,0.928,ON TRACK,-432
SCR_042,CAMP_A,2024-01-07,5000,4978,0.9956,ON TRACK,-22
SCR_039,CAMP_A,2024-01-07,6000,5517,0.9195,ON TRACK,-483
SCR_009,CAMP_A,2024-01-07,6000,5876,0.9793333333333333,ON TRACK,-124
SCR_020,CAMP_A,2024-01-07,6000,6076,1.0126666666666666,ON TRACK,76
SCR_021,CAMP_A,2024-01-07,5000,5077,1.0154,ON TRACK,77
SCR_013,CAMP_A,2024-01-07,3000,3284,1.0946666666666667,OVER-DELIVERY,284
SCR_031,CAMP_A,2024-01-07,5000,4948,0.9896,ON TRACK,-52
SCR_038,CAMP_A,2024-01-07,6000,5718,0.953,ON TRACK,-282
SCR_012,CAMP_A,2024-01-07,6000,6442,1.0736666666666668,OVER-DELIVERY,442
SCR_050,CAMP_A,2024-01-07,4000,3909,0.97725,ON TRACK,-91
SCR_035,CAMP_A,2024-01-07,4000,3843,0.96075,ON TRACK,-157
SCR_010,CAMP_A,2024-01-07,4000,3652,0.913,ON TRACK,-348
SCR_007,CAMP_B,2024-01-07,5000,3850,0.77,UNDER-DELIVERY,-1150
SCR_019,CAMP_B,2024-01-07,3000,2982,0.994,ON TRACK,-18
SCR_027,CAMP_B,2024-01-07,4000,4025,1.00625,ON TRACK,25
SCR_006,CAMP_B,2024-01-07,4000,3812,0.953,ON TRACK,-188
SCR_008,CAMP_B,2024-01-07,6000,5640,0.94,ON TRACK,-360
SCR_010,CAMP_B,2024-01-07,6000,5605,0.9341666666666667,ON TRACK,-395
SCR_023,CAMP_B,2024-01-07,6000,6035,1.0058333333333334,ON TRACK,35
SCR_020,CAMP_B,2024-01-07,4000,3863,0.96575,ON TRACK,-137
SCR_022,CAMP_B,2024-01-07,3000,2810,0.9366666666666666,ON TRACK,-190
SCR_030,CAMP_B,2024-01-07,3000,3041,1.0136666666666667,ON TRACK,41
SCR_014,CAMP_B,2024-01-07,4000,3742,0.9355,ON TRACK,-258
SCR_034,CAMP_B,2024-01-07,3000,3066,1.022,ON TRACK,66
SCR_031,CAMP_B,2024-01-07,5000,4947,0.9894,ON TRACK,-53
SCR_044,CAMP_B,2024-01-07,3000,3059,1.0196666666666667,ON TRACK,59
SCR_038,CAMP_B,2024-01-07,4000,4007,1.00175,ON TRACK,7
SCR_050,CAMP_B,2024-01-07,5000,4933,0.9866,ON TRACK,-67
SCR_029,CAMP_B,2024-01-07,4000,3764,0.941,ON TRACK,-236
SCR_039,CAMP_B,2024-01-07,3000,3000,1.0,ON TRACK,0
SCR_021,CAMP_B,2024-01-07,6000,5567,0.9278333333333333,ON TRACK,-433
SCR_003,CAMP_B,2024-01-07,6000,5839,0.9731666666666666,ON TRACK,-161
SCR_035,CAMP_C,2024-01-07,6000,5843,0.9738333333333333,ON TRACK,-157
SCR_045,CAMP_C,2024-01-07,6000,5524,0.9206666666666666,ON TRACK,-476
SCR_042,CAMP_C,2024-01-07,3000,2816,0.9386666666666666,ON TRACK,-184
SCR_012,CAMP_C,2024-01-07,3000,2939,0.9796666666666667,ON TRACK,-61
SCR_036,CAMP_C,2024-01-07,4000,3934,0.9835,ON TRACK,-66
SCR_011,CAMP_C,2024-01-07,6000,5548,0.9246666666666666,ON TRACK,-452
SCR_032,CAMP_C,2024-01-07,3000,2941,0.9803333333333333,ON TRACK,-59
SCR_019,CAMP_C,2024-01-07,5000,5041,1.0082,ON TRACK,41
SCR_009,CAMP_C,2024-01-07,6000,6232,1.0386666666666666,ON TRACK,232
SCR_047,CAMP_C,2024-01-07,3000,2984,0.9946666666666667,ON TRACK,-16
SCR_021,CAMP_C,2024-01-07,4000,4159,1.03975,ON TRACK,159
SCR_029,CAMP_C,2024-01-07,6000,6132,1.022,ON TRACK,132
SCR_004,CAMP_C,2024-01-07,3000,3117,1.039,ON TRACK,117
SCR_023,CAMP_C,2024-01-07,4000,4023,1.00575,ON TRACK,23
SCR_001,CAMP_C,2024-01-07,5000,4946,0.9892,ON TRACK,-54
SCR_044,CAMP_C,2024-01-07,6000,5568,0.928,ON TRACK,-432
SCR_048,CAMP_C,2024-01-07,4000,4058,1.0145,ON TRACK,58
SCR_013,CAMP_C,2024-01-07,5000,4937,0.9874,ON TRACK,-63
SCR_025,CAMP_C,2024-01-07,4000,4006,1.0015,ON TRACK,6
SCR_031,CAMP_C,2024-01-07,5000,5169,1.0338,ON TRACK,169
SCR_033,CAMP_D,2024-01-07,6000,4811,0.8018333333333333,UNDER-DELIVERY,-1189
SCR_044,CAMP_D,2024-01-07,3000,3022,1.0073333333333334,ON TRACK,22
SCR_007,CAMP_D,2024-01-07,5000,4867,0.9734,ON TRACK,-133
SCR_009,CAMP_D,2024-01-07,3000,3060,1.02,ON TRACK,60
SCR_027,CAMP_D,2024-01-07,3000,2908,0.9693333333333334,ON TRACK,-92
SCR_004,CAMP_D,2024-01-07,5000,5067,1.0134,ON TRACK,67
SCR_018,CAMP_D,2024-01-07,6000,5795,0.9658333333333333,ON TRACK,-205
SCR_042,CAMP_D,2024-01-07,4000,3807,0.95175,ON TRACK,-193
SCR_047,CAMP_D,2024-01-07,5000,4925,0.985,ON TRACK,-75
SCR_043,CAMP_D,2024-01-07,6000,6157,1.0261666666666667,ON TRACK,157
SCR_016,CAMP_D,2024-01-07,3000,2213,0.7376666666666667,UNDER-DELIVERY,-787
SCR_010,CAMP_D,2024-01-07,6000,5119,0.8531666666666666,UNDER-DELIVERY,-881
SCR_021,CAMP_D,2024-01-07,4000,3640,0.91,ON TRACK,-360
SCR_040,CAMP_D,2024-01-07,6000,5997,0.9995,ON TRACK,-3
SCR_026,CAMP_D,2024-01-07,4000,3796,0.949,ON TRACK,-204
SCR_032,CAMP_D,2024-01-07,5000,5552,1.1104,OVER-DELIVERY,552
SCR_039,CAMP_D,2024-01-07,3000,3082,1.0273333333333334,ON TRACK,82
SCR_049,CAMP_D,2024-01-07,4000,2950,0.7375,UNDER-DELIVERY,-1050
SCR_046,CAMP_D,2024-01-07,4000,3687,0.92175,ON TRACK,-313
SCR_013,CAMP_D,2024-01-07,3000,2043,0.681,UNDER-DELIVERY,-957
SCR_009,CAMP_E,2024-01-07,5000,4639,0.9278,ON TRACK,-361
SCR_038,CAMP_E,2024-01-07,4000,3992,0.998,ON TRACK,-8
SCR_015,CAMP_E,2024-01-07,3000,2733,0.911,ON TRACK,-267
SCR_034,CAMP_E,2024-01-07,4000,4015,1.00375,ON TRACK,15
SCR_044,CAMP_E,2024-01-07,4000,3960,0.99,ON TRACK,-40
SCR_029,CAMP_E,2024-01-07,6000,5527,0.9211666666666667,ON TRACK,-473
SCR_001,CAMP_E,2024-01-07,3000,2778,0.926,ON TRACK,-222
SCR_046,CAMP_E,2024-01-07,6000,5794,0.9656666666666667,ON TRACK,-206
SCR_022,CAMP_E,2024-01-07,4000,3975,0.99375,ON TRACK,-25
SCR_008,CAMP_E,2024-01-07,4000,3952,0.988,ON TRACK,-48
SCR_028,CAMP_E,2024-01-07,5000,4998,0.9996,ON TRACK,-2
SCR_050,CAMP_E,2024-01-07,5000,4944,0.9888,ON TRACK,-56
SCR_031,CAMP_E,2024-01-07,4000,3793,0.94825,ON TRACK,-207
SCR_005,CAMP_E,2024-01-07,3000,3039,1.013,ON TRACK,39
SCR_048,CAMP_E,2024-01-07,4000,3698,0.9245,ON TRACK,-302
SCR_025,CAMP_E,2024-01-07,6000,5515,0.9191666666666667,ON TRACK,-485
SCR_006,CAMP_E,2024-01-07,3000,3094,1.0313333333333334,ON TRACK,94
SCR_007,CAMP_E,2024-01-07,4000,4076,1.019,ON TRACK,76
SCR_033,CAMP_E,2024-01-07,6000,5992,0.9986666666666667,ON TRACK,-8
SCR_011,CAMP_E,2024-01-07,6000,6060,1.01,ON TRACK,60
SCR_002,CAMP_A,2024-01-08,3000,2809,0.9363333333333334,ON TRACK,-191
SCR_038,CAMP_A,2024-01-08,4000,3843,0.96075,ON TRACK,-157
SCR_005,CAMP_A,2024-01-08,3000,2900,0.9666666666666667,ON TRACK,-100
SCR_001,CAMP_A,2024-01-08,4000,2131,0.53275,UNDER-DELIVERY,-1869
SCR_017,CAMP_A,2024-01-08,6000,6874,1.1456666666666666,OVER-DELIVERY,874
SCR_014,CAMP_A,2024-01-08,3000,3019,1.0063333333333333,ON TRACK,19
SCR_003,CAMP_A,2024-01-08,4000,4636,1.159,OVER-DELIVERY,636
SCR_004,CAMP_A,2024-01-08,3000,3101,1.0336666666666667,ON TRACK,101
SCR_026,CAMP_A,2024-01-08,5000,4632,0.9264,ON TRACK,-368
SCR_033,CAMP_A,2024-01-08,5000,4626,0.9252,ON TRACK,-374
SCR_019,CAMP_A,2024-01-08,3000,2897,0.9656666666666667,ON TRACK,-103
SCR_041,CAMP_A,2024-01-08,3000,3110,1.0366666666666666,ON TRACK,110
SCR_027,CAMP_A,2024-01-08,3000,2929,0.9763333333333334,ON TRACK,-71
SCR_028,CAMP_A,2024-01-08,3000,2951,0.9836666666666667,ON TRACK,-49
SCR_042,CAMP_A,2024-01-08,5000,5052,1.0104,ON TRACK,52
SCR_006,CAMP_A,2024-01-08,3000,2928,0.976,ON TRACK,-72
SCR_010,CAMP_A,2024-01-08,3000,2734,0.9113333333333333,ON TRACK,-266
SCR_018,CAMP_A,2024-01-08,3000,2879,0.9596666666666667,ON TRACK,-121
SCR_035,CAMP_A,2024-01-08,4000,4139,1.03475,ON TRACK,139
SCR_034,CAMP_A,2024-01-08,3000,3086,1.0286666666666666,ON TRACK,86
SCR_048,CAMP_B,2024-01-08,6000,6063,1.0105,ON TRACK,63
SCR_042,CAMP_B,2024-01-08,5000,4909,0.9818,ON TRACK,-91
SCR_027,CAMP_B,2024-01-08,3000,2843,0.9476666666666667,ON TRACK,-157
SCR_015,CAMP_B,2024-01-08,5000,4707,0.9414,ON TRACK,-293
SCR_021,CAMP_B,2024-01-08,5000,4870,0.974,ON TRACK,-130
SCR_016,CAMP_B,2024-01-08,4000,3924,0.981,ON TRACK,-76
SCR_050,CAMP_B,2024-01-08,4000,4124,1.031,ON TRACK,124
SCR_046,CAMP_B,2024-01-08,3000,2865,0.955,ON TRACK,-135
SCR_018,CAMP_B,2024-01-08,3000,2730,0.91,ON TRACK,-270
SCR_005,CAMP_B,2024-01-08,6000,6027,1.0045,ON TRACK,27
SCR_037,CAMP_B,2024-01-08,3000,3113,1.0376666666666667,ON TRACK,113
SCR_024,CAMP_B,2024-01-08,6000,5506,0.9176666666666666,ON TRACK,-494
SCR_008,CAMP_B,2024-01-08,4000,3688,0.922,ON TRACK,-312
SCR_033,CAMP_B,2024-01-08,4000,3910,0.9775,ON TRACK,-90
SCR_004,CAMP_B,2024-01-08,5000,5036,1.0072,ON TRACK,36
SCR_012,CAMP_B,2024-01-08,3000,2978,0.9926666666666667,ON TRACK,-22
SCR_047,CAMP_B,2024-01-08,6000,4294,0.7156666666666667,UNDER-DELIVERY,-1706
SCR_003,CAMP_B,2024-01-08,6000,5561,0.9268333333333333,ON TRACK,-439
SCR_026,CAMP_B,2024-01-08,5000,4754,0.9508,ON TRACK,-246
SCR_040,CAMP_B,2024-01-08,6000,6033,1.0055,ON TRACK,33
SCR_021,CAMP_C,2024-01-08,5000,5104,1.0208,ON TRACK,104
SCR_029,CAMP_C,2024-01-08,3000,2997,0.999,ON TRACK,-3
SCR_018,CAMP_C,2024-01-08,3000,3064,1.0213333333333334,ON TRACK,64
SCR_015,CAMP_C,2024-01-08,4000,4379,1.09475,OVER-DELIVERY,379
SCR_005,CAMP_C,2024-01-08,5000,4581,0.9162,ON TRACK,-419
SCR_013,CAMP_C,2024-01-08,5000,5193,1.0386,ON TRACK,193
SCR_009,CAMP_C,2024-01-08,3000,3063,1.021,ON TRACK,63
SCR_038,CAMP_C,2024-01-08,4000,4297,1.07425,OVER-DELIVERY,297
SCR_007,CAMP_C,2024-01-08,4000,3672,0.918,ON TRACK,-328
SCR_010,CAMP_C,2024-01-08,4000,4068,1.017,ON TRACK,68
SCR_042,CAMP_C,2024-01-08,5000,5159,1.0318,ON TRACK,159
SCR_011,CAMP_C,2024-01-08,3000,2830,0.9433333333333334,ON TRACK,-170
SCR_049,CAMP_C,2024-01-08,3000,1573,0.5243333333333333,UNDER-DELIVERY,-1427
SCR_030,CAMP_C,2024-01-08,6000,5531,0.9218333333333333,ON TRACK,-469
SCR_050,CAMP_C,2024-01-08,5000,5162,1.0324,ON TRACK,162
SCR_027,CAMP_C,2024-01-08,3000,2953,0.9843333333333333,ON TRACK,-47
SCR_008,CAMP_C,2024-01-08,6000,5758,0.9596666666666667,ON TRACK,-242
SCR_023,CAMP_C,2024-01-08,6000,5627,0.9378333333333333,ON TRACK,-373
SCR_014,CAMP_C,2024-01-08,4000,3871,0.96775,ON TRACK,-129
SCR_047,CAMP_C,2024-01-08,4000,2941,0.73525,UNDER-DELIVERY,-1059
SCR_016,CAMP_D,2024-01-08,6000,5901,0.9835,ON TRACK,-99
SCR_042,CAMP_D,2024-01-08,5000,4666,0.9332,ON TRACK,-334
SCR_019,CAMP_D,2024-01-08,5000,4569,0.9138,ON TRACK,-431
SCR_032,CAMP_D,2024-01-08,5000,4383,0.8766,UNDER-DELIVERY,-617
SCR_027,CAMP_D,2024-01-08,5000,5199,1.0398,ON TRACK,199
SCR_036,CAMP_D,2024-01-08,4000,4607,1.15175,OVER-DELIVERY,607
SCR_031,CAMP_D,2024-01-08,5000,5064,1.0128,ON TRACK,64
SCR_004,CAMP_D,2024-01-08,3000,3099,1.033,ON TRACK,99
SCR_006,CAMP_D,2024-01-08,6000,6114,1.019,ON TRACK,114
SCR_018,CAMP_D,2024-01-08,4000,3948,0.987,ON TRACK,-52
SCR_025,CAMP_D,2024-01-08,5000,4568,0.9136,ON TRACK,-432
SCR_009,CAMP_D,2024-01-08,5000,4916,0.9832,ON TRACK,-84
SCR_046,CAMP_D,2024-01-08,4000,4061,1.01525,ON TRACK,61
SCR_013,CAMP_D,2024-01-08,6000,5596,0.9326666666666666,ON TRACK,-404
SCR_034,CAMP_D,2024-01-08,3000,3277,1.0923333333333334,OVER-DELIVERY,277
SCR_050,CAMP_D,2024-01-08,4000,2726,0.6815,UNDER-DELIVERY,-1274
SCR_002,CAMP_D,2024-01-08,5000,4680,0.936,ON TRACK,-320
SCR_040,CAMP_D,2024-01-08,4000,3732,0.933,ON TRACK,-268
SCR_023,CAMP_D,2024-01-08,5000,2780,0.556,UNDER-DELIVERY,-2220
SCR_035,CAMP_D,2024-01-08,4000,4080,1.02,ON TRACK,80
SCR_024,CAMP_E,2024-01-08,4000,4021,1.00525,ON TRACK,21
SCR_005,CAMP_E,2024-01-08,5000,5023,1.0046,ON TRACK,23
SCR_050,CAMP_E,2024-01-08,6000,6061,1.0101666666666667,ON TRACK,61
SCR_046,CAMP_E,2024-01-08,3000,2854,0.9513333333333334,ON TRACK,-146
SCR_043,CAMP_E,2024-01-08,4000,3694,0.9235,ON TRACK,-306
SCR_026,CAMP_E,2024-01-08,6000,6041,1.0068333333333332,ON TRACK,41
SCR_038,CAMP_E,2024-01-08,4000,3806,0.9515,ON TRACK,-194
SCR_007,CAMP_E,2024-01-08,3000,2991,0.997,ON TRACK,-9
SCR_022,CAMP_E,2024-01-08,5000,4722,0.9444,ON TRACK,-278
SCR_020,CAMP_E,2024-01-08,4000,3822,0.9555,ON TRACK,-178
SCR_021,CAMP_E,2024-01-08,3000,2748,0.916,ON TRACK,-252
SCR_009,CAMP_E,2024-01-08,6000,6215,1.0358333333333334,ON TRACK,215
SCR_011,CAMP_E,2024-01-08,6000,5755,0.9591666666666666,ON TRACK,-245
SCR_028,CAMP_E,2024-01-08,6000,6762,1.127,OVER-DELIVERY,762
SCR_032,CAMP_E,2024-01-08,4000,3678,0.9195,ON TRACK,-322
SCR_040,CAMP_E,2024-01-08,3000,2854,0.9513333333333334,ON TRACK,-146
SCR_012,CAMP_E,2024-01-08,3000,1693,0.5643333333333334,UNDER-DELIVERY,-1307
SCR_023,CAMP_E,2024-01-08,6000,5518,0.9196666666666666,ON TRACK,-482
SCR_015,CAMP_E,2024-01-08,3000,3114,1.038,ON TRACK,114
SCR_042,CAMP_E,2024-01-08,6000,5796,0.966,ON TRACK,-204
SCR_042,CAMP_A,2024-01-09,6000,5741,0.9568333333333333,ON TRACK,-259
SCR_011,CAMP_A,2024-01-09,6000,7052,1.1753333333333333,OVER-DELIVERY,1052
SCR_039,CAMP_A,2024-01-09,6000,5480,0.9133333333333333,ON TRACK,-520
SCR_028,CAMP_A,2024-01-09,4000,4148,1.037,ON TRACK,148
SCR_049,CAMP_A,2024-01-09,6000,5700,0.95,ON TRACK,-300
SCR_004,CAMP_A,2024-01-09,6000,6158,1.0263333333333333,ON TRACK,158
SCR_007,CAMP_A,2024-01-09,5000,5680,1.136,OVER-DELIVERY,680
SCR_022,CAMP_A,2024-01-09,4000,3838,0.9595,ON TRACK,-162
SCR_014,CAMP_A,2024-01-09,4000,3776,0.944,ON TRACK,-224
SCR_013,CAMP_A,2024-01-09,6000,6112,1.0186666666666666,ON TRACK,112
SCR_027,CAMP_A,2024-01-09,3000,3001,1.0003333333333333,ON TRACK,1
SCR_036,CAMP_A,2024-01-09,3000,3324,1.108,OVER-DELIVERY,324
SCR_035,CAMP_A,2024-01-09,6000,5919,0.9865,ON TRACK,-81
SCR_017,CAMP_A,2024-01-09,3000,3049,1.0163333333333333,ON TRACK,49
SCR_019,CAMP_A,2024-01-09,6000,5995,0.9991666666666666,ON TRACK,-5
SCR_020,CAMP_A,2024-01-09,6000,5643,0.9405,ON TRACK,-357
SCR_016,CAMP_A,2024-01-09,5000,4215,0.843,UNDER-DELIVERY,-785
SCR_044,CAMP_A,2024-01-09,3000,3081,1.027,ON TRACK,81
SCR_045,CAMP_A,2024-01-09,4000,4033,1.00825,ON TRACK,33
SCR_041,CAMP_A,2024-01-09,4000,3726,0.9315,ON TRACK,-274
SCR_014,CAMP_B,2024-01-09,5000,5146,1.0292,ON TRACK,146
SCR_013,CAMP_B,2024-01-09,3000,2972,0.9906666666666667,ON TRACK,-28
SCR_009,CAMP_B,2024-01-09,6000,6485,1.0808333333333333,OVER-DELIVERY,485
SCR_003,CAMP_B,2024-01-09,3000,2949,0.983,ON TRACK,-51
SCR_028,CAMP_B,2024-01-09,3000,3068,1.0226666666666666,ON TRACK,68
SCR_006,CAMP_B,2024-01-09,5000,4721,0.9442,ON TRACK,-279
SCR_044,CAMP_B,2024-01-09,6000,5828,0.9713333333333334,ON TRACK,-172
SCR_046,CAMP_B,2024-01-09,4000,3714,0.9285,ON TRACK,-286
SCR_049,CAMP_B,2024-01-09,6000,5028,0.838,UNDER-DELIVERY,-972
SCR_041,CAMP_B,2024-01-09,5000,4582,0.9164,ON TRACK,-418
SCR_010,CAMP_B,2024-01-09,6000,6159,1.0265,ON TRACK,159
SCR_039,CAMP_B,2024-01-09,3000,3039,1.013,ON TRACK,39
SCR_017,CAMP_B,2024-01-09,5000,4869,0.9738,ON TRACK,-131
SCR_021,CAMP_B,2024-01-09,3000,2818,0.9393333333333334,ON TRACK,-182
SCR_005,CAMP_B,2024-01-09,5000,4838,0.9676,ON TRACK,-162
SCR_045,CAMP_B,2024-01-09,5000,4820,0.964,ON TRACK,-180
SCR_025,CAMP_B,2024-01-09,3000,2812,0.9373333333333334,ON TRACK,-188
SCR_026,CAMP_B,2024-01-09,6000,6052,1.0086666666666666,ON TRACK,52
SCR_037,CAMP_B,2024-01-09,5000,4884,0.9768,ON TRACK,-116
SCR_043,CAMP_B,2024-01-09,4000,3078,0.7695,UNDER-DELIVERY,-922
SCR_026,CAMP_C,2024-01-09,3000,2824,0.9413333333333334,ON TRACK,-176
SCR_009,CAMP_C,2024-01-09,6000,5598,0.933,ON TRACK,-402
SCR_034,CAMP_C,2024-01-09,6000,5732,0.9553333333333334,ON TRACK,-268
SCR_037,CAMP_C,2024-01-09,4000,3774,0.9435,ON TRACK,-226
SCR_002,CAMP_C,2024-01-09,3000,2880,0.96,ON TRACK,-120
SCR_012,CAMP_C,2024-01-09,4000,4045,1.01125,ON TRACK,45
SCR_013,CAMP_C,2024-01-09,4000,3976,0.994,ON TRACK,-24
SCR_044,CAMP_C,2024-01-09,4000,3852,0.963,ON TRACK,-148
SCR_004,CAMP_C,2024-01-09,3000,3107,1.0356666666666667,ON TRACK,107
SCR_016,CAMP_C,2024-01-09,3000,2781,0.927,ON TRACK,-219
SCR_003,CAMP_C,2024-01-09,4000,3644,0.911,ON TRACK,-356
SCR_030,CAMP_C,2024-01-09,5000,5162,1.0324,ON TRACK,162
SCR_042,CAMP_C,2024-01-09,5000,4794,0.9588,ON TRACK,-206
SCR_024,CAMP_C,2024-01-09,5000,4691,0.9382,ON TRACK,-309
SCR_043,CAMP_C,2024-01-09,5000,5085,1.017,ON TRACK,85
SCR_018,CAMP_C,2024-01-09,6000,5465,0.9108333333333334,ON TRACK,-535
SCR_047,CAMP_C,2024-01-09,5000,4935,0.987,ON TRACK,-65
SCR_039,CAMP_C,2024-01-09,5000,4620,0.924,ON TRACK,-380
SCR_050,CAMP_C,2024-01-09,3000,2837,0.9456666666666667,ON TRACK,-163
SCR_021,CAMP_C,2024-01-09,5000,4719,0.9438,ON TRACK,-281
SCR_046,CAMP_D,2024-01-09,3000,3117,1.039,ON TRACK,117
SCR_042,CAMP_D,2024-01-09,4000,4010,1.0025,ON TRACK,10
SCR_020,CAMP_D,2024-01-09,6000,5984,0.9973333333333333,ON TRACK,-16
SCR_013,CAMP_D,2024-01-09,5000,5096,1.0192,ON TRACK,96
SCR_010,CAMP_D,2024-01-09,4000,3884,0.971,ON TRACK,-116
SCR_034,CAMP_D,2024-01-09,5000,4913,0.9826,ON TRACK,-87
SCR_016,CAMP_D,2024-01-09,4000,4107,1.02675,ON TRACK,107
SCR_004,CAMP_D,2024-01-09,3000,2817,0.939,ON TRACK,-183
SCR_039,CAMP_D,2024-01-09,5000,5126,1.0252,ON TRACK,126
SCR_026,CAMP_D,2024-01-09,5000,4741,0.9482,ON TRACK,-259
SCR_021,CAMP_D,2024-01-09,3000,3067,1.0223333333333333,ON TRACK,67
SCR_009,CAMP_D,2024-01-09,3000,2805,0.935,ON TRACK,-195
SCR_002,CAMP_D,2024-01-09,3000,2878,0.9593333333333334,ON TRACK,-122
SCR_032,CAMP_D,2024-01-09,5000,5116,1.0232,ON TRACK,116
SCR_019,CAMP_D,2024-01-09,4000,3744,0.936,ON TRACK,-256
SCR_017,CAMP_D,2024-01-09,6000,6156,1.026,ON TRACK,156
SCR_027,CAMP_D,2024-01-09,6000,6132,1.022,ON TRACK,132
SCR_041,CAMP_D,2024-01-09,4000,3893,0.97325,ON TRACK,-107
SCR_025,CAMP_D,2024-01-09,4000,3670,0.9175,ON TRACK,-330
SCR_024,CAMP_D,2024-01-09,6000,6053,1.0088333333333332,ON TRACK,53
SCR_011,CAMP_E,2024-01-09,5000,4895,0.979,ON TRACK,-105
SCR_037,CAMP_E,2024-01-09,3000,2974,0.9913333333333333,ON TRACK,-26
SCR_050,CAMP_E,2024-01-09,4000,4096,1.024,ON TRACK,96
SCR_032,CAMP_E,2024-01-09,5000,4799,0.9598,ON TRACK,-201
SCR_006,CAMP_E,2024-01-09,5000,5085,1.017,ON TRACK,85
SCR_009,CAMP_E,2024-01-09,5000,4846,0.9692,ON TRACK,-154
SCR_040,CAMP_E,2024-01-09,5000,4996,0.9992,ON TRACK,-4
SCR_028,CAMP_E,2024-01-09,4000,4108,1.027,ON TRACK,108
SCR_041,CAMP_E,2024-01-09,5000,4657,0.9314,ON TRACK,-343
SCR_043,CAMP_E,2024-01-09,6000,3511,0.5851666666666666,UNDER-DELIVERY,-2489
SCR_026,CAMP_E,2024-01-09,4000,3651,0.91275,ON TRACK,-349
SCR_042,CAMP_E,2024-01-09,4000,4009,1.00225,ON TRACK,9
SCR_031,CAMP_E,2024-01-09,3000,2979,0.993,ON TRACK,-21
SCR_025,CAMP_E,2024-01-09,3000,2748,0.916,ON TRACK,-252
SCR_001,CAMP_E,2024-01-09,3000,2737,0.9123333333333333,ON TRACK,-263
SCR_003,CAMP_E,2024-01-09,3000,2878,0.9593333333333334,ON TRACK,-122
SCR_013,CAMP_E,2024-01-09,5000,4649,0.9298,ON TRACK,-351
SCR_024,CAMP_E,2024-01-09,3000,2988,0.996,ON TRACK,-12
SCR_036,CAMP_E,2024-01-09,5000,5005,1.001,ON TRACK,5
SCR_029,CAMP_E,2024-01-09,6000,5541,0.9235,ON TRACK,-459
SCR_047,CAMP_A,2024-01-10,4000,3889,0.97225,ON TRACK,-111
SCR_040,CAMP_A,2024-01-10,4000,3020,0.755,UNDER-DELIVERY,-980
SCR_008,CAMP_A,2024-01-10,3000,2990,0.9966666666666667,ON TRACK,-10
SCR_019,CAMP_A,2024-01-10,4000,4045,1.01125,ON TRACK,45
SCR_048,CAMP_A,2024-01-10,3000,2769,0.923,ON TRACK,-231
SCR_007,CAMP_A,2024-01-10,5000,4846,0.9692,ON TRACK,-154
SCR_032,CAMP_A,2024-01-10,5000,4582,0.9164,ON TRACK,-418
SCR_013,CAMP_A,2024-01-10,4000,4083,1.02075,ON TRACK,83
SCR_039,CAMP_A,2024-01-10,5000,4753,0.9506,ON TRACK,-247
SCR_043,CAMP_A,2024-01-10,3000,3498,1.166,OVER-DELIVERY,498
SCR_017,CAMP_A,2024-01-10,3000,1657,0.5523333333333333,UNDER-DELIVERY,-1343
SCR_034,CAMP_A,2024-01-10,4000,4105,1.02625,ON TRACK,105
SCR_041,CAMP_A,2024-01-10,5000,4610,0.922,ON TRACK,-390
SCR_023,CAMP_A,2024-01-10,5000,4810,0.962,ON TRACK,-190
SCR_027,CAMP_A,2024-01-10,6000,5760,0.96,ON TRACK,-240
SCR_050,CAMP_A,2024-01-10,6000,5966,0.9943333333333333,ON TRACK,-34
SCR_011,CAMP_A,2024-01-10,4000,4629,1.15725,OVER-DELIVERY,629
SCR_003,CAMP_A,2024-01-10,3000,3059,1.0196666666666667,ON TRACK,59
SCR_044,CAMP_A,2024-01-10,3000,2960,0.9866666666666667,ON TRACK,-40
SCR_030,CAMP_A,2024-01-10,6000,5756,0.9593333333333334,ON TRACK,-244
SCR_023,CAMP_B,2024-01-10,4000,3985,0.99625,ON TRACK,-15
SCR_040,CAMP_B,2024-01-10,6000,6104,1.0173333333333334,ON TRACK,104
SCR_002,CAMP_B,2024-01-10,3000,2565,0.855,UNDER-DELIVERY,-435
SCR_044,CAMP_B,2024-01-10,6000,6138,1.023,ON TRACK,138
SCR_009,CAMP_B,2024-01-10,3000,2855,0.9516666666666667,ON TRACK,-145
SCR_031,CAMP_B,2024-01-10,5000,4582,0.9164,ON TRACK,-418
SCR_032,CAMP_B,2024-01-10,4000,3836,0.959,ON TRACK,-164
SCR_008,CAMP_B,2024-01-10,4000,2675,0.66875,UNDER-DELIVERY,-1325
SCR_027,CAMP_B,2024-01-10,6000,6778,1.1296666666666666,OVER-DELIVERY,778
SCR_029,CAMP_B,2024-01-10,5000,5648,1.1296,OVER-DELIVERY,648
SCR_003,CAMP_B,2024-01-10,3000,3353,1.1176666666666666,OVER-DELIVERY,353
SCR_005,CAMP_B,2024-01-10,3000,3038,1.0126666666666666,ON TRACK,38
SCR_017,CAMP_B,2024-01-10,5000,4915,0.983,ON TRACK,-85
SCR_021,CAMP_B,2024-01-10,6000,5743,0.9571666666666667,ON TRACK,-257
SCR_001,CAMP_B,2024-01-10,3000,3059,1.0196666666666667,ON TRACK,59
SCR_034,CAMP_B,2024-01-10,5000,4952,0.9904,ON TRACK,-48
SCR_015,CAMP_B,2024-01-10,6000,5743,0.9571666666666667,ON TRACK,-257
SCR_022,CAMP_B,2024-01-10,6000,6997,1.1661666666666666,OVER-DELIVERY,997
SCR_007,CAMP_B,2024-01-10,4000,2539,0.63475,UNDER-DELIVERY,-1461
SCR_014,CAMP_B,2024-01-10,5000,4793,0.9586,ON TRACK,-207
SCR_007,CAMP_C,2024-01-10,3000,2905,0.9683333333333334,ON TRACK,-95
SCR_003,CAMP_C,2024-01-10,4000,3642,0.9105,ON TRACK,-358
SCR_011,CAMP_C,2024-01-10,3000,2898,0.966,ON TRACK,-102
SCR_032,CAMP_C,2024-01-10,6000,6069,1.0115,ON TRACK,69
SCR_009,CAMP_C,2024-01-10,4000,3730,0.9325,ON TRACK,-270
SCR_027,CAMP_C,2024-01-10,4000,4608,1.152,OVER-DELIVERY,608
SCR_050,CAMP_C,2024-01-10,5000,4800,0.96,ON TRACK,-200
SCR_017,CAMP_C,2024-01-10,4000,4141,1.03525,ON TRACK,141
SCR_040,CAMP_C,2024-01-10,5000,4636,0.9272,ON TRACK,-364
SCR_013,CAMP_C,2024-01-10,6000,6151,1.0251666666666666,ON TRACK,151
SCR_041,CAMP_C,2024-01-10,5000,4906,0.9812,ON TRACK,-94
SCR_008,CAMP_C,2024-01-10,5000,5158,1.0316,ON TRACK,158
SCR_026,CAMP_C,2024-01-10,4000,3964,0.991,ON TRACK,-36
SCR_014,CAMP_C,2024-01-10,5000,5148,1.0296,ON TRACK,148
SCR_030,CAMP_C,2024-01-10,4000,3978,0.9945,ON TRACK,-22
SCR_042,CAMP_C,2024-01-10,4000,4001,1.00025,ON TRACK,1
SCR_022,CAMP_C,2024-01-10,5000,5044,1.0088,ON TRACK,44
SCR_044,CAMP_C,2024-01-10,6000,6195,1.0325,ON TRACK,195
SCR_045,CAMP_C,2024-01-10,6000,6157,1.0261666666666667,ON TRACK,157
SCR_002,CAMP_C,2024-01-10,5000,4824,0.9648,ON TRACK,-176
SCR_001,CAMP_D,2024-01-10,6000,7089,1.1815,OVER-DELIVERY,1089
SCR_034,CAMP_D,2024-01-10,4000,3931,0.98275,ON TRACK,-69
SCR_007,CAMP_D,2024-01-10,4000,4054,1.0135,ON TRACK,54
SCR_002,CAMP_D,2024-01-10,5000,4580,0.916,ON TRACK,-420
SCR_025,CAMP_D,2024-01-10,6000,6206,1.0343333333333333,ON TRACK,206
SCR_010,CAMP_D,2024-01-10,5000,4584,0.9168,ON TRACK,-416
SCR_004,CAMP_D,2024-01-10,5000,5114,1.0228,ON TRACK,114
SCR_043,CAMP_D,2024-01-10,6000,6170,1.0283333333333333,ON TRACK,170
SCR_044,CAMP_D,2024-01-10,5000,4905,0.981,ON TRACK,-95
SCR_013,CAMP_D,2024-01-10,4000,4141,1.03525,ON TRACK,141
SCR_018,CAMP_D,2024-01-10,5000,5189,1.0378,ON TRACK,189
SCR_011,CAMP_D,2024-01-10,3000,2797,0.9323333333333333,ON TRACK,-203
SCR_019,CAMP_D,2024-01-10,3000,2897,0.9656666666666667,ON TRACK,-103
SCR_017,CAMP_D,2024-01-10,5000,4929,0.9858,ON TRACK,-71
SCR_045,CAMP_D,2024-01-10,5000,3386,0.6772,UNDER-DELIVERY,-1614
SCR_042,CAMP_D,2024-01-10,4000,3411,0.85275,UNDER-DELIVERY,-589
SCR_038,CAMP_D,2024-01-10,3000,2973,0.991,ON TRACK,-27
SCR_014,CAMP_D,2024-01-10,5000,4922,0.9844,ON TRACK,-78
SCR_003,CAMP_D,2024-01-10,5000,3844,0.7688,UNDER-DELIVERY,-1156
SCR_012,CAMP_D,2024-01-10,4000,3910,0.9775,ON TRACK,-90
SCR_033,CAMP_E,2024-01-10,5000,5137,1.0274,ON TRACK,137
SCR_011,CAMP_E,2024-01-10,4000,3994,0.9985,ON TRACK,-6
SCR_027,CAMP_E,2024-01-10,5000,5067,1.0134,ON TRACK,67
SCR_035,CAMP_E,2024-01-10,3000,2940,0.98,ON TRACK,-60
SCR_047,CAMP_E,2024-01-10,5000,3482,0.6964,UNDER-DELIVERY,-1518
SCR_026,CAMP_E,2024-01-10,5000,4880,0.976,ON TRACK,-120
SCR_006,CAMP_E,2024-01-10,6000,5048,0.8413333333333334,UNDER-DELIVERY,-952
SCR_023,CAMP_E,2024-01-10,4000,3682,0.9205,ON TRACK,-318
SCR_015,CAMP_E,2024-01-10,3000,3102,1.034,ON TRACK,102
SCR_014,CAMP_E,2024-01-10,3000,2812,0.9373333333333334,ON TRACK,-188
SCR_022,CAMP_E,2024-01-10,4000,3860,0.965,ON TRACK,-140
SCR_040,CAMP_E,2024-01-10,3000,3053,1.0176666666666667,ON TRACK,53
SCR_024,CAMP_E,2024-01-10,6000,6193,1.0321666666666667,ON TRACK,193
SCR_019,CAMP_E,2024-01-10,4000,3089,0.77225,UNDER-DELIVERY,-911
SCR_041,CAMP_E,2024-01-10,3000,3202,1.0673333333333332,OVER-DELIVERY,202
SCR_034,CAMP_E,2024-01-10,5000,4923,0.9846,ON TRACK,-77
SCR_031,CAMP_E,2024-01-10,4000,3851,0.96275,ON TRACK,-149
SCR_001,CAMP_E,2024-01-10,6000,5797,0.9661666666666666,ON TRACK,-203
SCR_008,CAMP_E,2024-01-10,3000,2776,0.9253333333333333,ON TRACK,-224
SCR_039,CAMP_E,2024-01-10,3000,2971,0.9903333333333333,ON TRACK,-29
SCR_049,CAMP_A,2024-01-11,4000,3843,0.96075,ON TRACK,-157
SCR_048,CAMP_A,2024-01-11,5000,4643,0.9286,ON TRACK,-357
SCR_038,CAMP_A,2024-01-11,5000,4557,0.9114,ON TRACK,-443
SCR_003,CAMP_A,2024-01-11,4000,3642,0.9105,ON TRACK,-358
SCR_045,CAMP_A,2024-01-11,6000,6198,1.033,ON TRACK,198
SCR_005,CAMP_A,2024-01-11,5000,5031,1.0062,ON TRACK,31
SCR_023,CAMP_A,2024-01-11,5000,5138,1.0276,ON TRACK,138
SCR_033,CAMP_A,2024-01-11,4000,3754,0.9385,ON TRACK,-246
SCR_007,CAMP_A,2024-01-11,5000,4667,0.9334,ON TRACK,-333
SCR_019,CAMP_A,2024-01-11,3000,3093,1.031,ON TRACK,93
SCR_020,CAMP_A,2024-01-11,6000,5517,0.9195,ON TRACK,-483
SCR_039,CAMP_A,2024-01-11,3000,2806,0.9353333333333333,ON TRACK,-194
SCR_006,CAMP_A,2024-01-11,6000,5738,0.9563333333333334,ON TRACK,-262
SCR_041,CAMP_A,2024-01-11,4000,4586,1.1465,OVER-DELIVERY,586
SCR_029,CAMP_A,2024-01-11,4000,3874,0.9685,ON TRACK,-126
SCR_025,CAMP_A,2024-01-11,5000,4649,0.9298,ON TRACK,-351
SCR_026,CAMP_A,2024-01-11,5000,5173,1.0346,ON TRACK,173
SCR_002,CAMP_A,2024-01-11,4000,2374,0.5935,UNDER-DELIVERY,-1626
SCR_031,CAMP_A,2024-01-11,4000,3973,0.99325,ON TRACK,-27
SCR_050,CAMP_A,2024-01-11,5000,4637,0.9274,ON TRACK,-363
SCR_047,CAMP_B,2024-01-11,3000,3061,1.0203333333333333,ON TRACK,61
SCR_022,CAMP_B,2024-01-11,3000,2955,0.985,ON TRACK,-45
SCR_031,CAMP_B,2024-01-11,4000,3926,0.9815,ON TRACK,-74
SCR_030,CAMP_B,2024-01-11,6000,5575,0.9291666666666667,ON TRACK,-425
SCR_029,CAMP_B,2024-01-11,6000,6062,1.0103333333333333,ON TRACK,62
SCR_023,CAMP_B,2024-01-11,5000,4875,0.975,ON TRACK,-125
SCR_020,CAMP_B,2024-01-11,3000,2925,0.975,ON TRACK,-75
SCR_032,CAMP_B,2024-01-11,4000,4059,1.01475,ON TRACK,59
SCR_036,CAMP_B,2024-01-11,4000,3712,0.928,ON TRACK,-288
SCR_007,CAMP_B,2024-01-11,4000,4133,1.03325,ON TRACK,133
SCR_012,CAMP_B,2024-01-11,4000,3891,0.97275,ON TRACK,-109
SCR_039,CAMP_B,2024-01-11,5000,3946,0.7892,UNDER-DELIVERY,-1054
SCR_006,CAMP_B,2024-01-11,4000,2561,0.64025,UNDER-DELIVERY,-1439
SCR_018,CAMP_B,2024-01-11,3000,2931,0.977,ON TRACK,-69
SCR_009,CAMP_B,2024-01-11,5000,5146,1.0292,ON TRACK,146
SCR_035,CAMP_B,2024-01-11,3000,2239,0.7463333333333333,UNDER-DELIVERY,-761
SCR_013,CAMP_B,2024-01-11,3000,2933,0.9776666666666667,ON TRACK,-67
SCR_017,CAMP_B,2024-01-11,5000,4721,0.9442,ON TRACK,-279
SCR_005,CAMP_B,2024-01-11,4000,3836,0.959,ON TRACK,-164
SCR_024,CAMP_B,2024-01-11,3000,2876,0.9586666666666667,ON TRACK,-124
SCR_015,CAMP_C,2024-01-11,4000,4012,1.003,ON TRACK,12
SCR_034,CAMP_C,2024-01-11,3000,2891,0.9636666666666667,ON TRACK,-109
SCR_026,CAMP_C,2024-01-11,5000,4862,0.9724,ON TRACK,-138
SCR_023,CAMP_C,2024-01-11,6000,5920,0.9866666666666667,ON TRACK,-80
SCR_047,CAMP_C,2024-01-11,6000,3098,0.5163333333333333,UNDER-DELIVERY,-2902
SCR_032,CAMP_C,2024-01-11,4000,3906,0.9765,ON TRACK,-94
SCR_031,CAMP_C,2024-01-11,4000,2392,0.598,UNDER-DELIVERY,-1608
SCR_039,CAMP_C,2024-01-11,4000,3850,0.9625,ON TRACK,-150
SCR_001,CAMP_C,2024-01-11,3000,3013,1.0043333333333333,ON TRACK,13
SCR_033,CAMP_C,2024-01-11,5000,4690,0.938,ON TRACK,-310
SCR_009,CAMP_C,2024-01-11,6000,5593,0.9321666666666667,ON TRACK,-407
SCR_029,CAMP_C,2024-01-11,6000,6079,1.0131666666666668,ON TRACK,79
SCR_011,CAMP_C,2024-01-11,4000,3905,0.97625,ON TRACK,-95
SCR_050,CAMP_C,2024-01-11,4000,3818,0.9545,ON TRACK,-182
SCR_005,CAMP_C,2024-01-11,6000,5513,0.9188333333333333,ON TRACK,-487
SCR_041,CAMP_C,2024-01-11,6000,5544,0.924,ON TRACK,-456
SCR_018,CAMP_C,2024-01-11,4000,4112,1.028,ON TRACK,112
SCR_014,CAMP_C,2024-01-11,6000,5932,0.9886666666666667,ON TRACK,-68
SCR_010,CAMP_C,2024-01-11,4000,3959,0.98975,ON TRACK,-41
SCR_006,CAMP_C,2024-01-11,3000,2937,0.979,ON TRACK,-63
SCR_049,CAMP_D,2024-01-11,3000,2829,0.943,ON TRACK,-171
SCR_008,CAMP_D,2024-01-11,4000,3683,0.92075,ON TRACK,-317
SCR_006,CAMP_D,2024-01-11,6000,5464,0.9106666666666666,ON TRACK,-536
SCR_031,CAMP_D,2024-01-11,3000,2775,0.925,ON TRACK,-225
SCR_043,CAMP_D,2024-01-11,3000,2810,0.9366666666666666,ON TRACK,-190
SCR_009,CAMP_D,2024-01-11,5000,4619,0.9238,ON TRACK,-381
SCR_039,CAMP_D,2024-01-11,6000,5657,0.9428333333333333,ON TRACK,-343
SCR_035,CAMP_D,2024-01-11,6000,5937,0.9895,ON TRACK,-63
SCR_001,CAMP_D,2024-01-11,6000,5782,0.9636666666666667,ON TRACK,-218
SCR_028,CAMP_D,2024-01-11,6000,5896,0.9826666666666667,ON TRACK,-104
SCR_034,CAMP_D,2024-01-11,6000,5699,0.9498333333333333,ON TRACK,-301
SCR_027,CAMP_D,2024-01-11,5000,4808,0.9616,ON TRACK,-192
SCR_024,CAMP_D,2024-01-11,4000,3982,0.9955,ON TRACK,-18
SCR_003,CAMP_D,2024-01-11,4000,4003,1.00075,ON TRACK,3
SCR_040,CAMP_D,2024-01-11,4000,4524,1.131,OVER-DELIVERY,524
SCR_041,CAMP_D,2024-01-11,5000,4949,0.9898,ON TRACK,-51
SCR_015,CAMP_D,2024-01-11,3000,3106,1.0353333333333334,ON TRACK,106
SCR_047,CAMP_D,2024-01-11,3000,3051,1.017,ON TRACK,51
SCR_025,CAMP_D,2024-01-11,6000,5799,0.9665,ON TRACK,-201
SCR_012,CAMP_D,2024-01-11,3000,2874,0.958,ON TRACK,-126
SCR_039,CAMP_E,2024-01-11,4000,3990,0.9975,ON TRACK,-10
SCR_003,CAMP_E,2024-01-11,5000,4550,0.91,ON TRACK,-450
SCR_047,CAMP_E,2024-01-11,4000,4394,1.0985,OVER-DELIVERY,394
SCR_025,CAMP_E,2024-01-11,6000,5768,0.9613333333333334,ON TRACK,-232
SCR_026,CAMP_E,2024-01-11,4000,4023,1.00575,ON TRACK,23
SCR_040,CAMP_E,2024-01-11,3000,2944,0.9813333333333333,ON TRACK,-56
SCR_042,CAMP_E,2024-01-11,5000,5080,1.016,ON TRACK,80
SCR_034,CAMP_E,2024-01-11,4000,3741,0.93525,ON TRACK,-259
SCR_019,CAMP_E,2024-01-11,6000,5663,0.9438333333333333,ON TRACK,-337
SCR_050,CAMP_E,2024-01-11,6000,5895,0.9825,ON TRACK,-105
SCR_004,CAMP_E,2024-01-11,5000,4626,0.9252,ON TRACK,-374
SCR_012,CAMP_E,2024-01-11,5000,5078,1.0156,ON TRACK,78
SCR_032,CAMP_E,2024-01-11,5000,5177,1.0354,ON TRACK,177
SCR_029,CAMP_E,2024-01-11,6000,6050,1.0083333333333333,ON TRACK,50
SCR_001,CAMP_E,2024-01-11,6000,6159,1.0265,ON TRACK,159
SCR_013,CAMP_E,2024-01-11,3000,2830,0.9433333333333334,ON TRACK,-170
SCR_043,CAMP_E,2024-01-11,6000,6235,1.0391666666666666,ON TRACK,235
SCR_044,CAMP_E,2024-01-11,4000,3854,0.9635,ON TRACK,-146
SCR_035,CAMP_E,2024-01-11,5000,4556,0.9112,ON TRACK,-444
SCR_002,CAMP_E,2024-01-11,5000,4610,0.922,ON TRACK,-390
SCR_044,CAMP_A,2024-01-12,4000,3769,0.94225,ON TRACK,-231
SCR_048,CAMP_A,2024-01-12,5000,4619,0.9238,ON TRACK,-381
SCR_022,CAMP_A,2024-01-12,3000,2988,0.996,ON TRACK,-12
SCR_005,CAMP_A,2024-01-12,3000,2941,0.9803333333333333,ON TRACK,-59
SCR_036,CAMP_A,2024-01-12,3000,2874,0.958,ON TRACK,-126
SCR_012,CAMP_A,2024-01-12,5000,5190,1.038,ON TRACK,190
SCR_031,CAMP_A,2024-01-12,5000,5189,1.0378,ON TRACK,189
SCR_021,CAMP_A,2024-01-12,5000,5037,1.0074,ON TRACK,37
SCR_023,CAMP_A,2024-01-12,4000,3214,0.8035,UNDER-DELIVERY,-786
SCR_014,CAMP_A,2024-01-12,6000,5485,0.9141666666666667,ON TRACK,-515
SCR_037,CAMP_A,2024-01-12,5000,4996,0.9992,ON TRACK,-4
SCR_018,CAMP_A,2024-01-12,4000,3702,0.9255,ON TRACK,-298
SCR_045,CAMP_A,2024-01-12,6000,5466,0.911,ON TRACK,-534
SCR_013,CAMP_A,2024-01-12,4000,3692,0.923,ON TRACK,-308
SCR_032,CAMP_A,2024-01-12,5000,4718,0.9436,ON TRACK,-282
SCR_040,CAMP_A,2024-01-12,5000,4856,0.9712,ON TRACK,-144
SCR_016,CAMP_A,2024-01-12,5000,4874,0.9748,ON TRACK,-126
SCR_034,CAMP_A,2024-01-12,4000,4031,1.00775,ON TRACK,31
SCR_017,CAMP_A,2024-01-12,5000,4731,0.9462,ON TRACK,-269
SCR_007,CAMP_A,2024-01-12,4000,4149,1.03725,ON TRACK,149
SCR_044,CAMP_B,2024-01-12,6000,5898,0.983,ON TRACK,-102
SCR_015,CAMP_B,2024-01-12,3000,2999,0.9996666666666667,ON TRACK,-1
SCR_007,CAMP_B,2024-01-12,3000,2829,0.943,ON TRACK,-171
SCR_047,CAMP_B,2024-01-12,3000,2860,0.9533333333333334,ON TRACK,-140
SCR_018,CAMP_B,2024-01-12,5000,4912,0.9824,ON TRACK,-88
SCR_016,CAMP_B,2024-01-12,5000,4817,0.9634,ON TRACK,-183
SCR_036,CAMP_B,2024-01-12,5000,5176,1.0352,ON TRACK,176
SCR_028,CAMP_B,2024-01-12,4000,3977,0.99425,ON TRACK,-23
SCR_025,CAMP_B,2024-01-12,4000,3787,0.94675,ON TRACK,-213
SCR_013,CAMP_B,2024-01-12,5000,4866,0.9732,ON TRACK,-134
SCR_010,CAMP_B,2024-01-12,6000,5757,0.9595,ON TRACK,-243
SCR_040,CAMP_B,2024-01-12,5000,5171,1.0342,ON TRACK,171
SCR_031,CAMP_B,2024-01-12,4000,4122,1.0305,ON TRACK,122
SCR_001,CAMP_B,2024-01-12,6000,5905,0.9841666666666666,ON TRACK,-95
SCR_012,CAMP_B,2024-01-12,3000,1891,0.6303333333333333,UNDER-DELIVERY,-1109
SCR_027,CAMP_B,2024-01-12,5000,4739,0.9478,ON TRACK,-261
SCR_032,CAMP_B,2024-01-12,5000,4807,0.9614,ON TRACK,-193
SCR_009,CAMP_B,2024-01-12,6000,6192,1.032,ON TRACK,192
SCR_021,CAMP_B,2024-01-12,6000,5603,0.9338333333333333,ON TRACK,-397
SCR_026,CAMP_B,2024-01-12,3000,2821,0.9403333333333334,ON TRACK,-179
SCR_017,CAMP_C,2024-01-12,4000,4761,1.19025,OVER-DELIVERY,761
SCR_048,CAMP_C,2024-01-12,6000,5652,0.942,ON TRACK,-348
SCR_045,CAMP_C,2024-01-12,5000,4632,0.9264,ON TRACK,-368
SCR_006,CAMP_C,2024-01-12,4000,3008,0.752,UNDER-DELIVERY,-992
SCR_014,CAMP_C,2024-01-12,5000,4853,0.9706,ON TRACK,-147
SCR_011,CAMP_C,2024-01-12,5000,4637,0.9274,ON TRACK,-363
SCR_026,CAMP_C,2024-01-12,4000,3877,0.96925,ON TRACK,-123
SCR_007,CAMP_C,2024-01-12,6000,5958,0.993,ON TRACK,-42
SCR_043,CAMP_C,2024-01-12,5000,4863,0.9726,ON TRACK,-137
SCR_005,CAMP_C,2024-01-12,4000,3869,0.96725,ON TRACK,-131
SCR_031,CAMP_C,2024-01-12,5000,4651,0.9302,ON TRACK,-349
SCR_036,CAMP_C,2024-01-12,3000,2429,0.8096666666666666,UNDER-DELIVERY,-571
SCR_004,CAMP_C,2024-01-12,4000,3883,0.97075,ON TRACK,-117
SCR_002,CAMP_C,2024-01-12,3000,2921,0.9736666666666667,ON TRACK,-79
SCR_044,CAMP_C,2024-01-12,6000,6057,1.0095,ON TRACK,57
SCR_034,CAMP_C,2024-01-12,5000,5067,1.0134,ON TRACK,67
SCR_047,CAMP_C,2024-01-12,5000,5123,1.0246,ON TRACK,123
SCR_042,CAMP_C,2024-01-12,6000,5587,0.9311666666666667,ON TRACK,-413
SCR_050,CAMP_C,2024-01-12,6000,5632,0.9386666666666666,ON TRACK,-368
SCR_020,CAMP_C,2024-01-12,3000,2823,0.941,ON TRACK,-177
SCR_049,CAMP_D,2024-01-12,6000,5475,0.9125,ON TRACK,-525
SCR_040,CAMP_D,2024-01-12,3000,2738,0.9126666666666666,ON TRACK,-262
SCR_045,CAMP_D,2024-01-12,3000,2778,0.926,ON TRACK,-222
SCR_044,CAMP_D,2024-01-12,6000,5641,0.9401666666666667,ON TRACK,-359
SCR_018,CAMP_D,2024-01-12,4000,2330,0.5825,UNDER-DELIVERY,-1670
SCR_019,CAMP_D,2024-01-12,6000,6083,1.0138333333333334,ON TRACK,83
SCR_042,CAMP_D,2024-01-12,5000,5064,1.0128,ON TRACK,64
SCR_035,CAMP_D,2024-01-12,5000,5825,1.165,OVER-DELIVERY,825
SCR_046,CAMP_D,2024-01-12,4000,3178,0.7945,UNDER-DELIVERY,-822
SCR_027,CAMP_D,2024-01-12,3000,2800,0.9333333333333333,ON TRACK,-200
SCR_013,CAMP_D,2024-01-12,5000,5088,1.0176,ON TRACK,88
SCR_005,CAMP_D,2024-01-12,3000,3008,1.0026666666666666,ON TRACK,8
SCR_012,CAMP_D,2024-01-12,6000,5805,0.9675,ON TRACK,-195
SCR_009,CAMP_D,2024-01-12,3000,3016,1.0053333333333334,ON TRACK,16
SCR_048,CAMP_D,2024-01-12,3000,3113,1.0376666666666667,ON TRACK,113
SCR_008,CAMP_D,2024-01-12,6000,6209,1.0348333333333333,ON TRACK,209
SCR_030,CAMP_D,2024-01-12,5000,5023,1.0046,ON TRACK,23
SCR_029,CAMP_D,2024-01-12,3000,2979,0.993,ON TRACK,-21
SCR_047,CAMP_D,2024-01-12,4000,3667,0.91675,ON TRACK,-333
SCR_023,CAMP_D,2024-01-12,4000,3762,0.9405,ON TRACK,-238
SCR_028,CAMP_E,2024-01-12,5000,5198,1.0396,ON TRACK,198
SCR_021,CAMP_E,2024-01-12,3000,2234,0.7446666666666667,UNDER-DELIVERY,-766
SCR_001,CAMP_E,2024-01-12,3000,2820,0.94,ON TRACK,-180
SCR_011,CAMP_E,2024-01-12,5000,4835,0.967,ON TRACK,-165
SCR_018,CAMP_E,2024-01-12,4000,2574,0.6435,UNDER-DELIVERY,-1426
SCR_038,CAMP_E,2024-01-12,4000,3660,0.915,ON TRACK,-340
SCR_008,CAMP_E,2024-01-12,6000,5883,0.9805,ON TRACK,-117
SCR_026,CAMP_E,2024-01-12,6000,5605,0.9341666666666667,ON TRACK,-395
SCR_016,CAMP_E,2024-01-12,5000,4854,0.9708,ON TRACK,-146
SCR_048,CAMP_E,2024-01-12,4000,2235,0.55875,UNDER-DELIVERY,-1765
SCR_003,CAMP_E,2024-01-12,5000,4902,0.9804,ON TRACK,-98
SCR_045,CAMP_E,2024-01-12,6000,4454,0.7423333333333333,UNDER-DELIVERY,-1546
SCR_031,CAMP_E,2024-01-12,6000,6148,1.0246666666666666,ON TRACK,148
SCR_010,CAMP_E,2024-01-12,5000,4705,0.941,ON TRACK,-295
SCR_024,CAMP_E,2024-01-12,3000,2940,0.98,ON TRACK,-60
SCR_006,CAMP_E,2024-01-12,6000,5992,0.9986666666666667,ON TRACK,-8
SCR_042,CAMP_E,2024-01-12,4000,3807,0.95175,ON TRACK,-193
SCR_047,CAMP_E,2024-01-12,5000,5666,1.1332,OVER-DELIVERY,666
SCR_032,CAMP_E,2024-01-12,3000,2569,0.8563333333333333,UNDER-DELIVERY,-431
SCR_040,CAMP_E,2024-01-12,4000,3745,0.93625,ON TRACK,-255
SCR_032,CAMP_A,2024-01-13,6000,6109,1.0181666666666667,ON TRACK,109
SCR_013,CAMP_A,2024-01-13,6000,5507,0.9178333333333333,ON TRACK,-493
SCR_007,CAMP_A,2024-01-13,6000,6079,1.0131666666666668,ON TRACK,79
SCR_003,CAMP_A,2024-01-13,3000,2833,0.9443333333333334,ON TRACK,-167
SCR_037,CAMP_A,2024-01-13,3000,3055,1.0183333333333333,ON TRACK,55
SCR_042,CAMP_A,2024-01-13,3000,3104,1.0346666666666666,ON TRACK,104
SCR_025,CAMP_A,2024-01-13,3000,3277,1.0923333333333334,OVER-DELIVERY,277
SCR_043,CAMP_A,2024-01-13,6000,5870,0.9783333333333334,ON TRACK,-130
SCR_050,CAMP_A,2024-01-13,4000,4132,1.033,ON TRACK,132
SCR_034,CAMP_A,2024-01-13,6000,6057,1.0095,ON TRACK,57
SCR_040,CAMP_A,2024-01-13,5000,5006,1.0012,ON TRACK,6
SCR_038,CAMP_A,2024-01-13,6000,5590,0.9316666666666666,ON TRACK,-410
SCR_017,CAMP_A,2024-01-13,4000,3902,0.9755,ON TRACK,-98
SCR_004,CAMP_A,2024-01-13,4000,3951,0.98775,ON TRACK,-49
SCR_024,CAMP_A,2024-01-13,5000,4907,0.9814,ON TRACK,-93
SCR_015,CAMP_A,2024-01-13,5000,4818,0.9636,ON TRACK,-182
SCR_005,CAMP_A,2024-01-13,6000,5712,0.952,ON TRACK,-288
SCR_001,CAMP_A,2024-01-13,4000,3751,0.93775,ON TRACK,-249
SCR_014,CAMP_A,2024-01-13,5000,4844,0.9688,ON TRACK,-156
SCR_021,CAMP_A,2024-01-13,6000,3079,0.5131666666666667,UNDER-DELIVERY,-2921
SCR_019,CAMP_B,2024-01-13,4000,3830,0.9575,ON TRACK,-170
SCR_039,CAMP_B,2024-01-13,4000,4061,1.01525,ON TRACK,61
SCR_002,CAMP_B,2024-01-13,3000,2951,0.9836666666666667,ON TRACK,-49
SCR_034,CAMP_B,2024-01-13,4000,4016,1.004,ON TRACK,16
SCR_009,CAMP_B,2024-01-13,6000,6104,1.0173333333333334,ON TRACK,104
SCR_020,CAMP_B,2024-01-13,3000,2847,0.949,ON TRACK,-153
SCR_001,CAMP_B,2024-01-13,6000,3127,0.5211666666666667,UNDER-DELIVERY,-2873
SCR_045,CAMP_B,2024-01-13,5000,5081,1.0162,ON TRACK,81
SCR_015,CAMP_B,2024-01-13,6000,5554,0.9256666666666666,ON TRACK,-446
SCR_014,CAMP_B,2024-01-13,4000,4081,1.02025,ON TRACK,81
SCR_021,CAMP_B,2024-01-13,3000,2976,0.992,ON TRACK,-24
SCR_048,CAMP_B,2024-01-13,3000,2746,0.9153333333333333,ON TRACK,-254
SCR_018,CAMP_B,2024-01-13,4000,4002,1.0005,ON TRACK,2
SCR_036,CAMP_B,2024-01-13,4000,3111,0.77775,UNDER-DELIVERY,-889
SCR_033,CAMP_B,2024-01-13,6000,6047,1.0078333333333334,ON TRACK,47
SCR_010,CAMP_B,2024-01-13,3000,2843,0.9476666666666667,ON TRACK,-157
SCR_007,CAMP_B,2024-01-13,6000,5722,0.9536666666666667,ON TRACK,-278
SCR_003,CAMP_B,2024-01-13,6000,5498,0.9163333333333333,ON TRACK,-502
SCR_030,CAMP_B,2024-01-13,6000,5770,0.9616666666666667,ON TRACK,-230
SCR_012,CAMP_B,2024-01-13,6000,5561,0.9268333333333333,ON TRACK,-439
SCR_009,CAMP_C,2024-01-13,6000,5731,0.9551666666666667,ON TRACK,-269
SCR_031,CAMP_C,2024-01-13,5000,4976,0.9952,ON TRACK,-24
SCR_036,CAMP_C,2024-01-13,5000,4777,0.9554,ON TRACK,-223
SCR_013,CAMP_C,2024-01-13,6000,5803,0.9671666666666666,ON TRACK,-197
SCR_032,CAMP_C,2024-01-13,4000,3834,0.9585,ON TRACK,-166
SCR_026,CAMP_C,2024-01-13,3000,3202,1.0673333333333332,OVER-DELIVERY,202
SCR_042,CAMP_C,2024-01-13,4000,4066,1.0165,ON TRACK,66
SCR_037,CAMP_C,2024-01-13,3000,3043,1.0143333333333333,ON TRACK,43
SCR_047,CAMP_C,2024-01-13,5000,4564,0.9128,ON TRACK,-436
SCR_048,CAMP_C,2024-01-13,4000,3750,0.9375,ON TRACK,-250
SCR_040,CAMP_C,2024-01-13,5000,4954,0.9908,ON TRACK,-46
SCR_034,CAMP_C,2024-01-13,4000,3987,0.99675,ON TRACK,-13
SCR_016,CAMP_C,2024-01-13,6000,5977,0.9961666666666666,ON TRACK,-23
SCR_038,CAMP_C,2024-01-13,3000,2753,0.9176666666666666,ON TRACK,-247
SCR_005,CAMP_C,2024-01-13,4000,3961,0.99025,ON TRACK,-39
SCR_018,CAMP_C,2024-01-13,3000,3098,1.0326666666666666,ON TRACK,98
SCR_028,CAMP_C,2024-01-13,3000,2835,0.945,ON TRACK,-165
SCR_021,CAMP_C,2024-01-13,5000,4562,0.9124,ON TRACK,-438
SCR_006,CAMP_C,2024-01-13,6000,5756,0.9593333333333334,ON TRACK,-244
SCR_004,CAMP_C,2024-01-13,3000,2919,0.973,ON TRACK,-81
SCR_039,CAMP_D,2024-01-13,5000,4746,0.9492,ON TRACK,-254
SCR_035,CAMP_D,2024-01-13,5000,4956,0.9912,ON TRACK,-44
SCR_006,CAMP_D,2024-01-13,6000,6095,1.0158333333333334,ON TRACK,95
SCR_012,CAMP_D,2024-01-13,3000,3100,1.0333333333333334,ON TRACK,100
SCR_013,CAMP_D,2024-01-13,4000,4106,1.0265,ON TRACK,106
SCR_033,CAMP_D,2024-01-13,4000,4454,1.1135,OVER-DELIVERY,454
SCR_030,CAMP_D,2024-01-13,4000,3937,0.98425,ON TRACK,-63
SCR_036,CAMP_D,2024-01-13,6000,6169,1.0281666666666667,ON TRACK,169
SCR_002,CAMP_D,2024-01-13,5000,4635,0.927,ON TRACK,-365
SCR_003,CAMP_D,2024-01-13,4000,3995,0.99875,ON TRACK,-5
SCR_016,CAMP_D,2024-01-13,4000,3800,0.95,ON TRACK,-200
SCR_034,CAMP_D,2024-01-13,4000,4112,1.028,ON TRACK,112
SCR_020,CAMP_D,2024-01-13,4000,3933,0.98325,ON TRACK,-67
SCR_022,CAMP_D,2024-01-13,4000,3929,0.98225,ON TRACK,-71
SCR_032,CAMP_D,2024-01-13,3000,3057,1.019,ON TRACK,57
SCR_026,CAMP_D,2024-01-13,4000,4038,1.0095,ON TRACK,38
SCR_011,CAMP_D,2024-01-13,6000,5696,0.9493333333333334,ON TRACK,-304
SCR_042,CAMP_D,2024-01-13,5000,4672,0.9344,ON TRACK,-328
SCR_023,CAMP_D,2024-01-13,4000,4036,1.009,ON TRACK,36
SCR_037,CAMP_D,2024-01-13,5000,4948,0.9896,ON TRACK,-52
SCR_039,CAMP_E,2024-01-13,4000,3162,0.7905,UNDER-DELIVERY,-838
SCR_015,CAMP_E,2024-01-13,3000,3100,1.0333333333333334,ON TRACK,100
SCR_049,CAMP_E,2024-01-13,4000,4153,1.03825,ON TRACK,153
SCR_044,CAMP_E,2024-01-13,4000,3409,0.85225,UNDER-DELIVERY,-591
SCR_002,CAMP_E,2024-01-13,6000,5842,0.9736666666666667,ON TRACK,-158
SCR_023,CAMP_E,2024-01-13,5000,5126,1.0252,ON TRACK,126
SCR_006,CAMP_E,2024-01-13,6000,5492,0.9153333333333333,ON TRACK,-508
SCR_031,CAMP_E,2024-01-13,6000,5767,0.9611666666666666,ON TRACK,-233
SCR_009,CAMP_E,2024-01-13,3000,2906,0.9686666666666667,ON TRACK,-94
SCR_033,CAMP_E,2024-01-13,3000,2825,0.9416666666666667,ON TRACK,-175
SCR_050,CAMP_E,2024-01-13,6000,5490,0.915,ON TRACK,-510
SCR_043,CAMP_E,2024-01-13,6000,5951,0.9918333333333333,ON TRACK,-49
SCR_024,CAMP_E,2024-01-13,3000,2901,0.967,ON TRACK,-99
SCR_012,CAMP_E,2024-01-13,5000,4735,0.947,ON TRACK,-265
SCR_025,CAMP_E,2024-01-13,4000,3958,0.9895,ON TRACK,-42
SCR_032,CAMP_E,2024-01-13,3000,3082,1.0273333333333334,ON TRACK,82
SCR_040,CAMP_E,2024-01-13,6000,5812,0.9686666666666667,ON TRACK,-188
SCR_042,CAMP_E,2024-01-13,3000,2958,0.986,ON TRACK,-42
SCR_011,CAMP_E,2024-01-13,4000,3808,0.952,ON TRACK,-192
SCR_007,CAMP_E,2024-01-13,3000,2960,0.9866666666666667,ON TRACK,-40
SCR_046,CAMP_A,2024-01-14,6000,3389,0.5648333333333333,UNDER-DELIVERY,-2611
SCR_013,CAMP_A,2024-01-14,5000,4978,0.9956,ON TRACK,-22
SCR_030,CAMP_A,2024-01-14,4000,3715,0.92875,ON TRACK,-285
SCR_006,CAMP_A,2024-01-14,3000,2850,0.95,ON TRACK,-150
SCR_017,CAMP_A,2024-01-14,6000,5600,0.9333333333333333,ON TRACK,-400
SCR_021,CAMP_A,2024-01-14,4000,3641,0.91025,ON TRACK,-359
SCR_042,CAMP_A,2024-01-14,5000,3445,0.689,UNDER-DELIVERY,-1555
SCR_011,CAMP_A,2024-01-14,6000,5464,0.9106666666666666,ON TRACK,-536
SCR_008,CAMP_A,2024-01-14,6000,5919,0.9865,ON TRACK,-81
SCR_047,CAMP_A,2024-01-14,6000,5804,0.9673333333333334,ON TRACK,-196
SCR_044,CAMP_A,2024-01-14,3000,2943,0.981,ON TRACK,-57
SCR_029,CAMP_A,2024-01-14,4000,2225,0.55625,UNDER-DELIVERY,-1775
SCR_024,CAMP_A,2024-01-14,5000,4122,0.8244,UNDER-DELIVERY,-878
SCR_041,CAMP_A,2024-01-14,5000,4607,0.9214,ON TRACK,-393
SCR_034,CAMP_A,2024-01-14,3000,2799,0.933,ON TRACK,-201
SCR_025,CAMP_A,2024-01-14,5000,4999,0.9998,ON TRACK,-1
SCR_033,CAMP_A,2024-01-14,4000,4029,1.00725,ON TRACK,29
SCR_043,CAMP_A,2024-01-14,5000,4610,0.922,ON TRACK,-390
SCR_035,CAMP_A,2024-01-14,5000,5133,1.0266,ON TRACK,133
SCR_018,CAMP_A,2024-01-14,3000,3058,1.0193333333333334,ON TRACK,58
SCR_005,CAMP_B,2024-01-14,5000,4923,0.9846,ON TRACK,-77
SCR_019,CAMP_B,2024-01-14,5000,4949,0.9898,ON TRACK,-51
SCR_031,CAMP_B,2024-01-14,6000,5952,0.992,ON TRACK,-48
SCR_009,CAMP_B,2024-01-14,6000,6149,1.0248333333333333,ON TRACK,149
SCR_008,CAMP_B,2024-01-14,4000,4149,1.03725,ON TRACK,149
SCR_045,CAMP_B,2024-01-14,3000,3375,1.125,OVER-DELIVERY,375
SCR_018,CAMP_B,2024-01-14,3000,2810,0.9366666666666666,ON TRACK,-190
SCR_022,CAMP_B,2024-01-14,6000,5720,0.9533333333333334,ON TRACK,-280
SCR_034,CAMP_B,2024-01-14,4000,2305,0.57625,UNDER-DELIVERY,-1695
SCR_027,CAMP_B,2024-01-14,5000,4594,0.9188,ON TRACK,-406
SCR_042,CAMP_B,2024-01-14,5000,4760,0.952,ON TRACK,-240
SCR_014,CAMP_B,2024-01-14,3000,3319,1.1063333333333334,OVER-DELIVERY,319
SCR_039,CAMP_B,2024-01-14,6000,5940,0.99,ON TRACK,-60
SCR_004,CAMP_B,2024-01-14,3000,2805,0.935,ON TRACK,-195
SCR_007,CAMP_B,2024-01-14,5000,4861,0.9722,ON TRACK,-139
SCR_040,CAMP_B,2024-01-14,6000,5963,0.9938333333333333,ON TRACK,-37
SCR_006,CAMP_B,2024-01-14,6000,5819,0.9698333333333333,ON TRACK,-181
SCR_048,CAMP_B,2024-01-14,5000,5079,1.0158,ON TRACK,79
SCR_049,CAMP_B,2024-01-14,3000,2846,0.9486666666666667,ON TRACK,-154
SCR_038,CAMP_B,2024-01-14,5000,4562,0.9124,ON TRACK,-438
SCR_037,CAMP_C,2024-01-14,6000,7096,1.1826666666666668,OVER-DELIVERY,1096
SCR_044,CAMP_C,2024-01-14,5000,5167,1.0334,ON TRACK,167
SCR_022,CAMP_C,2024-01-14,4000,3731,0.93275,ON TRACK,-269
SCR_023,CAMP_C,2024-01-14,5000,5055,1.011,ON TRACK,55
SCR_005,CAMP_C,2024-01-14,3000,2739,0.913,ON TRACK,-261
SCR_010,CAMP_C,2024-01-14,6000,5580,0.93,ON TRACK,-420
SCR_018,CAMP_C,2024-01-14,5000,5026,1.0052,ON TRACK,26
SCR_002,CAMP_C,2024-01-14,5000,4643,0.9286,ON TRACK,-357
SCR_048,CAMP_C,2024-01-14,3000,3095,1.0316666666666667,ON TRACK,95
SCR_025,CAMP_C,2024-01-14,4000,3659,0.91475,ON TRACK,-341
SCR_035,CAMP_C,2024-01-14,6000,5867,0.9778333333333333,ON TRACK,-133
SCR_011,CAMP_C,2024-01-14,3000,2747,0.9156666666666666,ON TRACK,-253
SCR_050,CAMP_C,2024-01-14,3000,3076,1.0253333333333334,ON TRACK,76
SCR_041,CAMP_C,2024-01-14,3000,2987,0.9956666666666667,ON TRACK,-13
SCR_012,CAMP_C,2024-01-14,5000,3941,0.7882,UNDER-DELIVERY,-1059
SCR_008,CAMP_C,2024-01-14,4000,3740,0.935,ON TRACK,-260
SCR_020,CAMP_C,2024-01-14,5000,5052,1.0104,ON TRACK,52
SCR_021,CAMP_C,2024-01-14,3000,2791,0.9303333333333333,ON TRACK,-209
SCR_003,CAMP_C,2024-01-14,3000,2210,0.7366666666666667,UNDER-DELIVERY,-790
SCR_009,CAMP_C,2024-01-14,3000,2866,0.9553333333333334,ON TRACK,-134
SCR_021,CAMP_D,2024-01-14,6000,3972,0.662,UNDER-DELIVERY,-2028
SCR_018,CAMP_D,2024-01-14,4000,4103,1.02575,ON TRACK,103
SCR_010,CAMP_D,2024-01-14,6000,5703,0.9505,ON TRACK,-297
SCR_046,CAMP_D,2024-01-14,4000,3988,0.997,ON TRACK,-12
SCR_019,CAMP_D,2024-01-14,3000,3024,1.008,ON TRACK,24
SCR_037,CAMP_D,2024-01-14,6000,5532,0.922,ON TRACK,-468
SCR_016,CAMP_D,2024-01-14,6000,6620,1.1033333333333333,OVER-DELIVERY,620
SCR_011,CAMP_D,2024-01-14,6000,6199,1.0331666666666666,ON TRACK,199
SCR_005,CAMP_D,2024-01-14,4000,3960,0.99,ON TRACK,-40
SCR_020,CAMP_D,2024-01-14,5000,5004,1.0008,ON TRACK,4
SCR_040,CAMP_D,2024-01-14,5000,5123,1.0246,ON TRACK,123
SCR_022,CAMP_D,2024-01-14,6000,5510,0.9183333333333333,ON TRACK,-490
SCR_035,CAMP_D,2024-01-14,3000,2909,0.9696666666666667,ON TRACK,-91
SCR_029,CAMP_D,2024-01-14,4000,3821,0.95525,ON TRACK,-179
SCR_004,CAMP_D,2024-01-14,4000,3850,0.9625,ON TRACK,-150
SCR_009,CAMP_D,2024-01-14,3000,2983,0.9943333333333333,ON TRACK,-17
SCR_002,CAMP_D,2024-01-14,5000,4810,0.962,ON TRACK,-190
SCR_031,CAMP_D,2024-01-14,6000,5650,0.9416666666666667,ON TRACK,-350
SCR_036,CAMP_D,2024-01-14,4000,3839,0.95975,ON TRACK,-161
SCR_032,CAMP_D,2024-01-14,5000,5001,1.0002,ON TRACK,1
SCR_028,CAMP_E,2024-01-14,6000,3247,0.5411666666666667,UNDER-DELIVERY,-2753
SCR_050,CAMP_E,2024-01-14,6000,5963,0.9938333333333333,ON TRACK,-37
SCR_037,CAMP_E,2024-01-14,3000,3523,1.1743333333333332,OVER-DELIVERY,523
SCR_022,CAMP_E,2024-01-14,3000,2987,0.9956666666666667,ON TRACK,-13
SCR_035,CAMP_E,2024-01-14,6000,5764,0.9606666666666667,ON TRACK,-236
SCR_045,CAMP_E,2024-01-14,6000,5991,0.9985,ON TRACK,-9
SCR_016,CAMP_E,2024-01-14,5000,5066,1.0132,ON TRACK,66
SCR_012,CAMP_E,2024-01-14,5000,5158,1.0316,ON TRACK,158
SCR_005,CAMP_E,2024-01-14,5000,4928,0.9856,ON TRACK,-72
SCR_048,CAMP_E,2024-01-14,6000,6124,1.0206666666666666,ON TRACK,124
SCR_032,CAMP_E,2024-01-14,3000,2944,0.9813333333333333,ON TRACK,-56
SCR_008,CAMP_E,2024-01-14,3000,2138,0.7126666666666667,UNDER-DELIVERY,-862
SCR_038,CAMP_E,2024-01-14,5000,5497,1.0994,OVER-DELIVERY,497
SCR_030,CAMP_E,2024-01-14,3000,3003,1.001,ON TRACK,3
SCR_021,CAMP_E,2024-01-14,6000,6015,1.0025,ON TRACK,15
SCR_007,CAMP_E,2024-01-14,6000,5885,0.9808333333333333,ON TRACK,-115
SCR_029,CAMP_E,2024-01-14,4000,3737,0.93425,ON TRACK,-263
SCR_043,CAMP_E,2024-01-14,6000,5741,0.9568333333333333,ON TRACK,-259
SCR_020,CAMP_E,2024-01-14,6000,6238,1.0396666666666667,ON TRACK,238
SCR_031,CAMP_E,2024-01-14,4000,3677,0.91925,ON TRACK,-323
SCR_002,CAMP_A,2024-01-15,4000,3954,0.9885,ON TRACK,-46
SCR_010,CAMP_A,2024-01-15,6000,5644,0.9406666666666667,ON TRACK,-356
SCR_047,CAMP_A,2024-01-15,5000,4905,0.981,ON TRACK,-95
SCR_032,CAMP_A,2024-01-15,5000,2571,0.5142,UNDER-DELIVERY,-2429
SCR_043,CAMP_A,2024-01-15,6000,5548,0.9246666666666666,ON TRACK,-452
SCR_028,CAMP_A,2024-01-15,6000,5522,0.9203333333333333,ON TRACK,-478
SCR_009,CAMP_A,2024-01-15,5000,4600,0.92,ON TRACK,-400
SCR_006,CAMP_A,2024-01-15,3000,2975,0.9916666666666667,ON TRACK,-25
SCR_044,CAMP_A,2024-01-15,3000,2940,0.98,ON TRACK,-60
SCR_027,CAMP_A,2024-01-15,5000,5137,1.0274,ON TRACK,137
SCR_030,CAMP_A,2024-01-15,3000,2929,0.9763333333333334,ON TRACK,-71
SCR_039,CAMP_A,2024-01-15,6000,5718,0.953,ON TRACK,-282
SCR_045,CAMP_A,2024-01-15,5000,5068,1.0136,ON TRACK,68
SCR_012,CAMP_A,2024-01-15,5000,5001,1.0002,ON TRACK,1
SCR_040,CAMP_A,2024-01-15,5000,4916,0.9832,ON TRACK,-84
SCR_033,CAMP_A,2024-01-15,3000,2955,0.985,ON TRACK,-45
SCR_038,CAMP_A,2024-01-15,3000,2843,0.9476666666666667,ON TRACK,-157
SCR_029,CAMP_A,2024-01-15,3000,2762,0.9206666666666666,ON TRACK,-238
SCR_025,CAMP_A,2024-01-15,3000,2838,0.946,ON TRACK,-162
SCR_037,CAMP_A,2024-01-15,4000,3783,0.94575,ON TRACK,-217
SCR_017,CAMP_B,2024-01-15,4000,4067,1.01675,ON TRACK,67
SCR_001,CAMP_B,2024-01-15,6000,5782,0.9636666666666667,ON TRACK,-218
SCR_048,CAMP_B,2024-01-15,6000,5803,0.9671666666666666,ON TRACK,-197
SCR_008,CAMP_B,2024-01-15,4000,4021,1.00525,ON TRACK,21
SCR_039,CAMP_B,2024-01-15,5000,3002,0.6004,UNDER-DELIVERY,-1998
SCR_012,CAMP_B,2024-01-15,3000,2028,0.676,UNDER-DELIVERY,-972
SCR_038,CAMP_B,2024-01-15,6000,6041,1.0068333333333332,ON TRACK,41
SCR_010,CAMP_B,2024-01-15,4000,4006,1.0015,ON TRACK,6
SCR_029,CAMP_B,2024-01-15,6000,5873,0.9788333333333333,ON TRACK,-127
SCR_024,CAMP_B,2024-01-15,6000,5114,0.8523333333333334,UNDER-DELIVERY,-886
SCR_045,CAMP_B,2024-01-15,6000,5706,0.951,ON TRACK,-294
SCR_050,CAMP_B,2024-01-15,3000,3403,1.1343333333333334,OVER-DELIVERY,403
SCR_016,CAMP_B,2024-01-15,5000,4830,0.966,ON TRACK,-170
SCR_032,CAMP_B,2024-01-15,5000,4723,0.9446,ON TRACK,-277
SCR_040,CAMP_B,2024-01-15,3000,2957,0.9856666666666667,ON TRACK,-43
SCR_034,CAMP_B,2024-01-15,6000,6044,1.0073333333333334,ON TRACK,44
SCR_003,CAMP_B,2024-01-15,4000,3992,0.998,ON TRACK,-8
SCR_022,CAMP_B,2024-01-15,4000,3645,0.91125,ON TRACK,-355
SCR_006,CAMP_B,2024-01-15,3000,2734,0.9113333333333333,ON TRACK,-266
SCR_031,CAMP_B,2024-01-15,3000,2997,0.999,ON TRACK,-3
SCR_023,CAMP_C,2024-01-15,3000,2828,0.9426666666666667,ON TRACK,-172
SCR_015,CAMP_C,2024-01-15,6000,5519,0.9198333333333333,ON TRACK,-481
SCR_047,CAMP_C,2024-01-15,6000,5675,0.9458333333333333,ON TRACK,-325
SCR_019,CAMP_C,2024-01-15,6000,5980,0.9966666666666667,ON TRACK,-20
SCR_017,CAMP_C,2024-01-15,5000,5057,1.0114,ON TRACK,57
SCR_013,CAMP_C,2024-01-15,5000,4798,0.9596,ON TRACK,-202
SCR_003,CAMP_C,2024-01-15,5000,4717,0.9434,ON TRACK,-283
SCR_002,CAMP_C,2024-01-15,5000,4595,0.919,ON TRACK,-405
SCR_040,CAMP_C,2024-01-15,4000,3732,0.933,ON TRACK,-268
SCR_006,CAMP_C,2024-01-15,6000,6814,1.1356666666666666,OVER-DELIVERY,814
SCR_004,CAMP_C,2024-01-15,6000,5961,0.9935,ON TRACK,-39
SCR_039,CAMP_C,2024-01-15,6000,5540,0.9233333333333333,ON TRACK,-460
SCR_014,CAMP_C,2024-01-15,3000,2329,0.7763333333333333,UNDER-DELIVERY,-671
SCR_008,CAMP_C,2024-01-15,6000,4134,0.689,UNDER-DELIVERY,-1866
SCR_037,CAMP_C,2024-01-15,3000,2989,0.9963333333333333,ON TRACK,-11
SCR_041,CAMP_C,2024-01-15,5000,4764,0.9528,ON TRACK,-236
SCR_009,CAMP_C,2024-01-15,6000,5861,0.9768333333333333,ON TRACK,-139
SCR_025,CAMP_C,2024-01-15,6000,5775,0.9625,ON TRACK,-225
SCR_012,CAMP_C,2024-01-15,3000,2731,0.9103333333333333,ON TRACK,-269
SCR_029,CAMP_C,2024-01-15,6000,5877,0.9795,ON TRACK,-123
SCR_023,CAMP_D,2024-01-15,4000,3842,0.9605,ON TRACK,-158
SCR_022,CAMP_D,2024-01-15,3000,2870,0.9566666666666667,ON TRACK,-130
SCR_044,CAMP_D,2024-01-15,3000,2900,0.9666666666666667,ON TRACK,-100
SCR_020,CAMP_D,2024-01-15,4000,3740,0.935,ON TRACK,-260
SCR_026,CAMP_D,2024-01-15,4000,3672,0.918,ON TRACK,-328
SCR_004,CAMP_D,2024-01-15,5000,5177,1.0354,ON TRACK,177
SCR_041,CAMP_D,2024-01-15,6000,5472,0.912,ON TRACK,-528
SCR_042,CAMP_D,2024-01-15,5000,3996,0.7992,UNDER-DELIVERY,-1004
SCR_006,CAMP_D,2024-01-15,3000,2812,0.9373333333333334,ON TRACK,-188
SCR_024,CAMP_D,2024-01-15,6000,6138,1.023,ON TRACK,138
SCR_035,CAMP_D,2024-01-15,4000,3761,0.94025,ON TRACK,-239
SCR_049,CAMP_D,2024-01-15,3000,1661,0.5536666666666666,UNDER-DELIVERY,-1339
SCR_043,CAMP_D,2024-01-15,3000,3088,1.0293333333333334,ON TRACK,88
SCR_030,CAMP_D,2024-01-15,3000,2983,0.9943333333333333,ON TRACK,-17
SCR_019,CAMP_D,2024-01-15,3000,2749,0.9163333333333333,ON TRACK,-251
SCR_013,CAMP_D,2024-01-15,5000,4613,0.9226,ON TRACK,-387
SCR_012,CAMP_D,2024-01-15,4000,3673,0.91825,ON TRACK,-327
SCR_003,CAMP_D,2024-01-15,3000,3429,1.143,OVER-DELIVERY,429
SCR_025,CAMP_D,2024-01-15,4000,2308,0.577,UNDER-DELIVERY,-1692
SCR_039,CAMP_D,2024-01-15,5000,5188,1.0376,ON TRACK,188
SCR_044,CAMP_E,2024-01-15,5000,4835,0.967,ON TRACK,-165
SCR_026,CAMP_E,2024-01-15,3000,3038,1.0126666666666666,ON TRACK,38
SCR_021,CAMP_E,2024-01-15,6000,5472,0.912,ON TRACK,-528
SCR_008,CAMP_E,2024-01-15,6000,6366,1.061,OVER-DELIVERY,366
SCR_050,CAMP_E,2024-01-15,3000,2961,0.987,ON TRACK,-39
SCR_037,CAMP_E,2024-01-15,5000,5074,1.0148,ON TRACK,74
SCR_035,CAMP_E,2024-01-15,6000,5620,0.9366666666666666,ON TRACK,-380
SCR_009,CAMP_E,2024-01-15,5000,4817,0.9634,ON TRACK,-183
SCR_048,CAMP_E,2024-01-15,4000,3659,0.91475,ON TRACK,-341
SCR_014,CAMP_E,2024-01-15,4000,3958,0.9895,ON TRACK,-42
SCR_003,CAMP_E,2024-01-15,3000,3035,1.0116666666666667,ON TRACK,35
SCR_038,CAMP_E,2024-01-15,5000,4912,0.9824,ON TRACK,-88
SCR_012,CAMP_E,2024-01-15,4000,4536,1.134,OVER-DELIVERY,536
SCR_022,CAMP_E,2024-01-15,3000,3066,1.022,ON TRACK,66
SCR_005,CAMP_E,2024-01-15,4000,3965,0.99125,ON TRACK,-35
SCR_047,CAMP_E,2024-01-15,4000,3740,0.935,ON TRACK,-260
SCR_018,CAMP_E,2024-01-15,4000,4143,1.03575,ON TRACK,143
SCR_010,CAMP_E,2024-01-15,6000,5584,0.9306666666666666,ON TRACK,-416
SCR_027,CAMP_E,2024-01-15,3000,1915,0.6383333333333333,UNDER-DELIVERY,-1085
SCR_006,CAMP_E,2024-01-15,4000,3813,0.95325,ON TRACK,-187
SCR_049,CAMP_A,2024-01-16,3000,2768,0.9226666666666666,ON TRACK,-232
SCR_030,CAMP_A,2024-01-16,6000,5752,0.9586666666666667,ON TRACK,-248
SCR_003,CAMP_A,2024-01-16,4000,2889,0.72225,UNDER-DELIVERY,-1111
SCR_007,CAMP_A,2024-01-16,3000,2786,0.9286666666666666,ON TRACK,-214
SCR_004,CAMP_A,2024-01-16,6000,5751,0.9585,ON TRACK,-249
SCR_035,CAMP_A,2024-01-16,6000,5952,0.992,ON TRACK,-48
SCR_012,CAMP_A,2024-01-16,5000,4632,0.9264,ON TRACK,-368
SCR_011,CAMP_A,2024-01-16,3000,2773,0.9243333333333333,ON TRACK,-227
SCR_002,CAMP_A,2024-01-16,6000,5593,0.9321666666666667,ON TRACK,-407
SCR_032,CAMP_A,2024-01-16,5000,4741,0.9482,ON TRACK,-259
SCR_033,CAMP_A,2024-01-16,4000,3971,0.99275,ON TRACK,-29
SCR_008,CAMP_A,2024-01-16,4000,3927,0.98175,ON TRACK,-73
SCR_005,CAMP_A,2024-01-16,4000,4719,1.17975,OVER-DELIVERY,719
SCR_016,CAMP_A,2024-01-16,6000,5628,0.938,ON TRACK,-372
SCR_029,CAMP_A,2024-01-16,6000,5677,0.9461666666666667,ON TRACK,-323
SCR_021,CAMP_A,2024-01-16,6000,5652,0.942,ON TRACK,-348
SCR_027,CAMP_A,2024-01-16,5000,4694,0.9388,ON TRACK,-306
SCR_013,CAMP_A,2024-01-16,4000,4107,1.02675,ON TRACK,107
SCR_045,CAMP_A,2024-01-16,6000,5491,0.9151666666666667,ON TRACK,-509
SCR_039,CAMP_A,2024-01-16,6000,5853,0.9755,ON TRACK,-147
SCR_028,CAMP_B,2024-01-16,6000,5586,0.931,ON TRACK,-414
SCR_034,CAMP_B,2024-01-16,6000,6042,1.007,ON TRACK,42
SCR_026,CAMP_B,2024-01-16,3000,2910,0.97,ON TRACK,-90
SCR_031,CAMP_B,2024-01-16,4000,3850,0.9625,ON TRACK,-150
SCR_045,CAMP_B,2024-01-16,5000,5007,1.0014,ON TRACK,7
SCR_007,CAMP_B,2024-01-16,3000,2757,0.919,ON TRACK,-243
SCR_029,CAMP_B,2024-01-16,5000,4742,0.9484,ON TRACK,-258
SCR_032,CAMP_B,2024-01-16,5000,4948,0.9896,ON TRACK,-52
SCR_016,CAMP_B,2024-01-16,4000,3682,0.9205,ON TRACK,-318
SCR_006,CAMP_B,2024-01-16,5000,4585,0.917,ON TRACK,-415
SCR_036,CAMP_B,2024-01-16,5000,4622,0.9244,ON TRACK,-378
SCR_001,CAMP_B,2024-01-16,5000,4576,0.9152,ON TRACK,-424
SCR_027,CAMP_B,2024-01-16,5000,4913,0.9826,ON TRACK,-87
SCR_014,CAMP_B,2024-01-16,3000,3031,1.0103333333333333,ON TRACK,31
SCR_009,CAMP_B,2024-01-16,4000,3764,0.941,ON TRACK,-236
SCR_023,CAMP_B,2024-01-16,3000,3017,1.0056666666666667,ON TRACK,17
SCR_019,CAMP_B,2024-01-16,4000,4035,1.00875,ON TRACK,35
SCR_042,CAMP_B,2024-01-16,5000,4723,0.9446,ON TRACK,-277
SCR_041,CAMP_B,2024-01-16,6000,5509,0.9181666666666667,ON TRACK,-491
SCR_039,CAMP_B,2024-01-16,5000,4875,0.975,ON TRACK,-125
SCR_008,CAMP_C,2024-01-16,4000,4002,1.0005,ON TRACK,2
SCR_031,CAMP_C,2024-01-16,6000,5619,0.9365,ON TRACK,-381
SCR_046,CAMP_C,2024-01-16,3000,3108,1.036,ON TRACK,108
SCR_035,CAMP_C,2024-01-16,4000,3858,0.9645,ON TRACK,-142
SCR_044,CAMP_C,2024-01-16,3000,2754,0.918,ON TRACK,-246
SCR_047,CAMP_C,2024-01-16,4000,3910,0.9775,ON TRACK,-90
SCR_019,CAMP_C,2024-01-16,5000,4772,0.9544,ON TRACK,-228
SCR_029,CAMP_C,2024-01-16,5000,4982,0.9964,ON TRACK,-18
SCR_040,CAMP_C,2024-01-16,6000,5902,0.9836666666666667,ON TRACK,-98
SCR_024,CAMP_C,2024-01-16,5000,4719,0.9438,ON TRACK,-281
SCR_005,CAMP_C,2024-01-16,6000,5684,0.9473333333333334,ON TRACK,-316
SCR_013,CAMP_C,2024-01-16,3000,2840,0.9466666666666667,ON TRACK,-160
SCR_030,CAMP_C,2024-01-16,4000,3723,0.93075,ON TRACK,-277
SCR_006,CAMP_C,2024-01-16,5000,4663,0.9326,ON TRACK,-337
SCR_037,CAMP_C,2024-01-16,4000,3700,0.925,ON TRACK,-300
SCR_026,CAMP_C,2024-01-16,5000,4836,0.9672,ON TRACK,-164
SCR_012,CAMP_C,2024-01-16,5000,4915,0.983,ON TRACK,-85
SCR_048,CAMP_C,2024-01-16,3000,3111,1.037,ON TRACK,111
SCR_042,CAMP_C,2024-01-16,4000,3920,0.98,ON TRACK,-80
SCR_004,CAMP_C,2024-01-16,4000,3703,0.92575,ON TRACK,-297
SCR_002,CAMP_D,2024-01-16,3000,2944,0.9813333333333333,ON TRACK,-56
SCR_026,CAMP_D,2024-01-16,5000,3673,0.7346,UNDER-DELIVERY,-1327
SCR_032,CAMP_D,2024-01-16,4000,3688,0.922,ON TRACK,-312
SCR_010,CAMP_D,2024-01-16,3000,2806,0.9353333333333333,ON TRACK,-194
SCR_030,CAMP_D,2024-01-16,4000,4038,1.0095,ON TRACK,38
SCR_021,CAMP_D,2024-01-16,4000,2818,0.7045,UNDER-DELIVERY,-1182
SCR_047,CAMP_D,2024-01-16,6000,6206,1.0343333333333333,ON TRACK,206
SCR_001,CAMP_D,2024-01-16,6000,5707,0.9511666666666667,ON TRACK,-293
SCR_035,CAMP_D,2024-01-16,3000,2870,0.9566666666666667,ON TRACK,-130
SCR_033,CAMP_D,2024-01-16,4000,3862,0.9655,ON TRACK,-138
SCR_022,CAMP_D,2024-01-16,6000,5682,0.947,ON TRACK,-318
SCR_019,CAMP_D,2024-01-16,5000,4839,0.9678,ON TRACK,-161
SCR_031,CAMP_D,2024-01-16,3000,3076,1.0253333333333334,ON TRACK,76
SCR_039,CAMP_D,2024-01-16,6000,5685,0.9475,ON TRACK,-315
SCR_044,CAMP_D,2024-01-16,6000,5783,0.9638333333333333,ON TRACK,-217
SCR_029,CAMP_D,2024-01-16,3000,2848,0.9493333333333334,ON TRACK,-152
SCR_040,CAMP_D,2024-01-16,5000,4324,0.8648,UNDER-DELIVERY,-676
SCR_008,CAMP_D,2024-01-16,6000,6703,1.1171666666666666,OVER-DELIVERY,703
SCR_038,CAMP_D,2024-01-16,5000,4911,0.9822,ON TRACK,-89
SCR_042,CAMP_D,2024-01-16,4000,4072,1.018,ON TRACK,72
SCR_019,CAMP_E,2024-01-16,4000,3997,0.99925,ON TRACK,-3
SCR_036,CAMP_E,2024-01-16,4000,3162,0.7905,UNDER-DELIVERY,-838
SCR_032,CAMP_E,2024-01-16,6000,5512,0.9186666666666666,ON TRACK,-488
SCR_003,CAMP_E,2024-01-16,5000,4917,0.9834,ON TRACK,-83
SCR_020,CAMP_E,2024-01-16,5000,4859,0.9718,ON TRACK,-141
SCR_038,CAMP_E,2024-01-16,3000,3015,1.005,ON TRACK,15
SCR_046,CAMP_E,2024-01-16,3000,2793,0.931,ON TRACK,-207
SCR_048,CAMP_E,2024-01-16,3000,2909,0.9696666666666667,ON TRACK,-91
SCR_049,CAMP_E,2024-01-16,4000,3667,0.91675,ON TRACK,-333
SCR_030,CAMP_E,2024-01-16,5000,5142,1.0284,ON TRACK,142
SCR_015,CAMP_E,2024-01-16,5000,3054,0.6108,UNDER-DELIVERY,-1946
SCR_002,CAMP_E,2024-01-16,3000,3028,1.0093333333333334,ON TRACK,28
SCR_001,CAMP_E,2024-01-16,4000,3951,0.98775,ON TRACK,-49
SCR_010,CAMP_E,2024-01-16,4000,4093,1.02325,ON TRACK,93
SCR_017,CAMP_E,2024-01-16,5000,5003,1.0006,ON TRACK,3
SCR_044,CAMP_E,2024-01-16,5000,5706,1.1412,OVER-DELIVERY,706
SCR_031,CAMP_E,2024-01-16,4000,2787,0.69675,UNDER-DELIVERY,-1213
SCR_008,CAMP_E,2024-01-16,5000,4817,0.9634,ON TRACK,-183
SCR_050,CAMP_E,2024-01-16,4000,4326,1.0815,OVER-DELIVERY,326
SCR_014,CAMP_E,2024-01-16,4000,4053,1.01325,ON TRACK,53
SCR_036,CAMP_A,2024-01-17,5000,4748,0.9496,ON TRACK,-252
SCR_040,CAMP_A,2024-01-17,3000,3064,1.0213333333333334,ON TRACK,64
SCR_045,CAMP_A,2024-01-17,4000,3799,0.94975,ON TRACK,-201
SCR_034,CAMP_A,2024-01-17,4000,3680,0.92,ON TRACK,-320
SCR_035,CAMP_A,2024-01-17,3000,2383,0.7943333333333333,UNDER-DELIVERY,-617
SCR_050,CAMP_A,2024-01-17,6000,3245,0.5408333333333334,UNDER-DELIVERY,-2755
SCR_008,CAMP_A,2024-01-17,3000,3084,1.028,ON TRACK,84
SCR_027,CAMP_A,2024-01-17,3000,2261,0.7536666666666667,UNDER-DELIVERY,-739
SCR_030,CAMP_A,2024-01-17,3000,3088,1.0293333333333334,ON TRACK,88
SCR_005,CAMP_A,2024-01-17,4000,3744,0.936,ON TRACK,-256
SCR_044,CAMP_A,2024-01-17,5000,2776,0.5552,UNDER-DELIVERY,-2224
SCR_009,CAMP_A,2024-01-17,5000,4776,0.9552,ON TRACK,-224
SCR_002,CAMP_A,2024-01-17,4000,4046,1.0115,ON TRACK,46
SCR_031,CAMP_A,2024-01-17,4000,3675,0.91875,ON TRACK,-325
SCR_023,CAMP_A,2024-01-17,3000,3009,1.003,ON TRACK,9
SCR_020,CAMP_A,2024-01-17,5000,5040,1.008,ON TRACK,40
SCR_024,CAMP_A,2024-01-17,3000,2768,0.9226666666666666,ON TRACK,-232
SCR_039,CAMP_A,2024-01-17,4000,4082,1.0205,ON TRACK,82
SCR_029,CAMP_A,2024-01-17,6000,5919,0.9865,ON TRACK,-81
SCR_032,CAMP_A,2024-01-17,6000,5543,0.9238333333333333,ON TRACK,-457
SCR_023,CAMP_B,2024-01-17,6000,6598,1.0996666666666666,OVER-DELIVERY,598
SCR_025,CAMP_B,2024-01-17,5000,5096,1.0192,ON TRACK,96
SCR_028,CAMP_B,2024-01-17,4000,3791,0.94775,ON TRACK,-209
SCR_014,CAMP_B,2024-01-17,6000,5514,0.919,ON TRACK,-486
SCR_033,CAMP_B,2024-01-17,6000,5746,0.9576666666666667,ON TRACK,-254
SCR_015,CAMP_B,2024-01-17,3000,2921,0.9736666666666667,ON TRACK,-79
SCR_027,CAMP_B,2024-01-17,3000,2933,0.9776666666666667,ON TRACK,-67
SCR_008,CAMP_B,2024-01-17,3000,3345,1.115,OVER-DELIVERY,345
SCR_021,CAMP_B,2024-01-17,3000,3078,1.026,ON TRACK,78
SCR_043,CAMP_B,2024-01-17,4000,3482,0.8705,UNDER-DELIVERY,-518
SCR_030,CAMP_B,2024-01-17,5000,5098,1.0196,ON TRACK,98
SCR_041,CAMP_B,2024-01-17,6000,6113,1.0188333333333333,ON TRACK,113
SCR_034,CAMP_B,2024-01-17,6000,6016,1.0026666666666666,ON TRACK,16
SCR_009,CAMP_B,2024-01-17,5000,5070,1.014,ON TRACK,70
SCR_032,CAMP_B,2024-01-17,6000,5980,0.9966666666666667,ON TRACK,-20
SCR_024,CAMP_B,2024-01-17,6000,5858,0.9763333333333334,ON TRACK,-142
SCR_019,CAMP_B,2024-01-17,4000,3696,0.924,ON TRACK,-304
SCR_003,CAMP_B,2024-01-17,5000,4700,0.94,ON TRACK,-300
SCR_006,CAMP_B,2024-01-17,4000,3121,0.78025,UNDER-DELIVERY,-879
SCR_011,CAMP_B,2024-01-17,3000,2740,0.9133333333333333,ON TRACK,-260
SCR_012,CAMP_C,2024-01-17,5000,4901,0.9802,ON TRACK,-99
SCR_025,CAMP_C,2024-01-17,3000,2742,0.914,ON TRACK,-258
SCR_039,CAMP_C,2024-01-17,6000,5552,0.9253333333333333,ON TRACK,-448
SCR_044,CAMP_C,2024-01-17,6000,5753,0.9588333333333333,ON TRACK,-247
SCR_021,CAMP_C,2024-01-17,6000,3403,0.5671666666666667,UNDER-DELIVERY,-2597
SCR_010,CAMP_C,2024-01-17,5000,4656,0.9312,ON TRACK,-344
SCR_020,CAMP_C,2024-01-17,6000,6018,1.003,ON TRACK,18
SCR_040,CAMP_C,2024-01-17,6000,5903,0.9838333333333333,ON TRACK,-97
SCR_043,CAMP_C,2024-01-17,6000,5994,0.999,ON TRACK,-6
SCR_007,CAMP_C,2024-01-17,6000,6126,1.021,ON TRACK,126
SCR_005,CAMP_C,2024-01-17,3000,2922,0.974,ON TRACK,-78
SCR_034,CAMP_C,2024-01-17,6000,5735,0.9558333333333333,ON TRACK,-265
SCR_032,CAMP_C,2024-01-17,5000,4568,0.9136,ON TRACK,-432
SCR_030,CAMP_C,2024-01-17,3000,2872,0.9573333333333334,ON TRACK,-128
SCR_013,CAMP_C,2024-01-17,3000,2973,0.991,ON TRACK,-27
SCR_019,CAMP_C,2024-01-17,6000,6649,1.1081666666666667,OVER-DELIVERY,649
SCR_038,CAMP_C,2024-01-17,5000,4586,0.9172,ON TRACK,-414
SCR_048,CAMP_C,2024-01-17,4000,3977,0.99425,ON TRACK,-23
SCR_017,CAMP_C,2024-01-17,3000,2755,0.9183333333333333,ON TRACK,-245
SCR_018,CAMP_C,2024-01-17,5000,5418,1.0836,OVER-DELIVERY,418
SCR_035,CAMP_D,2024-01-17,6000,6927,1.1545,OVER-DELIVERY,927
SCR_021,CAMP_D,2024-01-17,5000,5077,1.0154,ON TRACK,77
SCR_003,CAMP_D,2024-01-17,5000,4744,0.9488,ON TRACK,-256
SCR_030,CAMP_D,2024-01-17,6000,5955,0.9925,ON TRACK,-45
SCR_043,CAMP_D,2024-01-17,3000,2938,0.9793333333333333,ON TRACK,-62
SCR_028,CAMP_D,2024-01-17,5000,4743,0.9486,ON TRACK,-257
SCR_037,CAMP_D,2024-01-17,6000,5947,0.9911666666666666,ON TRACK,-53
SCR_033,CAMP_D,2024-01-17,3000,2955,0.985,ON TRACK,-45
SCR_027,CAMP_D,2024-01-17,5000,4918,0.9836,ON TRACK,-82
SCR_018,CAMP_D,2024-01-17,6000,5730,0.955,ON TRACK,-270
SCR_002,CAMP_D,2024-01-17,3000,2847,0.949,ON TRACK,-153
SCR_031,CAMP_D,2024-01-17,5000,4900,0.98,ON TRACK,-100
SCR_038,CAMP_D,2024-01-17,4000,3770,0.9425,ON TRACK,-230
SCR_040,CAMP_D,2024-01-17,6000,5887,0.9811666666666666,ON TRACK,-113
SCR_049,CAMP_D,2024-01-17,3000,2931,0.977,ON TRACK,-69
SCR_025,CAMP_D,2024-01-17,4000,3750,0.9375,ON TRACK,-250
SCR_050,CAMP_D,2024-01-17,6000,5957,0.9928333333333333,ON TRACK,-43
SCR_036,CAMP_D,2024-01-17,6000,6026,1.0043333333333333,ON TRACK,26
SCR_007,CAMP_D,2024-01-17,3000,2872,0.9573333333333334,ON TRACK,-128
SCR_026,CAMP_D,2024-01-17,4000,4028,1.007,ON TRACK,28
SCR_049,CAMP_E,2024-01-17,4000,3801,0.95025,ON TRACK,-199
SCR_020,CAMP_E,2024-01-17,6000,5800,0.9666666666666667,ON TRACK,-200
SCR_028,CAMP_E,2024-01-17,3000,2836,0.9453333333333334,ON TRACK,-164
SCR_027,CAMP_E,2024-01-17,3000,3043,1.0143333333333333,ON TRACK,43
SCR_021,CAMP_E,2024-01-17,4000,3661,0.91525,ON TRACK,-339
SCR_005,CAMP_E,2024-01-17,6000,5503,0.9171666666666667,ON TRACK,-497
SCR_041,CAMP_E,2024-01-17,3000,2846,0.9486666666666667,ON TRACK,-154
SCR_014,CAMP_E,2024-01-17,3000,2888,0.9626666666666667,ON TRACK,-112
SCR_047,CAMP_E,2024-01-17,5000,5125,1.025,ON TRACK,125
SCR_018,CAMP_E,2024-01-17,6000,6024,1.004,ON TRACK,24
SCR_019,CAMP_E,2024-01-17,4000,3936,0.984,ON TRACK,-64
SCR_011,CAMP_E,2024-01-17,3000,3053,1.0176666666666667,ON TRACK,53
SCR_017,CAMP_E,2024-01-17,5000,4608,0.9216,ON TRACK,-392
SCR_016,CAMP_E,2024-01-17,3000,2852,0.9506666666666667,ON TRACK,-148
SCR_026,CAMP_E,2024-01-17,6000,6040,1.0066666666666666,ON TRACK,40
SCR_037,CAMP_E,2024-01-17,6000,5543,0.9238333333333333,ON TRACK,-457
SCR_008,CAMP_E,2024-01-17,4000,3868,0.967,ON TRACK,-132
SCR_010,CAMP_E,2024-01-17,5000,4586,0.9172,ON TRACK,-414
SCR_013,CAMP_E,2024-01-17,5000,4623,0.9246,ON TRACK,-377
SCR_001,CAMP_E,2024-01-17,6000,5652,0.942,ON TRACK,-348
SCR_018,CAMP_A,2024-01-18,4000,3842,0.9605,ON TRACK,-158
SCR_010,CAMP_A,2024-01-18,6000,6175,1.0291666666666666,ON TRACK,175
SCR_024,CAMP_A,2024-01-18,5000,5875,1.175,OVER-DELIVERY,875
SCR_031,CAMP_A,2024-01-18,4000,4086,1.0215,ON TRACK,86
SCR_046,CAMP_A,2024-01-18,4000,3968,0.992,ON TRACK,-32
SCR_048,CAMP_A,2024-01-18,6000,5673,0.9455,ON TRACK,-327
SCR_020,CAMP_A,2024-01-18,3000,3096,1.032,ON TRACK,96
SCR_002,CAMP_A,2024-01-18,6000,6182,1.0303333333333333,ON TRACK,182
SCR_042,CAMP_A,2024-01-18,5000,5119,1.0238,ON TRACK,119
SCR_039,CAMP_A,2024-01-18,3000,3002,1.0006666666666666,ON TRACK,2
SCR_003,CAMP_A,2024-01-18,3000,2964,0.988,ON TRACK,-36
SCR_004,CAMP_A,2024-01-18,5000,4567,0.9134,ON TRACK,-433
SCR_016,CAMP_A,2024-01-18,3000,2801,0.9336666666666666,ON TRACK,-199
SCR_017,CAMP_A,2024-01-18,6000,5566,0.9276666666666666,ON TRACK,-434
SCR_036,CAMP_A,2024-01-18,6000,5698,0.9496666666666667,ON TRACK,-302
SCR_025,CAMP_A,2024-01-18,3000,3284,1.0946666666666667,OVER-DELIVERY,284
SCR_044,CAMP_A,2024-01-18,4000,3996,0.999,ON TRACK,-4
SCR_045,CAMP_A,2024-01-18,5000,5117,1.0234,ON TRACK,117
SCR_008,CAMP_A,2024-01-18,4000,3997,0.99925,ON TRACK,-3
SCR_050,CAMP_A,2024-01-18,5000,4679,0.9358,ON TRACK,-321
SCR_027,CAMP_B,2024-01-18,6000,5576,0.9293333333333333,ON TRACK,-424
SCR_024,CAMP_B,2024-01-18,5000,4918,0.9836,ON TRACK,-82
SCR_012,CAMP_B,2024-01-18,3000,2899,0.9663333333333334,ON TRACK,-101
SCR_026,CAMP_B,2024-01-18,6000,5845,0.9741666666666666,ON TRACK,-155
SCR_025,CAMP_B,2024-01-18,4000,3739,0.93475,ON TRACK,-261
SCR_037,CAMP_B,2024-01-18,5000,4871,0.9742,ON TRACK,-129
SCR_015,CAMP_B,2024-01-18,4000,3747,0.93675,ON TRACK,-253
SCR_002,CAMP_B,2024-01-18,4000,3787,0.94675,ON TRACK,-213
SCR_043,CAMP_B,2024-01-18,4000,3852,0.963,ON TRACK,-148
SCR_036,CAMP_B,2024-01-18,4000,3483,0.87075,UNDER-DELIVERY,-517
SCR_040,CAMP_B,2024-01-18,4000,4111,1.02775,ON TRACK,111
SCR_044,CAMP_B,2024-01-18,5000,4970,0.994,ON TRACK,-30
SCR_006,CAMP_B,2024-01-18,3000,1651,0.5503333333333333,UNDER-DELIVERY,-1349
SCR_030,CAMP_B,2024-01-18,5000,4808,0.9616,ON TRACK,-192
SCR_013,CAMP_B,2024-01-18,4000,4008,1.002,ON TRACK,8
SCR_017,CAMP_B,2024-01-18,5000,3558,0.7116,UNDER-DELIVERY,-1442
SCR_011,CAMP_B,2024-01-18,3000,2821,0.9403333333333334,ON TRACK,-179
SCR_004,CAMP_B,2024-01-18,5000,5160,1.032,ON TRACK,160
SCR_047,CAMP_B,2024-01-18,3000,2075,0.6916666666666667,UNDER-DELIVERY,-925
SCR_020,CAMP_B,2024-01-18,6000,5767,0.9611666666666666,ON TRACK,-233
SCR_024,CAMP_C,2024-01-18,5000,2742,0.5484,UNDER-DELIVERY,-2258
SCR_009,CAMP_C,2024-01-18,5000,5152,1.0304,ON TRACK,152
SCR_036,CAMP_C,2024-01-18,5000,4721,0.9442,ON TRACK,-279
SCR_003,CAMP_C,2024-01-18,5000,4833,0.9666,ON TRACK,-167
SCR_038,CAMP_C,2024-01-18,4000,4157,1.03925,ON TRACK,157
SCR_012,CAMP_C,2024-01-18,4000,4119,1.02975,ON TRACK,119
SCR_017,CAMP_C,2024-01-18,6000,3338,0.5563333333333333,UNDER-DELIVERY,-2662
SCR_011,CAMP_C,2024-01-18,4000,3884,0.971,ON TRACK,-116
SCR_033,CAMP_C,2024-01-18,4000,3866,0.9665,ON TRACK,-134
SCR_032,CAMP_C,2024-01-18,6000,3812,0.6353333333333333,UNDER-DELIVERY,-2188
SCR_022,CAMP_C,2024-01-18,6000,5547,0.9245,ON TRACK,-453
SCR_030,CAMP_C,2024-01-18,4000,3688,0.922,ON TRACK,-312
SCR_049,CAMP_C,2024-01-18,5000,4659,0.9318,ON TRACK,-341
SCR_006,CAMP_C,2024-01-18,5000,4981,0.9962,ON TRACK,-19
SCR_021,CAMP_C,2024-01-18,4000,4145,1.03625,ON TRACK,145
SCR_034,CAMP_C,2024-01-18,4000,3679,0.91975,ON TRACK,-321
SCR_028,CAMP_C,2024-01-18,6000,6152,1.0253333333333334,ON TRACK,152
SCR_010,CAMP_C,2024-01-18,3000,3112,1.0373333333333334,ON TRACK,112
SCR_044,CAMP_C,2024-01-18,3000,2960,0.9866666666666667,ON TRACK,-40
SCR_004,CAMP_C,2024-01-18,3000,2789,0.9296666666666666,ON TRACK,-211
SCR_006,CAMP_D,2024-01-18,3000,2943,0.981,ON TRACK,-57
SCR_030,CAMP_D,2024-01-18,6000,6574,1.0956666666666666,OVER-DELIVERY,574
SCR_046,CAMP_D,2024-01-18,4000,4090,1.0225,ON TRACK,90
SCR_043,CAMP_D,2024-01-18,3000,1737,0.579,UNDER-DELIVERY,-1263
SCR_031,CAMP_D,2024-01-18,6000,5682,0.947,ON TRACK,-318
SCR_049,CAMP_D,2024-01-18,4000,3895,0.97375,ON TRACK,-105
SCR_041,CAMP_D,2024-01-18,6000,6178,1.0296666666666667,ON TRACK,178
SCR_018,CAMP_D,2024-01-18,4000,3689,0.92225,ON TRACK,-311
SCR_039,CAMP_D,2024-01-18,5000,4868,0.9736,ON TRACK,-132
SCR_001,CAMP_D,2024-01-18,6000,5899,0.9831666666666666,ON TRACK,-101
SCR_022,CAMP_D,2024-01-18,6000,6714,1.119,OVER-DELIVERY,714
SCR_003,CAMP_D,2024-01-18,5000,4832,0.9664,ON TRACK,-168
SCR_029,CAMP_D,2024-01-18,6000,6791,1.1318333333333332,OVER-DELIVERY,791
SCR_021,CAMP_D,2024-01-18,6000,5965,0.9941666666666666,ON TRACK,-35
SCR_009,CAMP_D,2024-01-18,4000,3914,0.9785,ON TRACK,-86
SCR_014,CAMP_D,2024-01-18,3000,2900,0.9666666666666667,ON TRACK,-100
SCR_004,CAMP_D,2024-01-18,6000,6227,1.0378333333333334,ON TRACK,227
SCR_019,CAMP_D,2024-01-18,5000,4890,0.978,ON TRACK,-110
SCR_037,CAMP_D,2024-01-18,5000,4908,0.9816,ON TRACK,-92
SCR_026,CAMP_D,2024-01-18,3000,2929,0.9763333333333334,ON TRACK,-71
SCR_027,CAMP_E,2024-01-18,5000,5020,1.004,ON TRACK,20
SCR_007,CAMP_E,2024-01-18,6000,5666,0.9443333333333334,ON TRACK,-334
SCR_030,CAMP_E,2024-01-18,4000,3680,0.92,ON TRACK,-320
SCR_043,CAMP_E,2024-01-18,5000,4619,0.9238,ON TRACK,-381
SCR_037,CAMP_E,2024-01-18,3000,1633,0.5443333333333333,UNDER-DELIVERY,-1367
SCR_017,CAMP_E,2024-01-18,4000,3879,0.96975,ON TRACK,-121
SCR_023,CAMP_E,2024-01-18,6000,6213,1.0355,ON TRACK,213
SCR_045,CAMP_E,2024-01-18,6000,6094,1.0156666666666667,ON TRACK,94
SCR_038,CAMP_E,2024-01-18,5000,5176,1.0352,ON TRACK,176
SCR_006,CAMP_E,2024-01-18,6000,5528,0.9213333333333333,ON TRACK,-472
SCR_033,CAMP_E,2024-01-18,4000,2170,0.5425,UNDER-DELIVERY,-1830
SCR_002,CAMP_E,2024-01-18,3000,2803,0.9343333333333333,ON TRACK,-197
SCR_008,CAMP_E,2024-01-18,3000,2982,0.994,ON TRACK,-18
SCR_048,CAMP_E,2024-01-18,4000,3965,0.99125,ON TRACK,-35
SCR_012,CAMP_E,2024-01-18,4000,4671,1.16775,OVER-DELIVERY,671
SCR_036,CAMP_E,2024-01-18,4000,3651,0.91275,ON TRACK,-349
SCR_026,CAMP_E,2024-01-18,4000,4024,1.006,ON TRACK,24
SCR_003,CAMP_E,2024-01-18,6000,5827,0.9711666666666666,ON TRACK,-173
SCR_041,CAMP_E,2024-01-18,6000,5617,0.9361666666666667,ON TRACK,-383
SCR_014,CAMP_E,2024-01-18,6000,3017,0.5028333333333334,UNDER-DELIVERY,-2983
SCR_041,CAMP_A,2024-01-19,5000,4724,0.9448,ON TRACK,-276
SCR_046,CAMP_A,2024-01-19,6000,5551,0.9251666666666667,ON TRACK,-449
SCR_028,CAMP_A,2024-01-19,5000,4833,0.9666,ON TRACK,-167
SCR_027,CAMP_A,2024-01-19,4000,3739,0.93475,ON TRACK,-261
SCR_032,CAMP_A,2024-01-19,5000,4879,0.9758,ON TRACK,-121
SCR_038,CAMP_A,2024-01-19,5000,5104,1.0208,ON TRACK,104
SCR_039,CAMP_A,2024-01-19,6000,5688,0.948,ON TRACK,-312
SCR_036,CAMP_A,2024-01-19,6000,6109,1.0181666666666667,ON TRACK,109
SCR_019,CAMP_A,2024-01-19,5000,5069,1.0138,ON TRACK,69
SCR_003,CAMP_A,2024-01-19,4000,3786,0.9465,ON TRACK,-214
SCR_049,CAMP_A,2024-01-19,3000,2780,0.9266666666666666,ON TRACK,-220
SCR_026,CAMP_A,2024-01-19,4000,3895,0.97375,ON TRACK,-105
SCR_040,CAMP_A,2024-01-19,6000,5845,0.9741666666666666,ON TRACK,-155
SCR_033,CAMP_A,2024-01-19,4000,3664,0.916,ON TRACK,-336
SCR_045,CAMP_A,2024-01-19,3000,2831,0.9436666666666667,ON TRACK,-169
SCR_015,CAMP_A,2024-01-19,4000,4086,1.0215,ON TRACK,86
SCR_004,CAMP_A,2024-01-19,3000,2861,0.9536666666666667,ON TRACK,-139
SCR_002,CAMP_A,2024-01-19,3000,2777,0.9256666666666666,ON TRACK,-223
SCR_048,CAMP_A,2024-01-19,4000,4156,1.039,ON TRACK,156
SCR_042,CAMP_A,2024-01-19,5000,5050,1.01,ON TRACK,50
SCR_036,CAMP_B,2024-01-19,3000,3085,1.0283333333333333,ON TRACK,85
SCR_018,CAMP_B,2024-01-19,4000,4008,1.002,ON TRACK,8
SCR_010,CAMP_B,2024-01-19,6000,5537,0.9228333333333333,ON TRACK,-463
SCR_045,CAMP_B,2024-01-19,5000,4639,0.9278,ON TRACK,-361
SCR_033,CAMP_B,2024-01-19,4000,3856,0.964,ON TRACK,-144
SCR_039,CAMP_B,2024-01-19,3000,3045,1.015,ON TRACK,45
SCR_043,CAMP_B,2024-01-19,5000,4661,0.9322,ON TRACK,-339
SCR_007,CAMP_B,2024-01-19,5000,5040,1.008,ON TRACK,40
SCR_004,CAMP_B,2024-01-19,5000,4709,0.9418,ON TRACK,-291
SCR_029,CAMP_B,2024-01-19,6000,5567,0.9278333333333333,ON TRACK,-433
SCR_030,CAMP_B,2024-01-19,6000,5779,0.9631666666666666,ON TRACK,-221
SCR_008,CAMP_B,2024-01-19,6000,5862,0.977,ON TRACK,-138
SCR_044,CAMP_B,2024-01-19,5000,4837,0.9674,ON TRACK,-163
SCR_038,CAMP_B,2024-01-19,3000,2931,0.977,ON TRACK,-69
SCR_050,CAMP_B,2024-01-19,3000,3312,1.104,OVER-DELIVERY,312
SCR_003,CAMP_B,2024-01-19,4000,3844,0.961,ON TRACK,-156
SCR_046,CAMP_B,2024-01-19,3000,2980,0.9933333333333333,ON TRACK,-20
SCR_037,CAMP_B,2024-01-19,3000,3112,1.0373333333333334,ON TRACK,112
SCR_011,CAMP_B,2024-01-19,5000,5125,1.025,ON TRACK,125
SCR_021,CAMP_B,2024-01-19,5000,4753,0.9506,ON TRACK,-247
SCR_023,CAMP_C,2024-01-19,4000,3921,0.98025,ON TRACK,-79
SCR_001,CAMP_C,2024-01-19,4000,4549,1.13725,OVER-DELIVERY,549
SCR_018,CAMP_C,2024-01-19,5000,4654,0.9308,ON TRACK,-346
SCR_034,CAMP_C,2024-01-19,3000,2940,0.98,ON TRACK,-60
SCR_040,CAMP_C,2024-01-19,5000,5053,1.0106,ON TRACK,53
SCR_010,CAMP_C,2024-01-19,6000,5546,0.9243333333333333,ON TRACK,-454
SCR_026,CAMP_C,2024-01-19,3000,2831,0.9436666666666667,ON TRACK,-169
SCR_029,CAMP_C,2024-01-19,5000,5041,1.0082,ON TRACK,41
SCR_042,CAMP_C,2024-01-19,3000,2953,0.9843333333333333,ON TRACK,-47
SCR_014,CAMP_C,2024-01-19,3000,3113,1.0376666666666667,ON TRACK,113
SCR_035,CAMP_C,2024-01-19,4000,3787,0.94675,ON TRACK,-213
SCR_043,CAMP_C,2024-01-19,4000,3910,0.9775,ON TRACK,-90
SCR_050,CAMP_C,2024-01-19,4000,4529,1.13225,OVER-DELIVERY,529
SCR_044,CAMP_C,2024-01-19,4000,3827,0.95675,ON TRACK,-173
SCR_013,CAMP_C,2024-01-19,3000,2896,0.9653333333333334,ON TRACK,-104
SCR_020,CAMP_C,2024-01-19,6000,6412,1.0686666666666667,OVER-DELIVERY,412
SCR_006,CAMP_C,2024-01-19,4000,3872,0.968,ON TRACK,-128
SCR_003,CAMP_C,2024-01-19,5000,4811,0.9622,ON TRACK,-189
SCR_022,CAMP_C,2024-01-19,6000,5915,0.9858333333333333,ON TRACK,-85
SCR_036,CAMP_C,2024-01-19,6000,5997,0.9995,ON TRACK,-3
SCR_032,CAMP_D,2024-01-19,3000,2889,0.963,ON TRACK,-111
SCR_047,CAMP_D,2024-01-19,3000,2842,0.9473333333333334,ON TRACK,-158
SCR_027,CAMP_D,2024-01-19,4000,4410,1.1025,OVER-DELIVERY,410
SCR_011,CAMP_D,2024-01-19,5000,4865,0.973,ON TRACK,-135
SCR_010,CAMP_D,2024-01-19,4000,3946,0.9865,ON TRACK,-54
SCR_033,CAMP_D,2024-01-19,3000,2849,0.9496666666666667,ON TRACK,-151
SCR_009,CAMP_D,2024-01-19,5000,5082,1.0164,ON TRACK,82
SCR_050,CAMP_D,2024-01-19,6000,4248,0.708,UNDER-DELIVERY,-1752
SCR_030,CAMP_D,2024-01-19,3000,2892,0.964,ON TRACK,-108
SCR_044,CAMP_D,2024-01-19,5000,5135,1.027,ON TRACK,135
SCR_045,CAMP_D,2024-01-19,6000,6021,1.0035,ON TRACK,21
SCR_034,CAMP_D,2024-01-19,4000,3902,0.9755,ON TRACK,-98
SCR_008,CAMP_D,2024-01-19,6000,5980,0.9966666666666667,ON TRACK,-20
SCR_014,CAMP_D,2024-01-19,4000,3809,0.95225,ON TRACK,-191
SCR_042,CAMP_D,2024-01-19,6000,6162,1.027,ON TRACK,162
SCR_031,CAMP_D,2024-01-19,5000,5172,1.0344,ON TRACK,172
SCR_003,CAMP_D,2024-01-19,6000,5963,0.9938333333333333,ON TRACK,-37
SCR_049,CAMP_D,2024-01-19,4000,3937,0.98425,ON TRACK,-63
SCR_024,CAMP_D,2024-01-19,5000,4630,0.926,ON TRACK,-370
SCR_036,CAMP_D,2024-01-19,3000,2971,0.9903333333333333,ON TRACK,-29
SCR_037,CAMP_E,2024-01-19,3000,3094,1.0313333333333334,ON TRACK,94
SCR_049,CAMP_E,2024-01-19,5000,4819,0.9638,ON TRACK,-181
SCR_004,CAMP_E,2024-01-19,5000,4609,0.9218,ON TRACK,-391
SCR_050,CAMP_E,2024-01-19,3000,2841,0.947,ON TRACK,-159
SCR_034,CAMP_E,2024-01-19,4000,3686,0.9215,ON TRACK,-314
SCR_013,CAMP_E,2024-01-19,5000,4991,0.9982,ON TRACK,-9
SCR_031,CAMP_E,2024-01-19,3000,2856,0.952,ON TRACK,-144
SCR_033,CAMP_E,2024-01-19,3000,2846,0.9486666666666667,ON TRACK,-154
SCR_002,CAMP_E,2024-01-19,3000,2891,0.9636666666666667,ON TRACK,-109
SCR_008,CAMP_E,2024-01-19,5000,5162,1.0324,ON TRACK,162
SCR_035,CAMP_E,2024-01-19,3000,1773,0.591,UNDER-DELIVERY,-1227
SCR_012,CAMP_E,2024-01-19,4000,4031,1.00775,ON TRACK,31
SCR_042,CAMP_E,2024-01-19,6000,5670,0.945,ON TRACK,-330
SCR_018,CAMP_E,2024-01-19,5000,4814,0.9628,ON TRACK,-186
SCR_014,CAMP_E,2024-01-19,6000,4444,0.7406666666666667,UNDER-DELIVERY,-1556
SCR_016,CAMP_E,2024-01-19,3000,3105,1.035,ON TRACK,105
SCR_029,CAMP_E,2024-01-19,3000,2946,0.982,ON TRACK,-54
SCR_006,CAMP_E,2024-01-19,4000,3851,0.96275,ON TRACK,-149
SCR_021,CAMP_E,2024-01-19,3000,2925,0.975,ON TRACK,-75
SCR_045,CAMP_E,2024-01-19,4000,4152,1.038,ON TRACK,152
SCR_016,CAMP_A,2024-01-20,5000,3904,0.7808,UNDER-DELIVERY,-1096
SCR_035,CAMP_A,2024-01-20,3000,2884,0.9613333333333334,ON TRACK,-116
SCR_028,CAMP_A,2024-01-20,3000,3012,1.004,ON TRACK,12
SCR_036,CAMP_A,2024-01-20,5000,4687,0.9374,ON TRACK,-313
SCR_029,CAMP_A,2024-01-20,5000,5164,1.0328,ON TRACK,164
SCR_003,CAMP_A,2024-01-20,5000,5010,1.002,ON TRACK,10
SCR_001,CAMP_A,2024-01-20,5000,5188,1.0376,ON TRACK,188
SCR_030,CAMP_A,2024-01-20,5000,5173,1.0346,ON TRACK,173
SCR_040,CAMP_A,2024-01-20,5000,3814,0.7628,UNDER-DELIVERY,-1186
SCR_019,CAMP_A,2024-01-20,3000,2731,0.9103333333333333,ON TRACK,-269
SCR_011,CAMP_A,2024-01-20,3000,2891,0.9636666666666667,ON TRACK,-109
SCR_044,CAMP_A,2024-01-20,6000,5879,0.9798333333333333,ON TRACK,-121
SCR_004,CAMP_A,2024-01-20,3000,3078,1.026,ON TRACK,78
SCR_031,CAMP_A,2024-01-20,6000,5735,0.9558333333333333,ON TRACK,-265
SCR_018,CAMP_A,2024-01-20,6000,5739,0.9565,ON TRACK,-261
SCR_017,CAMP_A,2024-01-20,4000,4062,1.0155,ON TRACK,62
SCR_025,CAMP_A,2024-01-20,3000,2874,0.958,ON TRACK,-126
SCR_023,CAMP_A,2024-01-20,4000,3755,0.93875,ON TRACK,-245
SCR_014,CAMP_A,2024-01-20,3000,2995,0.9983333333333333,ON TRACK,-5
SCR_041,CAMP_A,2024-01-20,5000,5080,1.016,ON TRACK,80
SCR_041,CAMP_B,2024-01-20,4000,3934,0.9835,ON TRACK,-66
SCR_020,CAMP_B,2024-01-20,4000,2194,0.5485,UNDER-DELIVERY,-1806
SCR_046,CAMP_B,2024-01-20,3000,3094,1.0313333333333334,ON TRACK,94
SCR_015,CAMP_B,2024-01-20,4000,4019,1.00475,ON TRACK,19
SCR_047,CAMP_B,2024-01-20,5000,4990,0.998,ON TRACK,-10
SCR_032,CAMP_B,2024-01-20,5000,5124,1.0248,ON TRACK,124
SCR_024,CAMP_B,2024-01-20,3000,2979,0.993,ON TRACK,-21
SCR_003,CAMP_B,2024-01-20,3000,2855,0.9516666666666667,ON TRACK,-145
SCR_018,CAMP_B,2024-01-20,6000,5990,0.9983333333333333,ON TRACK,-10
SCR_045,CAMP_B,2024-01-20,6000,5863,0.9771666666666666,ON TRACK,-137
SCR_039,CAMP_B,2024-01-20,3000,2817,0.939,ON TRACK,-183
SCR_014,CAMP_B,2024-01-20,5000,4896,0.9792,ON TRACK,-104
SCR_001,CAMP_B,2024-01-20,5000,2869,0.5738,UNDER-DELIVERY,-2131
SCR_013,CAMP_B,2024-01-20,3000,3044,1.0146666666666666,ON TRACK,44
SCR_026,CAMP_B,2024-01-20,4000,3860,0.965,ON TRACK,-140
SCR_008,CAMP_B,2024-01-20,3000,2806,0.9353333333333333,ON TRACK,-194
SCR_042,CAMP_B,2024-01-20,5000,4956,0.9912,ON TRACK,-44
SCR_033,CAMP_B,2024-01-20,3000,1992,0.664,UNDER-DELIVERY,-1008
SCR_050,CAMP_B,2024-01-20,3000,2974,0.9913333333333333,ON TRACK,-26
SCR_006,CAMP_B,2024-01-20,5000,4710,0.942,ON TRACK,-290
SCR_031,CAMP_C,2024-01-20,3000,2754,0.918,ON TRACK,-246
SCR_016,CAMP_C,2024-01-20,6000,4392,0.732,UNDER-DELIVERY,-1608
SCR_022,CAMP_C,2024-01-20,6000,4544,0.7573333333333333,UNDER-DELIVERY,-1456
SCR_004,CAMP_C,2024-01-20,3000,2878,0.9593333333333334,ON TRACK,-122
SCR_048,CAMP_C,2024-01-20,3000,2890,0.9633333333333334,ON TRACK,-110
SCR_034,CAMP_C,2024-01-20,3000,2911,0.9703333333333334,ON TRACK,-89
SCR_049,CAMP_C,2024-01-20,6000,5942,0.9903333333333333,ON TRACK,-58
SCR_005,CAMP_C,2024-01-20,5000,4989,0.9978,ON TRACK,-11
SCR_039,CAMP_C,2024-01-20,3000,2857,0.9523333333333334,ON TRACK,-143
SCR_040,CAMP_C,2024-01-20,4000,4246,1.0615,OVER-DELIVERY,246
SCR_029,CAMP_C,2024-01-20,3000,3057,1.019,ON TRACK,57
SCR_007,CAMP_C,2024-01-20,4000,3773,0.94325,ON TRACK,-227
SCR_041,CAMP_C,2024-01-20,6000,5944,0.9906666666666667,ON TRACK,-56
SCR_008,CAMP_C,2024-01-20,4000,4054,1.0135,ON TRACK,54
SCR_006,CAMP_C,2024-01-20,3000,2957,0.9856666666666667,ON TRACK,-43
SCR_047,CAMP_C,2024-01-20,5000,5125,1.025,ON TRACK,125
SCR_003,CAMP_C,2024-01-20,4000,3800,0.95,ON TRACK,-200
SCR_025,CAMP_C,2024-01-20,5000,5180,1.036,ON TRACK,180
SCR_021,CAMP_C,2024-01-20,4000,2770,0.6925,UNDER-DELIVERY,-1230
SCR_038,CAMP_C,2024-01-20,3000,2806,0.9353333333333333,ON TRACK,-194
SCR_013,CAMP_D,2024-01-20,3000,3088,1.0293333333333334,ON TRACK,88
SCR_041,CAMP_D,2024-01-20,4000,3882,0.9705,ON TRACK,-118
SCR_050,CAMP_D,2024-01-20,4000,4021,1.00525,ON TRACK,21
SCR_005,CAMP_D,2024-01-20,5000,4794,0.9588,ON TRACK,-206
SCR_022,CAMP_D,2024-01-20,6000,6232,1.0386666666666666,ON TRACK,232
SCR_048,CAMP_D,2024-01-20,5000,3179,0.6358,UNDER-DELIVERY,-1821
SCR_043,CAMP_D,2024-01-20,3000,2901,0.967,ON TRACK,-99
SCR_031,CAMP_D,2024-01-20,5000,2556,0.5112,UNDER-DELIVERY,-2444
SCR_030,CAMP_D,2024-01-20,4000,3753,0.93825,ON TRACK,-247
SCR_039,CAMP_D,2024-01-20,5000,4770,0.954,ON TRACK,-230
SCR_046,CAMP_D,2024-01-20,4000,3651,0.91275,ON TRACK,-349
SCR_038,CAMP_D,2024-01-20,5000,4563,0.9126,ON TRACK,-437
SCR_037,CAMP_D,2024-01-20,4000,4049,1.01225,ON TRACK,49
SCR_040,CAMP_D,2024-01-20,3000,2811,0.937,ON TRACK,-189
SCR_020,CAMP_D,2024-01-20,6000,6091,1.0151666666666668,ON TRACK,91
SCR_027,CAMP_D,2024-01-20,4000,4148,1.037,ON TRACK,148
SCR_049,CAMP_D,2024-01-20,6000,5510,0.9183333333333333,ON TRACK,-490
SCR_011,CAMP_D,2024-01-20,4000,3708,0.927,ON TRACK,-292
SCR_007,CAMP_D,2024-01-20,4000,3836,0.959,ON TRACK,-164
SCR_015,CAMP_D,2024-01-20,5000,4829,0.9658,ON TRACK,-171
SCR_041,CAMP_E,2024-01-20,3000,2881,0.9603333333333334,ON TRACK,-119
SCR_016,CAMP_E,2024-01-20,5000,4851,0.9702,ON TRACK,-149
SCR_003,CAMP_E,2024-01-20,5000,4891,0.9782,ON TRACK,-109
SCR_040,CAMP_E,2024-01-20,6000,5845,0.9741666666666666,ON TRACK,-155
SCR_038,CAMP_E,2024-01-20,5000,4964,0.9928,ON TRACK,-36
SCR_013,CAMP_E,2024-01-20,3000,3079,1.0263333333333333,ON TRACK,79
SCR_035,CAMP_E,2024-01-20,6000,5768,0.9613333333333334,ON TRACK,-232
SCR_019,CAMP_E,2024-01-20,5000,4795,0.959,ON TRACK,-205
SCR_010,CAMP_E,2024-01-20,4000,3834,0.9585,ON TRACK,-166
SCR_021,CAMP_E,2024-01-20,3000,2762,0.9206666666666666,ON TRACK,-238
SCR_049,CAMP_E,2024-01-20,6000,5639,0.9398333333333333,ON TRACK,-361
SCR_004,CAMP_E,2024-01-20,3000,2972,0.9906666666666667,ON TRACK,-28
SCR_018,CAMP_E,2024-01-20,6000,5797,0.9661666666666666,ON TRACK,-203
SCR_009,CAMP_E,2024-01-20,5000,4756,0.9512,ON TRACK,-244
SCR_033,CAMP_E,2024-01-20,6000,4007,0.6678333333333333,UNDER-DELIVERY,-1993
SCR_032,CAMP_E,2024-01-20,5000,4783,0.9566,ON TRACK,-217
SCR_014,CAMP_E,2024-01-20,3000,2925,0.975,ON TRACK,-75
SCR_006,CAMP_E,2024-01-20,3000,3091,1.0303333333333333,ON TRACK,91
SCR_031,CAMP_E,2024-01-20,3000,3331,1.1103333333333334,OVER-DELIVERY,331
SCR_026,CAMP_E,2024-01-20,4000,3991,0.99775,ON TRACK,-9
SCR_017,CAMP_A,2024-01-21,6000,6024,1.004,ON TRACK,24
SCR_020,CAMP_A,2024-01-21,4000,3908,0.977,ON TRACK,-92
SCR_048,CAMP_A,2024-01-21,6000,5819,0.9698333333333333,ON TRACK,-181
SCR_044,CAMP_A,2024-01-21,3000,2803,0.9343333333333333,ON TRACK,-197
SCR_018,CAMP_A,2024-01-21,6000,5810,0.9683333333333334,ON TRACK,-190
SCR_013,CAMP_A,2024-01-21,3000,2955,0.985,ON TRACK,-45
SCR_039,CAMP_A,2024-01-21,4000,4023,1.00575,ON TRACK,23
SCR_009,CAMP_A,2024-01-21,6000,6110,1.0183333333333333,ON TRACK,110
SCR_035,CAMP_A,2024-01-21,5000,4826,0.9652,ON TRACK,-174
SCR_050,CAMP_A,2024-01-21,6000,5998,0.9996666666666667,ON TRACK,-2
SCR_001,CAMP_A,2024-01-21,5000,4565,0.913,ON TRACK,-435
SCR_049,CAMP_A,2024-01-21,3000,2789,0.9296666666666666,ON TRACK,-211
SCR_019,CAMP_A,2024-01-21,5000,5069,1.0138,ON TRACK,69
SCR_023,CAMP_A,2024-01-21,6000,5619,0.9365,ON TRACK,-381
SCR_026,CAMP_A,2024-01-21,6000,3881,0.6468333333333334,UNDER-DELIVERY,-2119
SCR_036,CAMP_A,2024-01-21,6000,6838,1.1396666666666666,OVER-DELIVERY,838
SCR_040,CAMP_A,2024-01-21,6000,5697,0.9495,ON TRACK,-303
SCR_031,CAMP_A,2024-01-21,4000,4549,1.13725,OVER-DELIVERY,549
SCR_010,CAMP_A,2024-01-21,3000,2965,0.9883333333333333,ON TRACK,-35
SCR_028,CAMP_A,2024-01-21,3000,2757,0.919,ON TRACK,-243
SCR_025,CAMP_B,2024-01-21,6000,5513,0.9188333333333333,ON TRACK,-487
SCR_019,CAMP_B,2024-01-21,4000,3746,0.9365,ON TRACK,-254
SCR_014,CAMP_B,2024-01-21,6000,5978,0.9963333333333333,ON TRACK,-22
SCR_015,CAMP_B,2024-01-21,4000,4128,1.032,ON TRACK,128
SCR_049,CAMP_B,2024-01-21,4000,3996,0.999,ON TRACK,-4
SCR_043,CAMP_B,2024-01-21,5000,5194,1.0388,ON TRACK,194
SCR_034,CAMP_B,2024-01-21,6000,3910,0.6516666666666666,UNDER-DELIVERY,-2090
SCR_005,CAMP_B,2024-01-21,4000,4113,1.02825,ON TRACK,113
SCR_030,CAMP_B,2024-01-21,6000,5909,0.9848333333333333,ON TRACK,-91
SCR_004,CAMP_B,2024-01-21,3000,3073,1.0243333333333333,ON TRACK,73
SCR_024,CAMP_B,2024-01-21,6000,6117,1.0195,ON TRACK,117
SCR_044,CAMP_B,2024-01-21,5000,5085,1.017,ON TRACK,85
SCR_001,CAMP_B,2024-01-21,4000,3733,0.93325,ON TRACK,-267
SCR_011,CAMP_B,2024-01-21,6000,6170,1.0283333333333333,ON TRACK,170
SCR_021,CAMP_B,2024-01-21,4000,3689,0.92225,ON TRACK,-311
SCR_027,CAMP_B,2024-01-21,3000,3069,1.023,ON TRACK,69
SCR_026,CAMP_B,2024-01-21,5000,4899,0.9798,ON TRACK,-101
SCR_037,CAMP_B,2024-01-21,3000,3011,1.0036666666666667,ON TRACK,11
SCR_008,CAMP_B,2024-01-21,4000,3853,0.96325,ON TRACK,-147
SCR_045,CAMP_B,2024-01-21,3000,2759,0.9196666666666666,ON TRACK,-241
SCR_007,CAMP_C,2024-01-21,3000,3006,1.002,ON TRACK,6
SCR_033,CAMP_C,2024-01-21,4000,4029,1.00725,ON TRACK,29
SCR_021,CAMP_C,2024-01-21,6000,5524,0.9206666666666666,ON TRACK,-476
SCR_027,CAMP_C,2024-01-21,4000,3867,0.96675,ON TRACK,-133
SCR_029,CAMP_C,2024-01-21,6000,6116,1.0193333333333334,ON TRACK,116
SCR_011,CAMP_C,2024-01-21,4000,3955,0.98875,ON TRACK,-45
SCR_017,CAMP_C,2024-01-21,4000,3918,0.9795,ON TRACK,-82
SCR_014,CAMP_C,2024-01-21,6000,5983,0.9971666666666666,ON TRACK,-17
SCR_049,CAMP_C,2024-01-21,3000,2789,0.9296666666666666,ON TRACK,-211
SCR_003,CAMP_C,2024-01-21,5000,5014,1.0028,ON TRACK,14
SCR_030,CAMP_C,2024-01-21,4000,3664,0.916,ON TRACK,-336
SCR_002,CAMP_C,2024-01-21,3000,2850,0.95,ON TRACK,-150
SCR_005,CAMP_C,2024-01-21,3000,2748,0.916,ON TRACK,-252
SCR_040,CAMP_C,2024-01-21,6000,6184,1.0306666666666666,ON TRACK,184
SCR_025,CAMP_C,2024-01-21,5000,4679,0.9358,ON TRACK,-321
SCR_022,CAMP_C,2024-01-21,3000,3115,1.0383333333333333,ON TRACK,115
SCR_026,CAMP_C,2024-01-21,5000,4991,0.9982,ON TRACK,-9
SCR_013,CAMP_C,2024-01-21,3000,3074,1.0246666666666666,ON TRACK,74
SCR_034,CAMP_C,2024-01-21,4000,3662,0.9155,ON TRACK,-338
SCR_039,CAMP_C,2024-01-21,3000,2855,0.9516666666666667,ON TRACK,-145
SCR_041,CAMP_D,2024-01-21,6000,5973,0.9955,ON TRACK,-27
SCR_013,CAMP_D,2024-01-21,5000,4789,0.9578,ON TRACK,-211
SCR_040,CAMP_D,2024-01-21,3000,2890,0.9633333333333334,ON TRACK,-110
SCR_014,CAMP_D,2024-01-21,6000,5539,0.9231666666666667,ON TRACK,-461
SCR_035,CAMP_D,2024-01-21,4000,3689,0.92225,ON TRACK,-311
SCR_026,CAMP_D,2024-01-21,5000,5002,1.0004,ON TRACK,2
SCR_028,CAMP_D,2024-01-21,4000,3970,0.9925,ON TRACK,-30
SCR_008,CAMP_D,2024-01-21,5000,4983,0.9966,ON TRACK,-17
SCR_015,CAMP_D,2024-01-21,3000,2967,0.989,ON TRACK,-33
SCR_047,CAMP_D,2024-01-21,6000,5959,0.9931666666666666,ON TRACK,-41
SCR_007,CAMP_D,2024-01-21,4000,4006,1.0015,ON TRACK,6
SCR_023,CAMP_D,2024-01-21,3000,2970,0.99,ON TRACK,-30
SCR_021,CAMP_D,2024-01-21,3000,3017,1.0056666666666667,ON TRACK,17
SCR_012,CAMP_D,2024-01-21,4000,3671,0.91775,ON TRACK,-329
SCR_001,CAMP_D,2024-01-21,5000,4681,0.9362,ON TRACK,-319
SCR_045,CAMP_D,2024-01-21,6000,5489,0.9148333333333334,ON TRACK,-511
SCR_038,CAMP_D,2024-01-21,6000,5716,0.9526666666666667,ON TRACK,-284
SCR_036,CAMP_D,2024-01-21,5000,5061,1.0122,ON TRACK,61
SCR_025,CAMP_D,2024-01-21,3000,3111,1.037,ON TRACK,111
SCR_048,CAMP_D,2024-01-21,5000,4698,0.9396,ON TRACK,-302
SCR_047,CAMP_E,2024-01-21,4000,3507,0.87675,UNDER-DELIVERY,-493
SCR_022,CAMP_E,2024-01-21,4000,3730,0.9325,ON TRACK,-270
SCR_049,CAMP_E,2024-01-21,4000,3680,0.92,ON TRACK,-320
SCR_016,CAMP_E,2024-01-21,6000,6022,1.0036666666666667,ON TRACK,22
SCR_014,CAMP_E,2024-01-21,4000,3955,0.98875,ON TRACK,-45
SCR_035,CAMP_E,2024-01-21,5000,4841,0.9682,ON TRACK,-159
SCR_004,CAMP_E,2024-01-21,4000,4046,1.0115,ON TRACK,46
SCR_043,CAMP_E,2024-01-21,3000,2870,0.9566666666666667,ON TRACK,-130
SCR_050,CAMP_E,2024-01-21,6000,5804,0.9673333333333334,ON TRACK,-196
SCR_015,CAMP_E,2024-01-21,6000,6099,1.0165,ON TRACK,99
SCR_039,CAMP_E,2024-01-21,6000,3869,0.6448333333333334,UNDER-DELIVERY,-2131
SCR_025,CAMP_E,2024-01-21,3000,3089,1.0296666666666667,ON TRACK,89
SCR_034,CAMP_E,2024-01-21,4000,3731,0.93275,ON TRACK,-269
SCR_021,CAMP_E,2024-01-21,6000,5813,0.9688333333333333,ON TRACK,-187
SCR_012,CAMP_E,2024-01-21,6000,5835,0.9725,ON TRACK,-165
SCR_029,CAMP_E,2024-01-21,5000,4855,0.971,ON TRACK,-145
SCR_001,CAMP_E,2024-01-21,4000,3642,0.9105,ON TRACK,-358
SCR_005,CAMP_E,2024-01-21,5000,5151,1.0302,ON TRACK,151
SCR_032,CAMP_E,2024-01-21,6000,5751,0.9585,ON TRACK,-249
SCR_003,CAMP_E,2024-01-21,6000,6230,1.0383333333333333,ON TRACK,230
SCR_005,CAMP_A,2024-01-22,3000,2870,0.9566666666666667,ON TRACK,-130
SCR_027,CAMP_A,2024-01-22,3000,2981,0.9936666666666667,ON TRACK,-19
SCR_003,CAMP_A,2024-01-22,5000,5163,1.0326,ON TRACK,163
SCR_008,CAMP_A,2024-01-22,4000,3953,0.98825,ON TRACK,-47
SCR_025,CAMP_A,2024-01-22,4000,3171,0.79275,UNDER-DELIVERY,-829
SCR_037,CAMP_A,2024-01-22,6000,5917,0.9861666666666666,ON TRACK,-83
SCR_011,CAMP_A,2024-01-22,3000,2803,0.9343333333333333,ON TRACK,-197
SCR_013,CAMP_A,2024-01-22,6000,5792,0.9653333333333334,ON TRACK,-208
SCR_028,CAMP_A,2024-01-22,5000,4896,0.9792,ON TRACK,-104
SCR_017,CAMP_A,2024-01-22,6000,6032,1.0053333333333334,ON TRACK,32
SCR_023,CAMP_A,2024-01-22,3000,3420,1.14,OVER-DELIVERY,420
SCR_033,CAMP_A,2024-01-22,5000,4724,0.9448,ON TRACK,-276
SCR_032,CAMP_A,2024-01-22,4000,3846,0.9615,ON TRACK,-154
SCR_024,CAMP_A,2024-01-22,5000,2819,0.5638,UNDER-DELIVERY,-2181
SCR_004,CAMP_A,2024-01-22,6000,3159,0.5265,UNDER-DELIVERY,-2841
SCR_046,CAMP_A,2024-01-22,6000,5970,0.995,ON TRACK,-30
SCR_042,CAMP_A,2024-01-22,6000,5752,0.9586666666666667,ON TRACK,-248
SCR_016,CAMP_A,2024-01-22,4000,3734,0.9335,ON TRACK,-266
SCR_039,CAMP_A,2024-01-22,3000,3047,1.0156666666666667,ON TRACK,47
SCR_038,CAMP_A,2024-01-22,4000,4029,1.00725,ON TRACK,29
SCR_049,CAMP_B,2024-01-22,4000,3989,0.99725,ON TRACK,-11
SCR_013,CAMP_B,2024-01-22,3000,1803,0.601,UNDER-DELIVERY,-1197
SCR_017,CAMP_B,2024-01-22,3000,3037,1.0123333333333333,ON TRACK,37
SCR_027,CAMP_B,2024-01-22,3000,3399,1.133,OVER-DELIVERY,399
SCR_029,CAMP_B,2024-01-22,3000,2932,0.9773333333333334,ON TRACK,-68
SCR_041,CAMP_B,2024-01-22,5000,4857,0.9714,ON TRACK,-143
SCR_040,CAMP_B,2024-01-22,5000,4768,0.9536,ON TRACK,-232
SCR_007,CAMP_B,2024-01-22,5000,5080,1.016,ON TRACK,80
SCR_045,CAMP_B,2024-01-22,5000,4795,0.959,ON TRACK,-205
SCR_011,CAMP_B,2024-01-22,3000,3070,1.0233333333333334,ON TRACK,70
SCR_006,CAMP_B,2024-01-22,3000,2492,0.8306666666666667,UNDER-DELIVERY,-508
SCR_019,CAMP_B,2024-01-22,6000,6152,1.0253333333333334,ON TRACK,152
SCR_044,CAMP_B,2024-01-22,4000,2186,0.5465,UNDER-DELIVERY,-1814
SCR_025,CAMP_B,2024-01-22,5000,5038,1.0076,ON TRACK,38
SCR_008,CAMP_B,2024-01-22,4000,3961,0.99025,ON TRACK,-39
SCR_018,CAMP_B,2024-01-22,6000,5974,0.9956666666666667,ON TRACK,-26
SCR_005,CAMP_B,2024-01-22,3000,3103,1.0343333333333333,ON TRACK,103
SCR_022,CAMP_B,2024-01-22,5000,3184,0.6368,UNDER-DELIVERY,-1816
SCR_002,CAMP_B,2024-01-22,3000,3016,1.0053333333333334,ON TRACK,16
SCR_039,CAMP_B,2024-01-22,6000,5837,0.9728333333333333,ON TRACK,-163
SCR_048,CAMP_C,2024-01-22,6000,5808,0.968,ON TRACK,-192
SCR_040,CAMP_C,2024-01-22,3000,2940,0.98,ON TRACK,-60
SCR_006,CAMP_C,2024-01-22,4000,4031,1.00775,ON TRACK,31
SCR_023,CAMP_C,2024-01-22,3000,3597,1.199,OVER-DELIVERY,597
SCR_028,CAMP_C,2024-01-22,3000,3092,1.0306666666666666,ON TRACK,92
SCR_031,CAMP_C,2024-01-22,6000,5631,0.9385,ON TRACK,-369
SCR_043,CAMP_C,2024-01-22,5000,5168,1.0336,ON TRACK,168
SCR_007,CAMP_C,2024-01-22,3000,3089,1.0296666666666667,ON TRACK,89
SCR_025,CAMP_C,2024-01-22,6000,6941,1.1568333333333334,OVER-DELIVERY,941
SCR_019,CAMP_C,2024-01-22,4000,4038,1.0095,ON TRACK,38
SCR_039,CAMP_C,2024-01-22,3000,2877,0.959,ON TRACK,-123
SCR_013,CAMP_C,2024-01-22,6000,6072,1.012,ON TRACK,72
SCR_010,CAMP_C,2024-01-22,6000,5634,0.939,ON TRACK,-366
SCR_034,CAMP_C,2024-01-22,3000,2773,0.9243333333333333,ON TRACK,-227
SCR_033,CAMP_C,2024-01-22,5000,5159,1.0318,ON TRACK,159
SCR_003,CAMP_C,2024-01-22,3000,2779,0.9263333333333333,ON TRACK,-221
SCR_009,CAMP_C,2024-01-22,5000,4924,0.9848,ON TRACK,-76
SCR_032,CAMP_C,2024-01-22,3000,2960,0.9866666666666667,ON TRACK,-40
SCR_050,CAMP_C,2024-01-22,4000,4149,1.03725,ON TRACK,149
SCR_038,CAMP_C,2024-01-22,5000,5068,1.0136,ON TRACK,68
SCR_009,CAMP_D,2024-01-22,3000,2850,0.95,ON TRACK,-150
SCR_034,CAMP_D,2024-01-22,3000,3060,1.02,ON TRACK,60
SCR_043,CAMP_D,2024-01-22,6000,5628,0.938,ON TRACK,-372
SCR_039,CAMP_D,2024-01-22,5000,4794,0.9588,ON TRACK,-206
SCR_038,CAMP_D,2024-01-22,5000,5015,1.003,ON TRACK,15
SCR_015,CAMP_D,2024-01-22,4000,3667,0.91675,ON TRACK,-333
SCR_007,CAMP_D,2024-01-22,4000,4018,1.0045,ON TRACK,18
SCR_026,CAMP_D,2024-01-22,5000,4978,0.9956,ON TRACK,-22
SCR_001,CAMP_D,2024-01-22,4000,3924,0.981,ON TRACK,-76
SCR_035,CAMP_D,2024-01-22,5000,4857,0.9714,ON TRACK,-143
SCR_030,CAMP_D,2024-01-22,5000,4804,0.9608,ON TRACK,-196
SCR_021,CAMP_D,2024-01-22,5000,5149,1.0298,ON TRACK,149
SCR_010,CAMP_D,2024-01-22,6000,6631,1.1051666666666666,OVER-DELIVERY,631
SCR_019,CAMP_D,2024-01-22,3000,3006,1.002,ON TRACK,6
SCR_045,CAMP_D,2024-01-22,6000,5910,0.985,ON TRACK,-90
SCR_032,CAMP_D,2024-01-22,6000,5687,0.9478333333333333,ON TRACK,-313
SCR_040,CAMP_D,2024-01-22,4000,4058,1.0145,ON TRACK,58
SCR_046,CAMP_D,2024-01-22,4000,3644,0.911,ON TRACK,-356
SCR_037,CAMP_D,2024-01-22,3000,3115,1.0383333333333333,ON TRACK,115
SCR_005,CAMP_D,2024-01-22,4000,4151,1.03775,ON TRACK,151
SCR_044,CAMP_E,2024-01-22,6000,5925,0.9875,ON TRACK,-75
SCR_011,CAMP_E,2024-01-22,4000,3835,0.95875,ON TRACK,-165
SCR_004,CAMP_E,2024-01-22,3000,3067,1.0223333333333333,ON TRACK,67
SCR_007,CAMP_E,2024-01-22,6000,5969,0.9948333333333333,ON TRACK,-31
SCR_023,CAMP_E,2024-01-22,5000,2721,0.5442,UNDER-DELIVERY,-2279
SCR_031,CAMP_E,2024-01-22,3000,2990,0.9966666666666667,ON TRACK,-10
SCR_012,CAMP_E,2024-01-22,4000,2870,0.7175,UNDER-DELIVERY,-1130
SCR_048,CAMP_E,2024-01-22,6000,6041,1.0068333333333332,ON TRACK,41
SCR_008,CAMP_E,2024-01-22,4000,4159,1.03975,ON TRACK,159
SCR_033,CAMP_E,2024-01-22,6000,5557,0.9261666666666667,ON TRACK,-443
SCR_022,CAMP_E,2024-01-22,5000,4226,0.8452,UNDER-DELIVERY,-774
SCR_038,CAMP_E,2024-01-22,4000,4004,1.001,ON TRACK,4
SCR_028,CAMP_E,2024-01-22,6000,5878,0.9796666666666667,ON TRACK,-122
SCR_010,CAMP_E,2024-01-22,6000,4908,0.818,UNDER-DELIVERY,-1092
SCR_026,CAMP_E,2024-01-22,3000,2810,0.9366666666666666,ON TRACK,-190
SCR_016,CAMP_E,2024-01-22,3000,2963,0.9876666666666667,ON TRACK,-37
SCR_003,CAMP_E,2024-01-22,4000,2679,0.66975,UNDER-DELIVERY,-1321
SCR_042,CAMP_E,2024-01-22,5000,4633,0.9266,ON TRACK,-367
SCR_035,CAMP_E,2024-01-22,4000,3685,0.92125,ON TRACK,-315
SCR_013,CAMP_E,2024-01-22,5000,4572,0.9144,ON TRACK,-428
SCR_008,CAMP_A,2024-01-23,5000,4881,0.9762,ON TRACK,-119
SCR_033,CAMP_A,2024-01-23,3000,2747,0.9156666666666666,ON TRACK,-253
SCR_020,CAMP_A,2024-01-23,3000,2846,0.9486666666666667,ON TRACK,-154
SCR_024,CAMP_A,2024-01-23,4000,3953,0.98825,ON TRACK,-47
SCR_035,CAMP_A,2024-01-23,4000,3784,0.946,ON TRACK,-216
SCR_011,CAMP_A,2024-01-23,6000,3581,0.5968333333333333,UNDER-DELIVERY,-2419
SCR_028,CAMP_A,2024-01-23,6000,5587,0.9311666666666667,ON TRACK,-413
SCR_043,CAMP_A,2024-01-23,6000,6573,1.0955,OVER-DELIVERY,573
SCR_001,CAMP_A,2024-01-23,6000,5571,0.9285,ON TRACK,-429
SCR_016,CAMP_A,2024-01-23,4000,3113,0.77825,UNDER-DELIVERY,-887
SCR_048,CAMP_A,2024-01-23,4000,3933,0.98325,ON TRACK,-67
SCR_003,CAMP_A,2024-01-23,4000,3719,0.92975,ON TRACK,-281
SCR_034,CAMP_A,2024-01-23,6000,6211,1.0351666666666666,ON TRACK,211
SCR_019,CAMP_A,2024-01-23,4000,2189,0.54725,UNDER-DELIVERY,-1811
SCR_046,CAMP_A,2024-01-23,3000,2888,0.9626666666666667,ON TRACK,-112
SCR_029,CAMP_A,2024-01-23,5000,4785,0.957,ON TRACK,-215
SCR_009,CAMP_A,2024-01-23,5000,4645,0.929,ON TRACK,-355
SCR_032,CAMP_A,2024-01-23,4000,3690,0.9225,ON TRACK,-310
SCR_021,CAMP_A,2024-01-23,4000,3694,0.9235,ON TRACK,-306
SCR_017,CAMP_A,2024-01-23,3000,3014,1.0046666666666666,ON TRACK,14
SCR_020,CAMP_B,2024-01-23,4000,3997,0.99925,ON TRACK,-3
SCR_038,CAMP_B,2024-01-23,4000,3714,0.9285,ON TRACK,-286
SCR_032,CAMP_B,2024-01-23,5000,3878,0.7756,UNDER-DELIVERY,-1122
SCR_007,CAMP_B,2024-01-23,5000,4711,0.9422,ON TRACK,-289
SCR_034,CAMP_B,2024-01-23,6000,5602,0.9336666666666666,ON TRACK,-398
SCR_023,CAMP_B,2024-01-23,5000,4876,0.9752,ON TRACK,-124
SCR_037,CAMP_B,2024-01-23,5000,4888,0.9776,ON TRACK,-112
SCR_019,CAMP_B,2024-01-23,4000,4086,1.0215,ON TRACK,86
SCR_036,CAMP_B,2024-01-23,5000,4753,0.9506,ON TRACK,-247
SCR_018,CAMP_B,2024-01-23,3000,2759,0.9196666666666666,ON TRACK,-241
SCR_039,CAMP_B,2024-01-23,4000,3725,0.93125,ON TRACK,-275
SCR_047,CAMP_B,2024-01-23,3000,3300,1.1,OVER-DELIVERY,300
SCR_004,CAMP_B,2024-01-23,6000,5468,0.9113333333333333,ON TRACK,-532
SCR_011,CAMP_B,2024-01-23,6000,6187,1.0311666666666666,ON TRACK,187
SCR_021,CAMP_B,2024-01-23,4000,3907,0.97675,ON TRACK,-93
SCR_025,CAMP_B,2024-01-23,3000,2970,0.99,ON TRACK,-30
SCR_012,CAMP_B,2024-01-23,3000,3004,1.0013333333333334,ON TRACK,4
SCR_045,CAMP_B,2024-01-23,5000,5030,1.006,ON TRACK,30
SCR_026,CAMP_B,2024-01-23,3000,3106,1.0353333333333334,ON TRACK,106
SCR_016,CAMP_B,2024-01-23,4000,3830,0.9575,ON TRACK,-170
SCR_009,CAMP_C,2024-01-23,3000,2951,0.9836666666666667,ON TRACK,-49
SCR_033,CAMP_C,2024-01-23,4000,4123,1.03075,ON TRACK,123
SCR_023,CAMP_C,2024-01-23,3000,3078,1.026,ON TRACK,78
SCR_004,CAMP_C,2024-01-23,6000,3013,0.5021666666666667,UNDER-DELIVERY,-2987
SCR_028,CAMP_C,2024-01-23,6000,5736,0.956,ON TRACK,-264
SCR_032,CAMP_C,2024-01-23,3000,3011,1.0036666666666667,ON TRACK,11
SCR_025,CAMP_C,2024-01-23,6000,5539,0.9231666666666667,ON TRACK,-461
SCR_011,CAMP_C,2024-01-23,6000,5872,0.9786666666666667,ON TRACK,-128
SCR_024,CAMP_C,2024-01-23,4000,4114,1.0285,ON TRACK,114
SCR_008,CAMP_C,2024-01-23,3000,2986,0.9953333333333333,ON TRACK,-14
SCR_022,CAMP_C,2024-01-23,4000,3834,0.9585,ON TRACK,-166
SCR_016,CAMP_C,2024-01-23,5000,4668,0.9336,ON TRACK,-332
SCR_035,CAMP_C,2024-01-23,5000,5607,1.1214,OVER-DELIVERY,607
SCR_041,CAMP_C,2024-01-23,6000,5735,0.9558333333333333,ON TRACK,-265
SCR_019,CAMP_C,2024-01-23,6000,5014,0.8356666666666667,UNDER-DELIVERY,-986
SCR_020,CAMP_C,2024-01-23,4000,4399,1.09975,OVER-DELIVERY,399
SCR_031,CAMP_C,2024-01-23,4000,4026,1.0065,ON TRACK,26
SCR_036,CAMP_C,2024-01-23,3000,2807,0.9356666666666666,ON TRACK,-193
SCR_017,CAMP_C,2024-01-23,6000,6226,1.0376666666666667,ON TRACK,226
SCR_007,CAMP_C,2024-01-23,3000,2944,0.9813333333333333,ON TRACK,-56
SCR_044,CAMP_D,2024-01-23,3000,2842,0.9473333333333334,ON TRACK,-158
SCR_046,CAMP_D,2024-01-23,6000,6720,1.12,OVER-DELIVERY,720
SCR_009,CAMP_D,2024-01-23,4000,3737,0.93425,ON TRACK,-263
SCR_021,CAMP_D,2024-01-23,5000,5111,1.0222,ON TRACK,111
SCR_026,CAMP_D,2024-01-23,4000,3863,0.96575,ON TRACK,-137
SCR_033,CAMP_D,2024-01-23,6000,6091,1.0151666666666668,ON TRACK,91
SCR_025,CAMP_D,2024-01-23,4000,4084,1.021,ON TRACK,84
SCR_048,CAMP_D,2024-01-23,4000,3708,0.927,ON TRACK,-292
SCR_008,CAMP_D,2024-01-23,3000,2804,0.9346666666666666,ON TRACK,-196
SCR_007,CAMP_D,2024-01-23,4000,3960,0.99,ON TRACK,-40
SCR_002,CAMP_D,2024-01-23,3000,2878,0.9593333333333334,ON TRACK,-122
SCR_043,CAMP_D,2024-01-23,5000,5187,1.0374,ON TRACK,187
SCR_010,CAMP_D,2024-01-23,4000,3889,0.97225,ON TRACK,-111
SCR_023,CAMP_D,2024-01-23,6000,5697,0.9495,ON TRACK,-303
SCR_045,CAMP_D,2024-01-23,5000,5162,1.0324,ON TRACK,162
SCR_001,CAMP_D,2024-01-23,6000,6158,1.0263333333333333,ON TRACK,158
SCR_016,CAMP_D,2024-01-23,4000,2079,0.51975,UNDER-DELIVERY,-1921
SCR_004,CAMP_D,2024-01-23,5000,4856,0.9712,ON TRACK,-144
SCR_022,CAMP_D,2024-01-23,3000,2828,0.9426666666666667,ON TRACK,-172
SCR_014,CAMP_D,2024-01-23,6000,5697,0.9495,ON TRACK,-303
SCR_007,CAMP_E,2024-01-23,3000,2603,0.8676666666666667,UNDER-DELIVERY,-397
SCR_043,CAMP_E,2024-01-23,4000,3871,0.96775,ON TRACK,-129
SCR_001,CAMP_E,2024-01-23,3000,2123,0.7076666666666667,UNDER-DELIVERY,-877
SCR_044,CAMP_E,2024-01-23,5000,4858,0.9716,ON TRACK,-142
SCR_036,CAMP_E,2024-01-23,4000,3719,0.92975,ON TRACK,-281
SCR_009,CAMP_E,2024-01-23,4000,3926,0.9815,ON TRACK,-74
SCR_022,CAMP_E,2024-01-23,5000,5043,1.0086,ON TRACK,43
SCR_024,CAMP_E,2024-01-23,5000,4841,0.9682,ON TRACK,-159
SCR_049,CAMP_E,2024-01-23,3000,2756,0.9186666666666666,ON TRACK,-244
SCR_038,CAMP_E,2024-01-23,6000,6202,1.0336666666666667,ON TRACK,202
SCR_034,CAMP_E,2024-01-23,3000,2836,0.9453333333333334,ON TRACK,-164
SCR_039,CAMP_E,2024-01-23,4000,4137,1.03425,ON TRACK,137
SCR_042,CAMP_E,2024-01-23,3000,3000,1.0,ON TRACK,0
SCR_016,CAMP_E,2024-01-23,6000,5875,0.9791666666666666,ON TRACK,-125
SCR_018,CAMP_E,2024-01-23,3000,3022,1.0073333333333334,ON TRACK,22
SCR_014,CAMP_E,2024-01-23,6000,5764,0.9606666666666667,ON TRACK,-236
SCR_025,CAMP_E,2024-01-23,5000,4552,0.9104,ON TRACK,-448
SCR_006,CAMP_E,2024-01-23,4000,3644,0.911,ON TRACK,-356
SCR_050,CAMP_E,2024-01-23,6000,6022,1.0036666666666667,ON TRACK,22
SCR_005,CAMP_E,2024-01-23,5000,4693,0.9386,ON TRACK,-307
SCR_046,CAMP_A,2024-01-24,5000,5181,1.0362,ON TRACK,181
SCR_018,CAMP_A,2024-01-24,5000,5793,1.1586,OVER-DELIVERY,793
SCR_036,CAMP_A,2024-01-24,5000,4815,0.963,ON TRACK,-185
SCR_008,CAMP_A,2024-01-24,5000,4587,0.9174,ON TRACK,-413
SCR_011,CAMP_A,2024-01-24,3000,2815,0.9383333333333334,ON TRACK,-185
SCR_015,CAMP_A,2024-01-24,5000,5181,1.0362,ON TRACK,181
SCR_003,CAMP_A,2024-01-24,3000,2998,0.9993333333333333,ON TRACK,-2
SCR_035,CAMP_A,2024-01-24,5000,4962,0.9924,ON TRACK,-38
SCR_016,CAMP_A,2024-01-24,4000,3754,0.9385,ON TRACK,-246
SCR_019,CAMP_A,2024-01-24,5000,4959,0.9918,ON TRACK,-41
SCR_044,CAMP_A,2024-01-24,6000,5640,0.94,ON TRACK,-360
SCR_010,CAMP_A,2024-01-24,6000,6163,1.0271666666666666,ON TRACK,163
SCR_049,CAMP_A,2024-01-24,3000,2909,0.9696666666666667,ON TRACK,-91
SCR_009,CAMP_A,2024-01-24,4000,3895,0.97375,ON TRACK,-105
SCR_038,CAMP_A,2024-01-24,4000,3650,0.9125,ON TRACK,-350
SCR_004,CAMP_A,2024-01-24,4000,4065,1.01625,ON TRACK,65
SCR_042,CAMP_A,2024-01-24,4000,2109,0.52725,UNDER-DELIVERY,-1891
SCR_014,CAMP_A,2024-01-24,4000,3975,0.99375,ON TRACK,-25
SCR_047,CAMP_A,2024-01-24,6000,6802,1.1336666666666666,OVER-DELIVERY,802
SCR_001,CAMP_A,2024-01-24,3000,2877,0.959,ON TRACK,-123
SCR_002,CAMP_B,2024-01-24,6000,5699,0.9498333333333333,ON TRACK,-301
SCR_008,CAMP_B,2024-01-24,6000,5503,0.9171666666666667,ON TRACK,-497
SCR_001,CAMP_B,2024-01-24,5000,4629,0.9258,ON TRACK,-371
SCR_042,CAMP_B,2024-01-24,3000,3304,1.1013333333333333,OVER-DELIVERY,304
SCR_003,CAMP_B,2024-01-24,6000,6171,1.0285,ON TRACK,171
SCR_009,CAMP_B,2024-01-24,3000,2880,0.96,ON TRACK,-120
SCR_016,CAMP_B,2024-01-24,5000,4696,0.9392,ON TRACK,-304
SCR_006,CAMP_B,2024-01-24,6000,6017,1.0028333333333332,ON TRACK,17
SCR_018,CAMP_B,2024-01-24,3000,3116,1.0386666666666666,ON TRACK,116
SCR_010,CAMP_B,2024-01-24,4000,4775,1.19375,OVER-DELIVERY,775
SCR_039,CAMP_B,2024-01-24,5000,3134,0.6268,UNDER-DELIVERY,-1866
SCR_048,CAMP_B,2024-01-24,5000,5147,1.0294,ON TRACK,147
SCR_040,CAMP_B,2024-01-24,3000,2799,0.933,ON TRACK,-201
SCR_007,CAMP_B,2024-01-24,5000,4991,0.9982,ON TRACK,-9
SCR_035,CAMP_B,2024-01-24,4000,3997,0.99925,ON TRACK,-3
SCR_022,CAMP_B,2024-01-24,5000,4617,0.9234,ON TRACK,-383
SCR_043,CAMP_B,2024-01-24,6000,6187,1.0311666666666666,ON TRACK,187
SCR_013,CAMP_B,2024-01-24,3000,3066,1.022,ON TRACK,66
SCR_045,CAMP_B,2024-01-24,4000,3716,0.929,ON TRACK,-284
SCR_044,CAMP_B,2024-01-24,4000,4015,1.00375,ON TRACK,15
SCR_031,CAMP_C,2024-01-24,4000,3925,0.98125,ON TRACK,-75
SCR_005,CAMP_C,2024-01-24,6000,6100,1.0166666666666666,ON TRACK,100
SCR_008,CAMP_C,2024-01-24,6000,6960,1.16,OVER-DELIVERY,960
SCR_037,CAMP_C,2024-01-24,4000,3762,0.9405,ON TRACK,-238
SCR_028,CAMP_C,2024-01-24,3000,3061,1.0203333333333333,ON TRACK,61
SCR_018,CAMP_C,2024-01-24,5000,5172,1.0344,ON TRACK,172
SCR_010,CAMP_C,2024-01-24,3000,1898,0.6326666666666667,UNDER-DELIVERY,-1102
SCR_006,CAMP_C,2024-01-24,4000,3714,0.9285,ON TRACK,-286
SCR_021,CAMP_C,2024-01-24,6000,6105,1.0175,ON TRACK,105
SCR_009,CAMP_C,2024-01-24,3000,2775,0.925,ON TRACK,-225
SCR_012,CAMP_C,2024-01-24,4000,3653,0.91325,ON TRACK,-347
SCR_025,CAMP_C,2024-01-24,6000,6007,1.0011666666666668,ON TRACK,7
SCR_023,CAMP_C,2024-01-24,3000,2961,0.987,ON TRACK,-39
SCR_042,CAMP_C,2024-01-24,4000,2555,0.63875,UNDER-DELIVERY,-1445
SCR_032,CAMP_C,2024-01-24,3000,2734,0.9113333333333333,ON TRACK,-266
SCR_046,CAMP_C,2024-01-24,6000,5602,0.9336666666666666,ON TRACK,-398
SCR_050,CAMP_C,2024-01-24,4000,4003,1.00075,ON TRACK,3
SCR_027,CAMP_C,2024-01-24,5000,5019,1.0038,ON TRACK,19
SCR_022,CAMP_C,2024-01-24,6000,6002,1.0003333333333333,ON TRACK,2
SCR_049,CAMP_C,2024-01-24,5000,5342,1.0684,OVER-DELIVERY,342
SCR_042,CAMP_D,2024-01-24,6000,5557,0.9261666666666667,ON TRACK,-443
SCR_003,CAMP_D,2024-01-24,4000,3669,0.91725,ON TRACK,-331
SCR_039,CAMP_D,2024-01-24,6000,6041,1.0068333333333332,ON TRACK,41
SCR_012,CAMP_D,2024-01-24,3000,2912,0.9706666666666667,ON TRACK,-88
SCR_033,CAMP_D,2024-01-24,5000,4813,0.9626,ON TRACK,-187
SCR_011,CAMP_D,2024-01-24,6000,6086,1.0143333333333333,ON TRACK,86
SCR_001,CAMP_D,2024-01-24,6000,5544,0.924,ON TRACK,-456
SCR_026,CAMP_D,2024-01-24,3000,3033,1.011,ON TRACK,33
SCR_028,CAMP_D,2024-01-24,5000,3036,0.6072,UNDER-DELIVERY,-1964
SCR_030,CAMP_D,2024-01-24,3000,2180,0.7266666666666667,UNDER-DELIVERY,-820
SCR_036,CAMP_D,2024-01-24,5000,4681,0.9362,ON TRACK,-319
SCR_017,CAMP_D,2024-01-24,3000,2763,0.921,ON TRACK,-237
SCR_037,CAMP_D,2024-01-24,3000,3038,1.0126666666666666,ON TRACK,38
SCR_046,CAMP_D,2024-01-24,3000,1606,0.5353333333333333,UNDER-DELIVERY,-1394
SCR_020,CAMP_D,2024-01-24,5000,3177,0.6354,UNDER-DELIVERY,-1823
SCR_015,CAMP_D,2024-01-24,5000,4875,0.975,ON TRACK,-125
SCR_050,CAMP_D,2024-01-24,5000,5021,1.0042,ON TRACK,21
SCR_045,CAMP_D,2024-01-24,4000,3690,0.9225,ON TRACK,-310
SCR_018,CAMP_D,2024-01-24,6000,5852,0.9753333333333334,ON TRACK,-148
SCR_049,CAMP_D,2024-01-24,4000,3210,0.8025,UNDER-DELIVERY,-790
SCR_031,CAMP_E,2024-01-24,4000,3827,0.95675,ON TRACK,-173
SCR_038,CAMP_E,2024-01-24,6000,4625,0.7708333333333334,UNDER-DELIVERY,-1375
SCR_003,CAMP_E,2024-01-24,6000,6237,1.0395,ON TRACK,237
SCR_019,CAMP_E,2024-01-24,3000,2951,0.9836666666666667,ON TRACK,-49
SCR_011,CAMP_E,2024-01-24,6000,6372,1.062,OVER-DELIVERY,372
SCR_010,CAMP_E,2024-01-24,5000,5179,1.0358,ON TRACK,179
SCR_044,CAMP_E,2024-01-24,3000,2907,0.969,ON TRACK,-93
SCR_030,CAMP_E,2024-01-24,4000,3723,0.93075,ON TRACK,-277
SCR_006,CAMP_E,2024-01-24,5000,4779,0.9558,ON TRACK,-221
SCR_041,CAMP_E,2024-01-24,3000,3031,1.0103333333333333,ON TRACK,31
SCR_042,CAMP_E,2024-01-24,5000,5186,1.0372,ON TRACK,186
SCR_015,CAMP_E,2024-01-24,6000,5569,0.9281666666666667,ON TRACK,-431
SCR_014,CAMP_E,2024-01-24,3000,2920,0.9733333333333334,ON TRACK,-80
SCR_045,CAMP_E,2024-01-24,5000,4810,0.962,ON TRACK,-190
SCR_046,CAMP_E,2024-01-24,4000,3906,0.9765,ON TRACK,-94
SCR_033,CAMP_E,2024-01-24,5000,4993,0.9986,ON TRACK,-7
SCR_034,CAMP_E,2024-01-24,6000,6142,1.0236666666666667,ON TRACK,142
SCR_022,CAMP_E,2024-01-24,3000,2981,0.9936666666666667,ON TRACK,-19
SCR_029,CAMP_E,2024-01-24,4000,3931,0.98275,ON TRACK,-69
SCR_026,CAMP_E,2024-01-24,4000,3791,0.94775,ON TRACK,-209
SCR_011,CAMP_A,2024-01-25,6000,5716,0.9526666666666667,ON TRACK,-284
SCR_037,CAMP_A,2024-01-25,5000,4942,0.9884,ON TRACK,-58
SCR_026,CAMP_A,2024-01-25,4000,3887,0.97175,ON TRACK,-113
SCR_005,CAMP_A,2024-01-25,5000,4904,0.9808,ON TRACK,-96
SCR_015,CAMP_A,2024-01-25,6000,5626,0.9376666666666666,ON TRACK,-374
SCR_025,CAMP_A,2024-01-25,3000,3031,1.0103333333333333,ON TRACK,31
SCR_030,CAMP_A,2024-01-25,3000,2870,0.9566666666666667,ON TRACK,-130
SCR_043,CAMP_A,2024-01-25,6000,5626,0.9376666666666666,ON TRACK,-374
SCR_006,CAMP_A,2024-01-25,4000,4135,1.03375,ON TRACK,135
SCR_023,CAMP_A,2024-01-25,6000,5955,0.9925,ON TRACK,-45
SCR_044,CAMP_A,2024-01-25,3000,2836,0.9453333333333334,ON TRACK,-164
SCR_040,CAMP_A,2024-01-25,3000,3007,1.0023333333333333,ON TRACK,7
SCR_035,CAMP_A,2024-01-25,6000,5982,0.997,ON TRACK,-18
SCR_039,CAMP_A,2024-01-25,5000,4584,0.9168,ON TRACK,-416
SCR_007,CAMP_A,2024-01-25,6000,6047,1.0078333333333334,ON TRACK,47
SCR_042,CAMP_A,2024-01-25,4000,4129,1.03225,ON TRACK,129
SCR_012,CAMP_A,2024-01-25,6000,5997,0.9995,ON TRACK,-3
SCR_036,CAMP_A,2024-01-25,4000,3867,0.96675,ON TRACK,-133
SCR_048,CAMP_A,2024-01-25,6000,5897,0.9828333333333333,ON TRACK,-103
SCR_045,CAMP_A,2024-01-25,4000,3015,0.75375,UNDER-DELIVERY,-985
SCR_040,CAMP_B,2024-01-25,3000,2350,0.7833333333333333,UNDER-DELIVERY,-650
SCR_010,CAMP_B,2024-01-25,4000,3923,0.98075,ON TRACK,-77
SCR_021,CAMP_B,2024-01-25,4000,3752,0.938,ON TRACK,-248
SCR_043,CAMP_B,2024-01-25,4000,4145,1.03625,ON TRACK,145
SCR_048,CAMP_B,2024-01-25,3000,2871,0.957,ON TRACK,-129
SCR_001,CAMP_B,2024-01-25,5000,4876,0.9752,ON TRACK,-124
SCR_049,CAMP_B,2024-01-25,3000,2983,0.9943333333333333,ON TRACK,-17
SCR_030,CAMP_B,2024-01-25,6000,5734,0.9556666666666667,ON TRACK,-266
SCR_044,CAMP_B,2024-01-25,6000,6056,1.0093333333333334,ON TRACK,56
SCR_032,CAMP_B,2024-01-25,3000,2908,0.9693333333333334,ON TRACK,-92
SCR_046,CAMP_B,2024-01-25,5000,4936,0.9872,ON TRACK,-64
SCR_008,CAMP_B,2024-01-25,6000,6119,1.0198333333333334,ON TRACK,119
SCR_027,CAMP_B,2024-01-25,6000,6007,1.0011666666666668,ON TRACK,7
SCR_017,CAMP_B,2024-01-25,3000,3044,1.0146666666666666,ON TRACK,44
SCR_034,CAMP_B,2024-01-25,3000,3186,1.062,OVER-DELIVERY,186
SCR_045,CAMP_B,2024-01-25,6000,6989,1.1648333333333334,OVER-DELIVERY,989
SCR_029,CAMP_B,2024-01-25,3000,2926,0.9753333333333334,ON TRACK,-74
SCR_009,CAMP_B,2024-01-25,3000,3062,1.0206666666666666,ON TRACK,62
SCR_036,CAMP_B,2024-01-25,4000,3876,0.969,ON TRACK,-124
SCR_050,CAMP_B,2024-01-25,6000,7079,1.1798333333333333,OVER-DELIVERY,1079
SCR_008,CAMP_C,2024-01-25,3000,2876,0.9586666666666667,ON TRACK,-124
SCR_023,CAMP_C,2024-01-25,5000,5173,1.0346,ON TRACK,173
SCR_030,CAMP_C,2024-01-25,6000,6219,1.0365,ON TRACK,219
SCR_027,CAMP_C,2024-01-25,4000,3844,0.961,ON TRACK,-156
SCR_042,CAMP_C,2024-01-25,3000,2955,0.985,ON TRACK,-45
SCR_026,CAMP_C,2024-01-25,4000,3843,0.96075,ON TRACK,-157
SCR_001,CAMP_C,2024-01-25,4000,3805,0.95125,ON TRACK,-195
SCR_024,CAMP_C,2024-01-25,4000,3691,0.92275,ON TRACK,-309
SCR_015,CAMP_C,2024-01-25,4000,3968,0.992,ON TRACK,-32
SCR_033,CAMP_C,2024-01-25,6000,5949,0.9915,ON TRACK,-51
SCR_019,CAMP_C,2024-01-25,5000,4653,0.9306,ON TRACK,-347
SCR_018,CAMP_C,2024-01-25,5000,4610,0.922,ON TRACK,-390
SCR_017,CAMP_C,2024-01-25,6000,4755,0.7925,UNDER-DELIVERY,-1245
SCR_020,CAMP_C,2024-01-25,4000,3075,0.76875,UNDER-DELIVERY,-925
SCR_047,CAMP_C,2024-01-25,3000,2739,0.913,ON TRACK,-261
SCR_016,CAMP_C,2024-01-25,4000,3969,0.99225,ON TRACK,-31
SCR_044,CAMP_C,2024-01-25,5000,4974,0.9948,ON TRACK,-26
SCR_036,CAMP_C,2024-01-25,4000,3918,0.9795,ON TRACK,-82
SCR_003,CAMP_C,2024-01-25,4000,4059,1.01475,ON TRACK,59
SCR_034,CAMP_C,2024-01-25,6000,5974,0.9956666666666667,ON TRACK,-26
SCR_018,CAMP_D,2024-01-25,5000,4685,0.937,ON TRACK,-315
SCR_006,CAMP_D,2024-01-25,3000,2738,0.9126666666666666,ON TRACK,-262
SCR_010,CAMP_D,2024-01-25,3000,2974,0.9913333333333333,ON TRACK,-26
SCR_041,CAMP_D,2024-01-25,4000,3835,0.95875,ON TRACK,-165
SCR_002,CAMP_D,2024-01-25,5000,4843,0.9686,ON TRACK,-157
SCR_047,CAMP_D,2024-01-25,4000,3645,0.91125,ON TRACK,-355
SCR_038,CAMP_D,2024-01-25,4000,3968,0.992,ON TRACK,-32
SCR_007,CAMP_D,2024-01-25,3000,3323,1.1076666666666666,OVER-DELIVERY,323
SCR_008,CAMP_D,2024-01-25,5000,4949,0.9898,ON TRACK,-51
SCR_030,CAMP_D,2024-01-25,3000,3019,1.0063333333333333,ON TRACK,19
SCR_039,CAMP_D,2024-01-25,3000,2741,0.9136666666666666,ON TRACK,-259
SCR_042,CAMP_D,2024-01-25,3000,3026,1.0086666666666666,ON TRACK,26
SCR_043,CAMP_D,2024-01-25,4000,3699,0.92475,ON TRACK,-301
SCR_048,CAMP_D,2024-01-25,4000,2210,0.5525,UNDER-DELIVERY,-1790
SCR_019,CAMP_D,2024-01-25,3000,3096,1.032,ON TRACK,96
SCR_017,CAMP_D,2024-01-25,5000,4679,0.9358,ON TRACK,-321
SCR_012,CAMP_D,2024-01-25,3000,2945,0.9816666666666667,ON TRACK,-55
SCR_049,CAMP_D,2024-01-25,5000,5075,1.015,ON TRACK,75
SCR_005,CAMP_D,2024-01-25,6000,5771,0.9618333333333333,ON TRACK,-229
SCR_016,CAMP_D,2024-01-25,4000,3742,0.9355,ON TRACK,-258
SCR_046,CAMP_E,2024-01-25,5000,4961,0.9922,ON TRACK,-39
SCR_018,CAMP_E,2024-01-25,3000,3076,1.0253333333333334,ON TRACK,76
SCR_026,CAMP_E,2024-01-25,5000,4740,0.948,ON TRACK,-260
SCR_007,CAMP_E,2024-01-25,5000,4624,0.9248,ON TRACK,-376
SCR_038,CAMP_E,2024-01-25,5000,4670,0.934,ON TRACK,-330
SCR_050,CAMP_E,2024-01-25,4000,2998,0.7495,UNDER-DELIVERY,-1002
SCR_020,CAMP_E,2024-01-25,5000,4754,0.9508,ON TRACK,-246
SCR_011,CAMP_E,2024-01-25,3000,2734,0.9113333333333333,ON TRACK,-266
SCR_014,CAMP_E,2024-01-25,5000,4918,0.9836,ON TRACK,-82
SCR_032,CAMP_E,2024-01-25,5000,4915,0.983,ON TRACK,-85
SCR_028,CAMP_E,2024-01-25,6000,5625,0.9375,ON TRACK,-375
SCR_029,CAMP_E,2024-01-25,4000,4395,1.09875,OVER-DELIVERY,395
SCR_040,CAMP_E,2024-01-25,3000,2982,0.994,ON TRACK,-18
SCR_049,CAMP_E,2024-01-25,6000,5709,0.9515,ON TRACK,-291
SCR_021,CAMP_E,2024-01-25,4000,2750,0.6875,UNDER-DELIVERY,-1250
SCR_047,CAMP_E,2024-01-25,3000,2894,0.9646666666666667,ON TRACK,-106
SCR_025,CAMP_E,2024-01-25,3000,2964,0.988,ON TRACK,-36
SCR_045,CAMP_E,2024-01-25,6000,5476,0.9126666666666666,ON TRACK,-524
SCR_013,CAMP_E,2024-01-25,3000,3063,1.021,ON TRACK,63
SCR_019,CAMP_E,2024-01-25,3000,2840,0.9466666666666667,ON TRACK,-160
SCR_026,CAMP_A,2024-01-26,3000,3001,1.0003333333333333,ON TRACK,1
SCR_003,CAMP_A,2024-01-26,6000,5960,0.9933333333333333,ON TRACK,-40
SCR_035,CAMP_A,2024-01-26,3000,3095,1.0316666666666667,ON TRACK,95
SCR_034,CAMP_A,2024-01-26,3000,1554,0.518,UNDER-DELIVERY,-1446
SCR_049,CAMP_A,2024-01-26,3000,3117,1.039,ON TRACK,117
SCR_022,CAMP_A,2024-01-26,6000,5528,0.9213333333333333,ON TRACK,-472
SCR_042,CAMP_A,2024-01-26,5000,4899,0.9798,ON TRACK,-101
SCR_002,CAMP_A,2024-01-26,3000,3068,1.0226666666666666,ON TRACK,68
SCR_005,CAMP_A,2024-01-26,5000,4577,0.9154,ON TRACK,-423
SCR_031,CAMP_A,2024-01-26,3000,2759,0.9196666666666666,ON TRACK,-241
SCR_007,CAMP_A,2024-01-26,5000,5064,1.0128,ON TRACK,64
SCR_027,CAMP_A,2024-01-26,6000,5592,0.932,ON TRACK,-408
SCR_020,CAMP_A,2024-01-26,4000,3702,0.9255,ON TRACK,-298
SCR_018,CAMP_A,2024-01-26,5000,5039,1.0078,ON TRACK,39
SCR_021,CAMP_A,2024-01-26,6000,5981,0.9968333333333333,ON TRACK,-19
SCR_023,CAMP_A,2024-01-26,4000,3983,0.99575,ON TRACK,-17
SCR_050,CAMP_A,2024-01-26,5000,5025,1.005,ON TRACK,25
SCR_006,CAMP_A,2024-01-26,4000,4669,1.16725,OVER-DELIVERY,669
SCR_036,CAMP_A,2024-01-26,3000,3055,1.0183333333333333,ON TRACK,55
SCR_016,CAMP_A,2024-01-26,4000,4022,1.0055,ON TRACK,22
SCR_014,CAMP_B,2024-01-26,5000,4975,0.995,ON TRACK,-25
SCR_045,CAMP_B,2024-01-26,3000,2815,0.9383333333333334,ON TRACK,-185
SCR_005,CAMP_B,2024-01-26,5000,4844,0.9688,ON TRACK,-156
SCR_048,CAMP_B,2024-01-26,4000,3737,0.93425,ON TRACK,-263
SCR_032,CAMP_B,2024-01-26,5000,4996,0.9992,ON TRACK,-4
SCR_004,CAMP_B,2024-01-26,3000,3071,1.0236666666666667,ON TRACK,71
SCR_050,CAMP_B,2024-01-26,3000,3078,1.026,ON TRACK,78
SCR_001,CAMP_B,2024-01-26,4000,3887,0.97175,ON TRACK,-113
SCR_044,CAMP_B,2024-01-26,6000,5552,0.9253333333333333,ON TRACK,-448
SCR_030,CAMP_B,2024-01-26,3000,2812,0.9373333333333334,ON TRACK,-188
SCR_025,CAMP_B,2024-01-26,6000,5856,0.976,ON TRACK,-144
SCR_013,CAMP_B,2024-01-26,3000,2874,0.958,ON TRACK,-126
SCR_046,CAMP_B,2024-01-26,3000,3015,1.005,ON TRACK,15
SCR_007,CAMP_B,2024-01-26,6000,5607,0.9345,ON TRACK,-393
SCR_022,CAMP_B,2024-01-26,4000,3915,0.97875,ON TRACK,-85
SCR_042,CAMP_B,2024-01-26,6000,5545,0.9241666666666667,ON TRACK,-455
SCR_034,CAMP_B,2024-01-26,3000,3103,1.0343333333333333,ON TRACK,103
SCR_033,CAMP_B,2024-01-26,4000,4741,1.18525,OVER-DELIVERY,741
SCR_021,CAMP_B,2024-01-26,5000,4895,0.979,ON TRACK,-105
SCR_040,CAMP_B,2024-01-26,5000,4953,0.9906,ON TRACK,-47
SCR_046,CAMP_C,2024-01-26,5000,4997,0.9994,ON TRACK,-3
SCR_026,CAMP_C,2024-01-26,4000,3676,0.919,ON TRACK,-324
SCR_049,CAMP_C,2024-01-26,4000,3876,0.969,ON TRACK,-124
SCR_048,CAMP_C,2024-01-26,3000,2896,0.9653333333333334,ON TRACK,-104
SCR_007,CAMP_C,2024-01-26,3000,2832,0.944,ON TRACK,-168
SCR_015,CAMP_C,2024-01-26,3000,3026,1.0086666666666666,ON TRACK,26
SCR_018,CAMP_C,2024-01-26,3000,3108,1.036,ON TRACK,108
SCR_032,CAMP_C,2024-01-26,3000,2826,0.942,ON TRACK,-174
SCR_014,CAMP_C,2024-01-26,3000,1519,0.5063333333333333,UNDER-DELIVERY,-1481
SCR_011,CAMP_C,2024-01-26,5000,4891,0.9782,ON TRACK,-109
SCR_042,CAMP_C,2024-01-26,4000,4043,1.01075,ON TRACK,43
SCR_023,CAMP_C,2024-01-26,3000,3017,1.0056666666666667,ON TRACK,17
SCR_019,CAMP_C,2024-01-26,6000,5733,0.9555,ON TRACK,-267
SCR_038,CAMP_C,2024-01-26,5000,4714,0.9428,ON TRACK,-286
SCR_001,CAMP_C,2024-01-26,6000,3803,0.6338333333333334,UNDER-DELIVERY,-2197
SCR_050,CAMP_C,2024-01-26,5000,5053,1.0106,ON TRACK,53
SCR_012,CAMP_C,2024-01-26,6000,6936,1.156,OVER-DELIVERY,936
SCR_033,CAMP_C,2024-01-26,3000,2890,0.9633333333333334,ON TRACK,-110
SCR_031,CAMP_C,2024-01-26,4000,3713,0.92825,ON TRACK,-287
SCR_024,CAMP_C,2024-01-26,6000,4316,0.7193333333333334,UNDER-DELIVERY,-1684
SCR_045,CAMP_D,2024-01-26,5000,4576,0.9152,ON TRACK,-424
SCR_028,CAMP_D,2024-01-26,5000,4629,0.9258,ON TRACK,-371
SCR_024,CAMP_D,2024-01-26,6000,6078,1.013,ON TRACK,78
SCR_014,CAMP_D,2024-01-26,5000,5180,1.036,ON TRACK,180
SCR_006,CAMP_D,2024-01-26,6000,5574,0.929,ON TRACK,-426
SCR_013,CAMP_D,2024-01-26,4000,3790,0.9475,ON TRACK,-210
SCR_025,CAMP_D,2024-01-26,4000,3789,0.94725,ON TRACK,-211
SCR_041,CAMP_D,2024-01-26,5000,2577,0.5154,UNDER-DELIVERY,-2423
SCR_007,CAMP_D,2024-01-26,5000,4630,0.926,ON TRACK,-370
SCR_018,CAMP_D,2024-01-26,6000,5795,0.9658333333333333,ON TRACK,-205
SCR_035,CAMP_D,2024-01-26,3000,1656,0.552,UNDER-DELIVERY,-1344
SCR_029,CAMP_D,2024-01-26,5000,4876,0.9752,ON TRACK,-124
SCR_034,CAMP_D,2024-01-26,4000,4010,1.0025,ON TRACK,10
SCR_012,CAMP_D,2024-01-26,4000,3742,0.9355,ON TRACK,-258
SCR_017,CAMP_D,2024-01-26,3000,2742,0.914,ON TRACK,-258
SCR_023,CAMP_D,2024-01-26,5000,4991,0.9982,ON TRACK,-9
SCR_022,CAMP_D,2024-01-26,6000,6214,1.0356666666666667,ON TRACK,214
SCR_026,CAMP_D,2024-01-26,3000,3088,1.0293333333333334,ON TRACK,88
SCR_027,CAMP_D,2024-01-26,5000,4833,0.9666,ON TRACK,-167
SCR_031,CAMP_D,2024-01-26,5000,4640,0.928,ON TRACK,-360
SCR_050,CAMP_E,2024-01-26,6000,5852,0.9753333333333334,ON TRACK,-148
SCR_013,CAMP_E,2024-01-26,5000,4827,0.9654,ON TRACK,-173
SCR_017,CAMP_E,2024-01-26,6000,5819,0.9698333333333333,ON TRACK,-181
SCR_009,CAMP_E,2024-01-26,3000,2894,0.9646666666666667,ON TRACK,-106
SCR_027,CAMP_E,2024-01-26,4000,3797,0.94925,ON TRACK,-203
SCR_036,CAMP_E,2024-01-26,4000,3834,0.9585,ON TRACK,-166
SCR_049,CAMP_E,2024-01-26,5000,4105,0.821,UNDER-DELIVERY,-895
SCR_020,CAMP_E,2024-01-26,4000,3643,0.91075,ON TRACK,-357
SCR_043,CAMP_E,2024-01-26,6000,5526,0.921,ON TRACK,-474
SCR_006,CAMP_E,2024-01-26,5000,4972,0.9944,ON TRACK,-28
SCR_042,CAMP_E,2024-01-26,5000,5084,1.0168,ON TRACK,84
SCR_037,CAMP_E,2024-01-26,6000,6134,1.0223333333333333,ON TRACK,134
SCR_030,CAMP_E,2024-01-26,3000,2993,0.9976666666666667,ON TRACK,-7
SCR_035,CAMP_E,2024-01-26,3000,2931,0.977,ON TRACK,-69
SCR_012,CAMP_E,2024-01-26,6000,6158,1.0263333333333333,ON TRACK,158
SCR_025,CAMP_E,2024-01-26,4000,3801,0.95025,ON TRACK,-199
SCR_028,CAMP_E,2024-01-26,3000,2973,0.991,ON TRACK,-27
SCR_007,CAMP_E,2024-01-26,4000,4240,1.06,OVER-DELIVERY,240
SCR_047,CAMP_E,2024-01-26,3000,2826,0.942,ON TRACK,-174
SCR_048,CAMP_E,2024-01-26,3000,3054,1.018,ON TRACK,54
SCR_029,CAMP_A,2024-01-27,4000,3790,0.9475,ON TRACK,-210
SCR_026,CAMP_A,2024-01-27,3000,2922,0.974,ON TRACK,-78
SCR_004,CAMP_A,2024-01-27,5000,5003,1.0006,ON TRACK,3
SCR_008,CAMP_A,2024-01-27,3000,3047,1.0156666666666667,ON TRACK,47
SCR_020,CAMP_A,2024-01-27,4000,2694,0.6735,UNDER-DELIVERY,-1306
SCR_049,CAMP_A,2024-01-27,6000,3690,0.615,UNDER-DELIVERY,-2310
SCR_031,CAMP_A,2024-01-27,6000,5068,0.8446666666666667,UNDER-DELIVERY,-932
SCR_012,CAMP_A,2024-01-27,4000,4015,1.00375,ON TRACK,15
SCR_016,CAMP_A,2024-01-27,5000,2800,0.56,UNDER-DELIVERY,-2200
SCR_035,CAMP_A,2024-01-27,4000,4007,1.00175,ON TRACK,7
SCR_017,CAMP_A,2024-01-27,6000,5596,0.9326666666666666,ON TRACK,-404
SCR_050,CAMP_A,2024-01-27,4000,4013,1.00325,ON TRACK,13
SCR_047,CAMP_A,2024-01-27,5000,5108,1.0216,ON TRACK,108
SCR_028,CAMP_A,2024-01-27,4000,4036,1.009,ON TRACK,36
SCR_010,CAMP_A,2024-01-27,5000,4594,0.9188,ON TRACK,-406
SCR_002,CAMP_A,2024-01-27,6000,5827,0.9711666666666666,ON TRACK,-173
SCR_043,CAMP_A,2024-01-27,4000,4122,1.0305,ON TRACK,122
SCR_036,CAMP_A,2024-01-27,5000,4760,0.952,ON TRACK,-240
SCR_042,CAMP_A,2024-01-27,5000,5089,1.0178,ON TRACK,89
SCR_006,CAMP_A,2024-01-27,3000,2471,0.8236666666666667,UNDER-DELIVERY,-529
SCR_011,CAMP_B,2024-01-27,3000,2875,0.9583333333333334,ON TRACK,-125
SCR_015,CAMP_B,2024-01-27,3000,2855,0.9516666666666667,ON TRACK,-145
SCR_007,CAMP_B,2024-01-27,6000,6231,1.0385,ON TRACK,231
SCR_043,CAMP_B,2024-01-27,4000,3895,0.97375,ON TRACK,-105
SCR_048,CAMP_B,2024-01-27,5000,5032,1.0064,ON TRACK,32
SCR_032,CAMP_B,2024-01-27,6000,6090,1.015,ON TRACK,90
SCR_044,CAMP_B,2024-01-27,4000,4253,1.06325,OVER-DELIVERY,253
SCR_031,CAMP_B,2024-01-27,3000,3045,1.015,ON TRACK,45
SCR_021,CAMP_B,2024-01-27,3000,2889,0.963,ON TRACK,-111
SCR_049,CAMP_B,2024-01-27,3000,2996,0.9986666666666667,ON TRACK,-4
SCR_016,CAMP_B,2024-01-27,6000,5621,0.9368333333333333,ON TRACK,-379
SCR_046,CAMP_B,2024-01-27,6000,5738,0.9563333333333334,ON TRACK,-262
SCR_012,CAMP_B,2024-01-27,4000,3868,0.967,ON TRACK,-132
SCR_025,CAMP_B,2024-01-27,6000,5903,0.9838333333333333,ON TRACK,-97
SCR_027,CAMP_B,2024-01-27,4000,3795,0.94875,ON TRACK,-205
SCR_005,CAMP_B,2024-01-27,3000,2750,0.9166666666666666,ON TRACK,-250
SCR_004,CAMP_B,2024-01-27,5000,4060,0.812,UNDER-DELIVERY,-940
SCR_017,CAMP_B,2024-01-27,5000,4713,0.9426,ON TRACK,-287
SCR_008,CAMP_B,2024-01-27,5000,4155,0.831,UNDER-DELIVERY,-845
SCR_002,CAMP_B,2024-01-27,5000,3593,0.7186,UNDER-DELIVERY,-1407
SCR_034,CAMP_C,2024-01-27,3000,2943,0.981,ON TRACK,-57
SCR_040,CAMP_C,2024-01-27,5000,4981,0.9962,ON TRACK,-19
SCR_033,CAMP_C,2024-01-27,3000,2758,0.9193333333333333,ON TRACK,-242
SCR_020,CAMP_C,2024-01-27,3000,2757,0.919,ON TRACK,-243
SCR_026,CAMP_C,2024-01-27,6000,5937,0.9895,ON TRACK,-63
SCR_049,CAMP_C,2024-01-27,3000,2916,0.972,ON TRACK,-84
SCR_004,CAMP_C,2024-01-27,4000,3661,0.91525,ON TRACK,-339
SCR_035,CAMP_C,2024-01-27,3000,2817,0.939,ON TRACK,-183
SCR_008,CAMP_C,2024-01-27,5000,4747,0.9494,ON TRACK,-253
SCR_038,CAMP_C,2024-01-27,4000,2084,0.521,UNDER-DELIVERY,-1916
SCR_031,CAMP_C,2024-01-27,4000,4087,1.02175,ON TRACK,87
SCR_017,CAMP_C,2024-01-27,3000,2750,0.9166666666666666,ON TRACK,-250
SCR_002,CAMP_C,2024-01-27,6000,5795,0.9658333333333333,ON TRACK,-205
SCR_003,CAMP_C,2024-01-27,6000,5550,0.925,ON TRACK,-450
SCR_022,CAMP_C,2024-01-27,3000,3113,1.0376666666666667,ON TRACK,113
SCR_027,CAMP_C,2024-01-27,5000,4773,0.9546,ON TRACK,-227
SCR_039,CAMP_C,2024-01-27,3000,2765,0.9216666666666666,ON TRACK,-235
SCR_013,CAMP_C,2024-01-27,3000,3021,1.007,ON TRACK,21
SCR_036,CAMP_C,2024-01-27,3000,2735,0.9116666666666666,ON TRACK,-265
SCR_029,CAMP_C,2024-01-27,4000,3679,0.91975,ON TRACK,-321
SCR_009,CAMP_D,2024-01-27,5000,5108,1.0216,ON TRACK,108
SCR_029,CAMP_D,2024-01-27,6000,6194,1.0323333333333333,ON TRACK,194
SCR_012,CAMP_D,2024-01-27,5000,4708,0.9416,ON TRACK,-292
SCR_019,CAMP_D,2024-01-27,5000,4901,0.9802,ON TRACK,-99
SCR_003,CAMP_D,2024-01-27,3000,2526,0.842,UNDER-DELIVERY,-474
SCR_021,CAMP_D,2024-01-27,6000,5618,0.9363333333333334,ON TRACK,-382
SCR_023,CAMP_D,2024-01-27,4000,3910,0.9775,ON TRACK,-90
SCR_039,CAMP_D,2024-01-27,5000,4687,0.9374,ON TRACK,-313
SCR_042,CAMP_D,2024-01-27,5000,5062,1.0124,ON TRACK,62
SCR_016,CAMP_D,2024-01-27,3000,3002,1.0006666666666666,ON TRACK,2
SCR_047,CAMP_D,2024-01-27,6000,5476,0.9126666666666666,ON TRACK,-524
SCR_050,CAMP_D,2024-01-27,3000,2959,0.9863333333333333,ON TRACK,-41
SCR_026,CAMP_D,2024-01-27,5000,4604,0.9208,ON TRACK,-396
SCR_031,CAMP_D,2024-01-27,5000,4799,0.9598,ON TRACK,-201
SCR_008,CAMP_D,2024-01-27,3000,2880,0.96,ON TRACK,-120
SCR_005,CAMP_D,2024-01-27,3000,2877,0.959,ON TRACK,-123
SCR_035,CAMP_D,2024-01-27,6000,5975,0.9958333333333333,ON TRACK,-25
SCR_017,CAMP_D,2024-01-27,3000,2865,0.955,ON TRACK,-135
SCR_014,CAMP_D,2024-01-27,3000,3024,1.008,ON TRACK,24
SCR_041,CAMP_D,2024-01-27,5000,5139,1.0278,ON TRACK,139
SCR_049,CAMP_E,2024-01-27,6000,6234,1.039,ON TRACK,234
SCR_038,CAMP_E,2024-01-27,4000,3647,0.91175,ON TRACK,-353
SCR_014,CAMP_E,2024-01-27,5000,5474,1.0948,OVER-DELIVERY,474
SCR_002,CAMP_E,2024-01-27,5000,4806,0.9612,ON TRACK,-194
SCR_022,CAMP_E,2024-01-27,5000,4978,0.9956,ON TRACK,-22
SCR_040,CAMP_E,2024-01-27,3000,2951,0.9836666666666667,ON TRACK,-49
SCR_028,CAMP_E,2024-01-27,5000,5100,1.02,ON TRACK,100
SCR_044,CAMP_E,2024-01-27,6000,5803,0.9671666666666666,ON TRACK,-197
SCR_004,CAMP_E,2024-01-27,6000,3817,0.6361666666666667,UNDER-DELIVERY,-2183
SCR_007,CAMP_E,2024-01-27,4000,3941,0.98525,ON TRACK,-59
SCR_036,CAMP_E,2024-01-27,3000,2968,0.9893333333333333,ON TRACK,-32
SCR_025,CAMP_E,2024-01-27,5000,4836,0.9672,ON TRACK,-164
SCR_019,CAMP_E,2024-01-27,5000,4729,0.9458,ON TRACK,-271
SCR_035,CAMP_E,2024-01-27,6000,5951,0.9918333333333333,ON TRACK,-49
SCR_030,CAMP_E,2024-01-27,4000,3981,0.99525,ON TRACK,-19
SCR_043,CAMP_E,2024-01-27,4000,4261,1.06525,OVER-DELIVERY,261
SCR_034,CAMP_E,2024-01-27,6000,5492,0.9153333333333333,ON TRACK,-508
SCR_017,CAMP_E,2024-01-27,4000,3086,0.7715,UNDER-DELIVERY,-914
SCR_011,CAMP_E,2024-01-27,5000,4560,0.912,ON TRACK,-440
SCR_031,CAMP_E,2024-01-27,5000,4579,0.9158,ON TRACK,-421
SCR_016,CAMP_A,2024-01-28,5000,4784,0.9568,ON TRACK,-216
SCR_023,CAMP_A,2024-01-28,6000,5752,0.9586666666666667,ON TRACK,-248
SCR_007,CAMP_A,2024-01-28,5000,4654,0.9308,ON TRACK,-346
SCR_005,CAMP_A,2024-01-28,3000,2788,0.9293333333333333,ON TRACK,-212
SCR_033,CAMP_A,2024-01-28,3000,3268,1.0893333333333333,OVER-DELIVERY,268
SCR_029,CAMP_A,2024-01-28,5000,5057,1.0114,ON TRACK,57
SCR_008,CAMP_A,2024-01-28,5000,4796,0.9592,ON TRACK,-204
SCR_046,CAMP_A,2024-01-28,3000,2788,0.9293333333333333,ON TRACK,-212
SCR_047,CAMP_A,2024-01-28,3000,3103,1.0343333333333333,ON TRACK,103
SCR_050,CAMP_A,2024-01-28,4000,4158,1.0395,ON TRACK,158
SCR_014,CAMP_A,2024-01-28,6000,5554,0.9256666666666666,ON TRACK,-446
SCR_021,CAMP_A,2024-01-28,3000,2987,0.9956666666666667,ON TRACK,-13
SCR_037,CAMP_A,2024-01-28,6000,5612,0.9353333333333333,ON TRACK,-388
SCR_024,CAMP_A,2024-01-28,5000,4763,0.9526,ON TRACK,-237
SCR_027,CAMP_A,2024-01-28,5000,4754,0.9508,ON TRACK,-246
SCR_042,CAMP_A,2024-01-28,3000,2903,0.9676666666666667,ON TRACK,-97
SCR_028,CAMP_A,2024-01-28,6000,5734,0.9556666666666667,ON TRACK,-266
SCR_019,CAMP_A,2024-01-28,3000,2984,0.9946666666666667,ON TRACK,-16
SCR_010,CAMP_A,2024-01-28,4000,3857,0.96425,ON TRACK,-143
SCR_001,CAMP_A,2024-01-28,4000,3767,0.94175,ON TRACK,-233
SCR_027,CAMP_B,2024-01-28,6000,3275,0.5458333333333333,UNDER-DELIVERY,-2725
SCR_044,CAMP_B,2024-01-28,5000,5012,1.0024,ON TRACK,12
SCR_038,CAMP_B,2024-01-28,6000,5558,0.9263333333333333,ON TRACK,-442
SCR_043,CAMP_B,2024-01-28,3000,2739,0.913,ON TRACK,-261
SCR_009,CAMP_B,2024-01-28,4000,3708,0.927,ON TRACK,-292
SCR_039,CAMP_B,2024-01-28,6000,5736,0.956,ON TRACK,-264
SCR_017,CAMP_B,2024-01-28,6000,5648,0.9413333333333334,ON TRACK,-352
SCR_019,CAMP_B,2024-01-28,5000,5928,1.1856,OVER-DELIVERY,928
SCR_022,CAMP_B,2024-01-28,5000,4950,0.99,ON TRACK,-50
SCR_021,CAMP_B,2024-01-28,3000,2549,0.8496666666666667,UNDER-DELIVERY,-451
SCR_008,CAMP_B,2024-01-28,6000,5952,0.992,ON TRACK,-48
SCR_006,CAMP_B,2024-01-28,6000,5832,0.972,ON TRACK,-168
SCR_050,CAMP_B,2024-01-28,4000,4016,1.004,ON TRACK,16
SCR_048,CAMP_B,2024-01-28,3000,2733,0.911,ON TRACK,-267
SCR_033,CAMP_B,2024-01-28,5000,4844,0.9688,ON TRACK,-156
SCR_010,CAMP_B,2024-01-28,5000,4880,0.976,ON TRACK,-120
SCR_032,CAMP_B,2024-01-28,5000,4612,0.9224,ON TRACK,-388
SCR_013,CAMP_B,2024-01-28,5000,4581,0.9162,ON TRACK,-419
SCR_012,CAMP_B,2024-01-28,6000,5759,0.9598333333333333,ON TRACK,-241
SCR_029,CAMP_B,2024-01-28,4000,3661,0.91525,ON TRACK,-339
SCR_048,CAMP_C,2024-01-28,4000,4117,1.02925,ON TRACK,117
SCR_047,CAMP_C,2024-01-28,3000,2989,0.9963333333333333,ON TRACK,-11
SCR_014,CAMP_C,2024-01-28,4000,4549,1.13725,OVER-DELIVERY,549
SCR_028,CAMP_C,2024-01-28,4000,3371,0.84275,UNDER-DELIVERY,-629
SCR_034,CAMP_C,2024-01-28,4000,3265,0.81625,UNDER-DELIVERY,-735
SCR_018,CAMP_C,2024-01-28,3000,2839,0.9463333333333334,ON TRACK,-161
SCR_037,CAMP_C,2024-01-28,6000,5866,0.9776666666666667,ON TRACK,-134
SCR_040,CAMP_C,2024-01-28,6000,5545,0.9241666666666667,ON TRACK,-455
SCR_021,CAMP_C,2024-01-28,3000,2898,0.966,ON TRACK,-102
SCR_007,CAMP_C,2024-01-28,5000,5395,1.079,OVER-DELIVERY,395
SCR_023,CAMP_C,2024-01-28,5000,4625,0.925,ON TRACK,-375
SCR_019,CAMP_C,2024-01-28,5000,5033,1.0066,ON TRACK,33
SCR_011,CAMP_C,2024-01-28,4000,3810,0.9525,ON TRACK,-190
SCR_008,CAMP_C,2024-01-28,5000,4959,0.9918,ON TRACK,-41
SCR_039,CAMP_C,2024-01-28,3000,2852,0.9506666666666667,ON TRACK,-148
SCR_045,CAMP_C,2024-01-28,3000,3093,1.031,ON TRACK,93
SCR_032,CAMP_C,2024-01-28,5000,4912,0.9824,ON TRACK,-88
SCR_029,CAMP_C,2024-01-28,3000,2974,0.9913333333333333,ON TRACK,-26
SCR_015,CAMP_C,2024-01-28,4000,3835,0.95875,ON TRACK,-165
SCR_033,CAMP_C,2024-01-28,4000,3777,0.94425,ON TRACK,-223
SCR_010,CAMP_D,2024-01-28,5000,4960,0.992,ON TRACK,-40
SCR_032,CAMP_D,2024-01-28,4000,3891,0.97275,ON TRACK,-109
SCR_012,CAMP_D,2024-01-28,4000,4077,1.01925,ON TRACK,77
SCR_047,CAMP_D,2024-01-28,5000,4868,0.9736,ON TRACK,-132
SCR_049,CAMP_D,2024-01-28,6000,5883,0.9805,ON TRACK,-117
SCR_019,CAMP_D,2024-01-28,5000,5378,1.0756,OVER-DELIVERY,378
SCR_009,CAMP_D,2024-01-28,5000,4840,0.968,ON TRACK,-160
SCR_013,CAMP_D,2024-01-28,4000,3700,0.925,ON TRACK,-300
SCR_041,CAMP_D,2024-01-28,6000,5975,0.9958333333333333,ON TRACK,-25
SCR_006,CAMP_D,2024-01-28,5000,5008,1.0016,ON TRACK,8
SCR_034,CAMP_D,2024-01-28,6000,6133,1.0221666666666667,ON TRACK,133
SCR_014,CAMP_D,2024-01-28,6000,5482,0.9136666666666666,ON TRACK,-518
SCR_001,CAMP_D,2024-01-28,5000,5128,1.0256,ON TRACK,128
SCR_028,CAMP_D,2024-01-28,6000,4759,0.7931666666666667,UNDER-DELIVERY,-1241
SCR_005,CAMP_D,2024-01-28,5000,4817,0.9634,ON TRACK,-183
SCR_046,CAMP_D,2024-01-28,6000,5663,0.9438333333333333,ON TRACK,-337
SCR_039,CAMP_D,2024-01-28,3000,3013,1.0043333333333333,ON TRACK,13
SCR_048,CAMP_D,2024-01-28,5000,4579,0.9158,ON TRACK,-421
SCR_003,CAMP_D,2024-01-28,6000,5906,0.9843333333333333,ON TRACK,-94
SCR_040,CAMP_D,2024-01-28,4000,4045,1.01125,ON TRACK,45
SCR_008,CAMP_E,2024-01-28,4000,4075,1.01875,ON TRACK,75
SCR_040,CAMP_E,2024-01-28,6000,5638,0.9396666666666667,ON TRACK,-362
SCR_049,CAMP_E,2024-01-28,4000,3812,0.953,ON TRACK,-188
SCR_022,CAMP_E,2024-01-28,4000,3769,0.94225,ON TRACK,-231
SCR_009,CAMP_E,2024-01-28,3000,1522,0.5073333333333333,UNDER-DELIVERY,-1478
SCR_039,CAMP_E,2024-01-28,3000,3038,1.0126666666666666,ON TRACK,38
SCR_035,CAMP_E,2024-01-28,3000,2847,0.949,ON TRACK,-153
SCR_002,CAMP_E,2024-01-28,4000,3997,0.99925,ON TRACK,-3
SCR_043,CAMP_E,2024-01-28,3000,2778,0.926,ON TRACK,-222
SCR_025,CAMP_E,2024-01-28,6000,5562,0.927,ON TRACK,-438
SCR_006,CAMP_E,2024-01-28,5000,4599,0.9198,ON TRACK,-401
SCR_047,CAMP_E,2024-01-28,6000,4693,0.7821666666666667,UNDER-DELIVERY,-1307
SCR_023,CAMP_E,2024-01-28,4000,4569,1.14225,OVER-DELIVERY,569
SCR_036,CAMP_E,2024-01-28,6000,5932,0.9886666666666667,ON TRACK,-68
SCR_005,CAMP_E,2024-01-28,5000,4826,0.9652,ON TRACK,-174
SCR_004,CAMP_E,2024-01-28,3000,2908,0.9693333333333334,ON TRACK,-92
SCR_034,CAMP_E,2024-01-28,3000,2985,0.995,ON TRACK,-15
SCR_014,CAMP_E,2024-01-28,6000,5795,0.9658333333333333,ON TRACK,-205
SCR_024,CAMP_E,2024-01-28,4000,3931,0.98275,ON TRACK,-69
SCR_018,CAMP_E,2024-01-28,6000,6008,1.0013333333333334,ON TRACK,8
SCR_033,CAMP_A,2024-01-29,5000,5076,1.0152,ON TRACK,76
SCR_016,CAMP_A,2024-01-29,3000,3251,1.0836666666666666,OVER-DELIVERY,251
SCR_025,CAMP_A,2024-01-29,6000,5525,0.9208333333333333,ON TRACK,-475
SCR_002,CAMP_A,2024-01-29,6000,5829,0.9715,ON TRACK,-171
SCR_032,CAMP_A,2024-01-29,4000,2749,0.68725,UNDER-DELIVERY,-1251
SCR_026,CAMP_A,2024-01-29,6000,5723,0.9538333333333333,ON TRACK,-277
SCR_024,CAMP_A,2024-01-29,4000,3047,0.76175,UNDER-DELIVERY,-953
SCR_035,CAMP_A,2024-01-29,6000,5669,0.9448333333333333,ON TRACK,-331
SCR_007,CAMP_A,2024-01-29,4000,4053,1.01325,ON TRACK,53
SCR_029,CAMP_A,2024-01-29,6000,5968,0.9946666666666667,ON TRACK,-32
SCR_015,CAMP_A,2024-01-29,5000,4863,0.9726,ON TRACK,-137
SCR_037,CAMP_A,2024-01-29,3000,2896,0.9653333333333334,ON TRACK,-104
SCR_047,CAMP_A,2024-01-29,3000,3025,1.0083333333333333,ON TRACK,25
SCR_045,CAMP_A,2024-01-29,4000,3703,0.92575,ON TRACK,-297
SCR_040,CAMP_A,2024-01-29,4000,4145,1.03625,ON TRACK,145
SCR_041,CAMP_A,2024-01-29,3000,2923,0.9743333333333334,ON TRACK,-77
SCR_044,CAMP_A,2024-01-29,6000,6141,1.0235,ON TRACK,141
SCR_031,CAMP_A,2024-01-29,6000,5691,0.9485,ON TRACK,-309
SCR_042,CAMP_A,2024-01-29,6000,6021,1.0035,ON TRACK,21
SCR_021,CAMP_A,2024-01-29,5000,4949,0.9898,ON TRACK,-51
SCR_024,CAMP_B,2024-01-29,6000,3949,0.6581666666666667,UNDER-DELIVERY,-2051
SCR_037,CAMP_B,2024-01-29,4000,4156,1.039,ON TRACK,156
SCR_042,CAMP_B,2024-01-29,3000,2803,0.9343333333333333,ON TRACK,-197
SCR_011,CAMP_B,2024-01-29,3000,2859,0.953,ON TRACK,-141
SCR_010,CAMP_B,2024-01-29,3000,2961,0.987,ON TRACK,-39
SCR_019,CAMP_B,2024-01-29,3000,2948,0.9826666666666667,ON TRACK,-52
SCR_034,CAMP_B,2024-01-29,4000,3647,0.91175,ON TRACK,-353
SCR_014,CAMP_B,2024-01-29,4000,4066,1.0165,ON TRACK,66
SCR_040,CAMP_B,2024-01-29,6000,5698,0.9496666666666667,ON TRACK,-302
SCR_050,CAMP_B,2024-01-29,6000,5897,0.9828333333333333,ON TRACK,-103
SCR_044,CAMP_B,2024-01-29,4000,2231,0.55775,UNDER-DELIVERY,-1769
SCR_039,CAMP_B,2024-01-29,4000,3776,0.944,ON TRACK,-224
SCR_017,CAMP_B,2024-01-29,3000,2933,0.9776666666666667,ON TRACK,-67
SCR_031,CAMP_B,2024-01-29,6000,6062,1.0103333333333333,ON TRACK,62
SCR_030,CAMP_B,2024-01-29,5000,5029,1.0058,ON TRACK,29
SCR_043,CAMP_B,2024-01-29,6000,5462,0.9103333333333333,ON TRACK,-538
SCR_022,CAMP_B,2024-01-29,4000,3687,0.92175,ON TRACK,-313
SCR_009,CAMP_B,2024-01-29,4000,3887,0.97175,ON TRACK,-113
SCR_047,CAMP_B,2024-01-29,3000,3079,1.0263333333333333,ON TRACK,79
SCR_038,CAMP_B,2024-01-29,3000,3044,1.0146666666666666,ON TRACK,44
SCR_028,CAMP_C,2024-01-29,4000,4073,1.01825,ON TRACK,73
SCR_043,CAMP_C,2024-01-29,4000,3931,0.98275,ON TRACK,-69
SCR_031,CAMP_C,2024-01-29,6000,5655,0.9425,ON TRACK,-345
SCR_021,CAMP_C,2024-01-29,3000,2899,0.9663333333333334,ON TRACK,-101
SCR_020,CAMP_C,2024-01-29,5000,5112,1.0224,ON TRACK,112
SCR_033,CAMP_C,2024-01-29,6000,5729,0.9548333333333333,ON TRACK,-271
SCR_008,CAMP_C,2024-01-29,6000,5896,0.9826666666666667,ON TRACK,-104
SCR_016,CAMP_C,2024-01-29,4000,3733,0.93325,ON TRACK,-267
SCR_036,CAMP_C,2024-01-29,3000,2870,0.9566666666666667,ON TRACK,-130
SCR_026,CAMP_C,2024-01-29,4000,2471,0.61775,UNDER-DELIVERY,-1529
SCR_025,CAMP_C,2024-01-29,3000,3087,1.029,ON TRACK,87
SCR_040,CAMP_C,2024-01-29,3000,2743,0.9143333333333333,ON TRACK,-257
SCR_048,CAMP_C,2024-01-29,5000,4808,0.9616,ON TRACK,-192
SCR_023,CAMP_C,2024-01-29,5000,4587,0.9174,ON TRACK,-413
SCR_046,CAMP_C,2024-01-29,3000,3091,1.0303333333333333,ON TRACK,91
SCR_034,CAMP_C,2024-01-29,6000,5829,0.9715,ON TRACK,-171
SCR_047,CAMP_C,2024-01-29,3000,1532,0.5106666666666667,UNDER-DELIVERY,-1468
SCR_006,CAMP_C,2024-01-29,4000,3731,0.93275,ON TRACK,-269
SCR_014,CAMP_C,2024-01-29,4000,4707,1.17675,OVER-DELIVERY,707
SCR_038,CAMP_C,2024-01-29,3000,2226,0.742,UNDER-DELIVERY,-774
SCR_004,CAMP_D,2024-01-29,4000,3900,0.975,ON TRACK,-100
SCR_021,CAMP_D,2024-01-29,5000,5610,1.122,OVER-DELIVERY,610
SCR_007,CAMP_D,2024-01-29,5000,4997,0.9994,ON TRACK,-3
SCR_035,CAMP_D,2024-01-29,6000,6042,1.007,ON TRACK,42
SCR_018,CAMP_D,2024-01-29,3000,2948,0.9826666666666667,ON TRACK,-52
SCR_013,CAMP_D,2024-01-29,3000,2951,0.9836666666666667,ON TRACK,-49
SCR_042,CAMP_D,2024-01-29,3000,2910,0.97,ON TRACK,-90
SCR_040,CAMP_D,2024-01-29,3000,2801,0.9336666666666666,ON TRACK,-199
SCR_002,CAMP_D,2024-01-29,3000,2960,0.9866666666666667,ON TRACK,-40
SCR_022,CAMP_D,2024-01-29,3000,3037,1.0123333333333333,ON TRACK,37
SCR_049,CAMP_D,2024-01-29,4000,3879,0.96975,ON TRACK,-121
SCR_011,CAMP_D,2024-01-29,4000,3994,0.9985,ON TRACK,-6
SCR_038,CAMP_D,2024-01-29,4000,4023,1.00575,ON TRACK,23
SCR_024,CAMP_D,2024-01-29,5000,3841,0.7682,UNDER-DELIVERY,-1159
SCR_034,CAMP_D,2024-01-29,4000,3933,0.98325,ON TRACK,-67
SCR_001,CAMP_D,2024-01-29,6000,5606,0.9343333333333333,ON TRACK,-394
SCR_026,CAMP_D,2024-01-29,4000,3793,0.94825,ON TRACK,-207
SCR_027,CAMP_D,2024-01-29,6000,5842,0.9736666666666667,ON TRACK,-158
SCR_050,CAMP_D,2024-01-29,5000,4967,0.9934,ON TRACK,-33
SCR_003,CAMP_D,2024-01-29,6000,5995,0.9991666666666666,ON TRACK,-5
SCR_011,CAMP_E,2024-01-29,4000,3656,0.914,ON TRACK,-344
SCR_003,CAMP_E,2024-01-29,3000,2976,0.992,ON TRACK,-24
SCR_038,CAMP_E,2024-01-29,6000,5917,0.9861666666666666,ON TRACK,-83
SCR_025,CAMP_E,2024-01-29,5000,4977,0.9954,ON TRACK,-23
SCR_010,CAMP_E,2024-01-29,3000,2770,0.9233333333333333,ON TRACK,-230
SCR_035,CAMP_E,2024-01-29,5000,4555,0.911,ON TRACK,-445
SCR_037,CAMP_E,2024-01-29,6000,5722,0.9536666666666667,ON TRACK,-278
SCR_014,CAMP_E,2024-01-29,3000,2869,0.9563333333333334,ON TRACK,-131
SCR_028,CAMP_E,2024-01-29,4000,3736,0.934,ON TRACK,-264
SCR_023,CAMP_E,2024-01-29,3000,2970,0.99,ON TRACK,-30
SCR_019,CAMP_E,2024-01-29,6000,5829,0.9715,ON TRACK,-171
SCR_043,CAMP_E,2024-01-29,4000,3834,0.9585,ON TRACK,-166
SCR_022,CAMP_E,2024-01-29,5000,4810,0.962,ON TRACK,-190
SCR_033,CAMP_E,2024-01-29,3000,3072,1.024,ON TRACK,72
SCR_036,CAMP_E,2024-01-29,3000,3031,1.0103333333333333,ON TRACK,31
SCR_018,CAMP_E,2024-01-29,6000,5587,0.9311666666666667,ON TRACK,-413
SCR_006,CAMP_E,2024-01-29,4000,4101,1.02525,ON TRACK,101
SCR_044,CAMP_E,2024-01-29,4000,3935,0.98375,ON TRACK,-65
SCR_039,CAMP_E,2024-01-29,4000,3813,0.95325,ON TRACK,-187
SCR_009,CAMP_E,2024-01-29,3000,2850,0.95,ON TRACK,-150
SCR_050,CAMP_A,2024-01-30,4000,3928,0.982,ON TRACK,-72
SCR_010,CAMP_A,2024-01-30,5000,2802,0.5604,UNDER-DELIVERY,-2198
SCR_023,CAMP_A,2024-01-30,3000,2997,0.999,ON TRACK,-3
SCR_030,CAMP_A,2024-01-30,4000,3987,0.99675,ON TRACK,-13
SCR_026,CAMP_A,2024-01-30,6000,6055,1.0091666666666668,ON TRACK,55
SCR_011,CAMP_A,2024-01-30,3000,2854,0.9513333333333334,ON TRACK,-146
SCR_047,CAMP_A,2024-01-30,4000,3810,0.9525,ON TRACK,-190
SCR_001,CAMP_A,2024-01-30,5000,5024,1.0048,ON TRACK,24
SCR_049,CAMP_A,2024-01-30,6000,5876,0.9793333333333333,ON TRACK,-124
SCR_013,CAMP_A,2024-01-30,5000,5031,1.0062,ON TRACK,31
SCR_012,CAMP_A,2024-01-30,3000,2967,0.989,ON TRACK,-33
SCR_020,CAMP_A,2024-01-30,4000,3816,0.954,ON TRACK,-184
SCR_039,CAMP_A,2024-01-30,3000,3023,1.0076666666666667,ON TRACK,23
SCR_006,CAMP_A,2024-01-30,3000,2783,0.9276666666666666,ON TRACK,-217
SCR_040,CAMP_A,2024-01-30,4000,2458,0.6145,UNDER-DELIVERY,-1542
SCR_016,CAMP_A,2024-01-30,3000,2985,0.995,ON TRACK,-15
SCR_014,CAMP_A,2024-01-30,6000,5702,0.9503333333333334,ON TRACK,-298
SCR_028,CAMP_A,2024-01-30,6000,5185,0.8641666666666666,UNDER-DELIVERY,-815
SCR_037,CAMP_A,2024-01-30,6000,5770,0.9616666666666667,ON TRACK,-230
SCR_024,CAMP_A,2024-01-30,3000,2762,0.9206666666666666,ON TRACK,-238
SCR_044,CAMP_B,2024-01-30,5000,4625,0.925,ON TRACK,-375
SCR_047,CAMP_B,2024-01-30,6000,6069,1.0115,ON TRACK,69
SCR_007,CAMP_B,2024-01-30,5000,5181,1.0362,ON TRACK,181
SCR_042,CAMP_B,2024-01-30,3000,3112,1.0373333333333334,ON TRACK,112
SCR_026,CAMP_B,2024-01-30,6000,5522,0.9203333333333333,ON TRACK,-478
SCR_001,CAMP_B,2024-01-30,3000,3094,1.0313333333333334,ON TRACK,94
SCR_011,CAMP_B,2024-01-30,5000,5078,1.0156,ON TRACK,78
SCR_021,CAMP_B,2024-01-30,6000,5822,0.9703333333333334,ON TRACK,-178
SCR_009,CAMP_B,2024-01-30,3000,2920,0.9733333333333334,ON TRACK,-80
SCR_037,CAMP_B,2024-01-30,5000,3638,0.7276,UNDER-DELIVERY,-1362
SCR_033,CAMP_B,2024-01-30,5000,4769,0.9538,ON TRACK,-231
SCR_025,CAMP_B,2024-01-30,5000,4565,0.913,ON TRACK,-435
SCR_030,CAMP_B,2024-01-30,5000,4781,0.9562,ON TRACK,-219
SCR_045,CAMP_B,2024-01-30,3000,2846,0.9486666666666667,ON TRACK,-154
SCR_032,CAMP_B,2024-01-30,3000,2869,0.9563333333333334,ON TRACK,-131
SCR_046,CAMP_B,2024-01-30,3000,2884,0.9613333333333334,ON TRACK,-116
SCR_028,CAMP_B,2024-01-30,4000,4292,1.073,OVER-DELIVERY,292
SCR_004,CAMP_B,2024-01-30,4000,3864,0.966,ON TRACK,-136
SCR_020,CAMP_B,2024-01-30,5000,4847,0.9694,ON TRACK,-153
SCR_014,CAMP_B,2024-01-30,4000,4109,1.02725,ON TRACK,109
SCR_047,CAMP_C,2024-01-30,4000,3773,0.94325,ON TRACK,-227
SCR_034,CAMP_C,2024-01-30,3000,2899,0.9663333333333334,ON TRACK,-101
SCR_037,CAMP_C,2024-01-30,3000,2952,0.984,ON TRACK,-48
SCR_030,CAMP_C,2024-01-30,5000,4900,0.98,ON TRACK,-100
SCR_003,CAMP_C,2024-01-30,4000,3665,0.91625,ON TRACK,-335
SCR_005,CAMP_C,2024-01-30,6000,6189,1.0315,ON TRACK,189
SCR_021,CAMP_C,2024-01-30,5000,5055,1.011,ON TRACK,55
SCR_024,CAMP_C,2024-01-30,5000,4579,0.9158,ON TRACK,-421
SCR_046,CAMP_C,2024-01-30,6000,5989,0.9981666666666666,ON TRACK,-11
SCR_010,CAMP_C,2024-01-30,5000,2893,0.5786,UNDER-DELIVERY,-2107
SCR_039,CAMP_C,2024-01-30,6000,5674,0.9456666666666667,ON TRACK,-326
SCR_007,CAMP_C,2024-01-30,6000,6221,1.0368333333333333,ON TRACK,221
SCR_025,CAMP_C,2024-01-30,5000,5457,1.0914,OVER-DELIVERY,457
SCR_033,CAMP_C,2024-01-30,5000,4947,0.9894,ON TRACK,-53
SCR_006,CAMP_C,2024-01-30,6000,5955,0.9925,ON TRACK,-45
SCR_022,CAMP_C,2024-01-30,5000,4859,0.9718,ON TRACK,-141
SCR_020,CAMP_C,2024-01-30,3000,2854,0.9513333333333334,ON TRACK,-146
SCR_028,CAMP_C,2024-01-30,6000,6126,1.021,ON TRACK,126
SCR_026,CAMP_C,2024-01-30,6000,6004,1.0006666666666666,ON TRACK,4
SCR_001,CAMP_C,2024-01-30,6000,5485,0.9141666666666667,ON TRACK,-515
SCR_037,CAMP_D,2024-01-30,6000,6056,1.0093333333333334,ON TRACK,56
SCR_006,CAMP_D,2024-01-30,5000,4868,0.9736,ON TRACK,-132
SCR_041,CAMP_D,2024-01-30,4000,3919,0.97975,ON TRACK,-81
SCR_032,CAMP_D,2024-01-30,6000,6122,1.0203333333333333,ON TRACK,122
SCR_036,CAMP_D,2024-01-30,3000,2812,0.9373333333333334,ON TRACK,-188
SCR_023,CAMP_D,2024-01-30,3000,2799,0.933,ON TRACK,-201
SCR_049,CAMP_D,2024-01-30,4000,4151,1.03775,ON TRACK,151
SCR_014,CAMP_D,2024-01-30,6000,5734,0.9556666666666667,ON TRACK,-266
SCR_034,CAMP_D,2024-01-30,4000,3951,0.98775,ON TRACK,-49
SCR_024,CAMP_D,2024-01-30,5000,4959,0.9918,ON TRACK,-41
SCR_020,CAMP_D,2024-01-30,5000,4896,0.9792,ON TRACK,-104
SCR_019,CAMP_D,2024-01-30,4000,3897,0.97425,ON TRACK,-103
SCR_021,CAMP_D,2024-01-30,6000,6181,1.0301666666666667,ON TRACK,181
SCR_029,CAMP_D,2024-01-30,4000,3732,0.933,ON TRACK,-268
SCR_030,CAMP_D,2024-01-30,5000,4076,0.8152,UNDER-DELIVERY,-924
SCR_002,CAMP_D,2024-01-30,6000,5993,0.9988333333333334,ON TRACK,-7
SCR_010,CAMP_D,2024-01-30,3000,2984,0.9946666666666667,ON TRACK,-16
SCR_011,CAMP_D,2024-01-30,6000,5956,0.9926666666666667,ON TRACK,-44
SCR_045,CAMP_D,2024-01-30,4000,3962,0.9905,ON TRACK,-38
SCR_039,CAMP_D,2024-01-30,3000,3015,1.005,ON TRACK,15
SCR_002,CAMP_E,2024-01-30,4000,4127,1.03175,ON TRACK,127
SCR_021,CAMP_E,2024-01-30,4000,3792,0.948,ON TRACK,-208
SCR_040,CAMP_E,2024-01-30,3000,2909,0.9696666666666667,ON TRACK,-91
SCR_016,CAMP_E,2024-01-30,4000,3870,0.9675,ON TRACK,-130
SCR_011,CAMP_E,2024-01-30,4000,4145,1.03625,ON TRACK,145
SCR_037,CAMP_E,2024-01-30,3000,3056,1.0186666666666666,ON TRACK,56
SCR_041,CAMP_E,2024-01-30,4000,4015,1.00375,ON TRACK,15
SCR_031,CAMP_E,2024-01-30,3000,1536,0.512,UNDER-DELIVERY,-1464
SCR_006,CAMP_E,2024-01-30,6000,6236,1.0393333333333334,ON TRACK,236
SCR_024,CAMP_E,2024-01-30,6000,3950,0.6583333333333333,UNDER-DELIVERY,-2050
SCR_050,CAMP_E,2024-01-30,5000,4899,0.9798,ON TRACK,-101
SCR_039,CAMP_E,2024-01-30,3000,3052,1.0173333333333334,ON TRACK,52
SCR_025,CAMP_E,2024-01-30,3000,2885,0.9616666666666667,ON TRACK,-115
SCR_036,CAMP_E,2024-01-30,3000,3009,1.003,ON TRACK,9
SCR_033,CAMP_E,2024-01-30,6000,5556,0.926,ON TRACK,-444
SCR_013,CAMP_E,2024-01-30,4000,4034,1.0085,ON TRACK,34
SCR_046,CAMP_E,2024-01-30,3000,2872,0.9573333333333334,ON TRACK,-128
SCR_030,CAMP_E,2024-01-30,5000,4707,0.9414,ON TRACK,-293
SCR_044,CAMP_E,2024-01-30,6000,5535,0.9225,ON TRACK,-465
SCR_032,CAMP_E,2024-01-30,3000,3006,1.002,ON TRACK,6
