screen_id,campaign_id,date,booked_impressions,delivered_impressions
SCR_041,CAMP_A,2024-01-01,4000,4004
SCR_008,CAMP_A,2024-01-01,6000,5919
SCR_002,CAMP_A,2024-01-01,3000,2792
SCR_018,CAMP_A,2024-01-01,6000,5581
SCR_016,CAMP_A,2024-01-01,5000,5565
SCR_015,CAMP_A,2024-01-01,5000,4942
SCR_009,CAMP_A,2024-01-01,3000,2939
SCR_007,CAMP_A,2024-01-01,6000,3668
SCR_035,CAMP_A,2024-01-01,5000,5007
SCR_006,CAMP_A,2024-01-01,3000,3031
SCR_038,CAMP_A,2024-01-01,3000,3067
SCR_028,CAMP_A,2024-01-01,6000,5955
SCR_003,CAMP_A,2024-01-01,5000,4780
SCR_048,CAMP_A,2024-01-01,5000,4994
SCR_050,CAMP_A,2024-01-01,3000,2796
SCR_014,CAMP_A,2024-01-01,4000,3837
SCR_045,CAMP_A,2024-01-01,4000,4078
SCR_033,CAMP_A,2024-01-01,3000,2742
SCR_037,CAMP_A,2024-01-01,5000,4593
SCR_047,CAMP_A,2024-01-01,5000,4874
SCR_042,CAMP_B,2024-01-01,3000,2789
SCR_030,CAMP_B,2024-01-01,4000,3859
SCR_010,CAMP_B,2024-01-01,3000,2962
SCR_017,CAMP_B,2024-01-01,6000,6217
SCR_009,CAMP_B,2024-01-01,3000,2774
SCR_016,CAMP_B,2024-01-01,5000,4771
SCR_036,CAMP_B,2024-01-01,5000,4844
SCR_035,CAMP_B,2024-01-01,5000,5045
SCR_047,CAMP_B,2024-01-01,3000,2846
SCR_038,CAMP_B,2024-01-01,4000,4036
SCR_028,CAMP_B,2024-01-01,3000,2920
SCR_041,CAMP_B,2024-01-01,3000,3072
SCR_026,CAMP_B,2024-01-01,5000,4706
SCR_024,CAMP_B,2024-01-01,3000,3384
SCR_015,CAMP_B,2024-01-01,3000,2937
SCR_046,CAMP_B,2024-01-01,4000,3887
SCR_033,CAMP_B,2024-01-01,4000,4093
SCR_032,CAMP_B,2024-01-01,6000,6184
SCR_006,CAMP_B,2024-01-01,4000,3847
SCR_025,CAMP_B,2024-01-01,5000,4886
SCR_008,CAMP_C,2024-01-01,4000,3892
SCR_016,CAMP_C,2024-01-01,4000,4098
SCR_015,CAMP_C,2024-01-01,6000,5828
SCR_005,CAMP_C,2024-01-01,6000,5535
SCR_022,CAMP_C,2024-01-01,6000,5780
SCR_002,CAMP_C,2024-01-01,3000,3113
SCR_038,CAMP_C,2024-01-01,3000,2330
SCR_036,CAMP_C,2024-01-01,3000,2804
SCR_048,CAMP_C,2024-01-01,6000,5603
SCR_044,CAMP_C,2024-01-01,6000,6180
SCR_042,CAMP_C,2024-01-01,6000,6127
SCR_001,CAMP_C,2024-01-01,3000,2639
SCR_047,CAMP_C,2024-01-01,3000,3091
SCR_004,CAMP_C,2024-01-01,4000,3892
SCR_040,CAMP_C,2024-01-01,4000,4109
SCR_041,CAMP_C,2024-01-01,4000,4152
SCR_003,CAMP_C,2024-01-01,5000,5060
SCR_046,CAMP_C,2024-01-01,5000,5172
SCR_035,CAMP_C,2024-01-01,6000,5691
SCR_017,CAMP_C,2024-01-01,3000,2941
SCR_048,CAMP_D,2024-01-01,3000,2893
SCR_021,CAMP_D,2024-01-01,5000,4682
SCR_004,CAMP_D,2024-01-01,5000,4807
SCR_050,CAMP_D,2024-01-01,5000,5153
SCR_038,CAMP_D,2024-01-01,3000,2208
SCR_031,CAMP_D,2024-01-01,3000,1742
SCR_033,CAMP_D,2024-01-01,5000,4776
SCR_034,CAMP_D,2024-01-01,3000,2874
SCR_011,CAMP_D,2024-01-01,4000,3922
SCR_047,CAMP_D,2024-01-01,5000,5191
SCR_044,CAMP_D,2024-01-01,3000,2946
SCR_006,CAMP_D,2024-01-01,3000,2782
SCR_012,CAMP_D,2024-01-01,3000,3019
SCR_005,CAMP_D,2024-01-01,4000,3954
SCR_037,CAMP_D,2024-01-01,5000,4962
SCR_016,CAMP_D,2024-01-01,5000,4713
SCR_026,CAMP_D,2024-01-01,3000,3357
SCR_008,CAMP_D,2024-01-01,5000,3133
SCR_035,CAMP_D,2024-01-01,4000,3776
SCR_019,CAMP_D,2024-01-01,6000,5793
SCR_001,CAMP_E,2024-01-01,4000,3823
SCR_008,CAMP_E,2024-01-01,6000,6044
SCR_005,CAMP_E,2024-01-01,4000,4147
SCR_045,CAMP_E,2024-01-01,4000,3652
SCR_010,CAMP_E,2024-01-01,5000,4817
SCR_035,CAMP_E,2024-01-01,4000,4049
SCR_003,CAMP_E,2024-01-01,3000,2745
SCR_024,CAMP_E,2024-01-01,6000,6096
SCR_038,CAMP_E,2024-01-01,6000,6100
SCR_036,CAMP_E,2024-01-01,4000,3983
SCR_046,CAMP_E,2024-01-01,6000,6134
SCR_028,CAMP_E,2024-01-01,5000,4881
SCR_009,CAMP_E,2024-01-01,5000,4624
SCR_044,CAMP_E,2024-01-01,5000,5175
SCR_020,CAMP_E,2024-01-01,5000,3633
SCR_043,CAMP_E,2024-01-01,5000,4753
SCR_037,CAMP_E,2024-01-01,3000,2954
SCR_023,CAMP_E,2024-01-01,5000,3328
SCR_014,CAMP_E,2024-01-01,4000,3676
SCR_022,CAMP_E,2024-01-01,5000,4981
SCR_008,CAMP_A,2024-01-02,5000,5060
SCR_047,CAMP_A,2024-01-02,5000,4837
SCR_020,CAMP_A,2024-01-02,4000,4052
SCR_033,CAMP_A,2024-01-02,4000,3787
SCR_048,CAMP_A,2024-01-02,5000,5966
SCR_043,CAMP_A,2024-01-02,4000,3756
SCR_027,CAMP_A,2024-01-02,4000,3664
SCR_021,CAMP_A,2024-01-02,6000,6059
SCR_026,CAMP_A,2024-01-02,6000,5951
SCR_019,CAMP_A,2024-01-02,4000,3839
SCR_036,CAMP_A,2024-01-02,6000,5971
SCR_009,CAMP_A,2024-01-02,3000,3065
SCR_013,CAMP_A,2024-01-02,3000,2815
SCR_044,CAMP_A,2024-01-02,6000,3568
SCR_025,CAMP_A,2024-01-02,3000,3042
SCR_012,CAMP_A,2024-01-02,5000,5129
SCR_046,CAMP_A,2024-01-02,6000,5887
SCR_042,CAMP_A,2024-01-02,4000,3886
SCR_001,CAMP_A,2024-01-02,5000,5095
SCR_010,CAMP_A,2024-01-02,5000,4888
SCR_041,CAMP_B,2024-01-02,6000,5823
SCR_016,CAMP_B,2024-01-02,3000,2893
SCR_018,CAMP_B,2024-01-02,3000,3028
SCR_029,CAMP_B,2024-01-02,6000,6195
SCR_005,CAMP_B,2024-01-02,5000,5104
SCR_019,CAMP_B,2024-01-02,6000,6033
SCR_049,CAMP_B,2024-01-02,4000,3781
SCR_048,CAMP_B,2024-01-02,6000,3766
SCR_022,CAMP_B,2024-01-02,6000,6115
SCR_021,CAMP_B,2024-01-02,4000,3917
SCR_035,CAMP_B,2024-01-02,6000,5977
SCR_006,CAMP_B,2024-01-02,3000,2782
SCR_009,CAMP_B,2024-01-02,6000,5662
SCR_010,CAMP_B,2024-01-02,5000,4762
SCR_015,CAMP_B,2024-01-02,6000,6201
SCR_025,CAMP_B,2024-01-02,6000,5523
SCR_037,CAMP_B,2024-01-02,3000,2750
SCR_014,CAMP_B,2024-01-02,5000,4594
SCR_046,CAMP_B,2024-01-02,3000,3100
SCR_033,CAMP_B,2024-01-02,4000,3963
SCR_016,CAMP_C,2024-01-02,4000,3049
SCR_009,CAMP_C,2024-01-02,4000,4672
SCR_031,CAMP_C,2024-01-02,3000,2950
SCR_043,CAMP_C,2024-01-02,3000,2897
SCR_008,CAMP_C,2024-01-02,5000,3730
SCR_037,CAMP_C,2024-01-02,3000,3050
SCR_014,CAMP_C,2024-01-02,3000,2871
SCR_030,CAMP_C,2024-01-02,6000,5799
SCR_017,CAMP_C,2024-01-02,5000,5147
SCR_024,CAMP_C,2024-01-02,6000,6104
SCR_011,CAMP_C,2024-01-02,5000,4709
SCR_039,CAMP_C,2024-01-02,3000,2905
SCR_046,CAMP_C,2024-01-02,6000,5981
SCR_040,CAMP_C,2024-01-02,5000,4116
SCR_020,CAMP_C,2024-01-02,4000,3824
SCR_007,CAMP_C,2024-01-02,5000,5122
SCR_002,CAMP_C,2024-01-02,5000,4885
SCR_036,CAMP_C,2024-01-02,4000,4643
SCR_025,CAMP_C,2024-01-02,6000,5647
SCR_013,CAMP_C,2024-01-02,6000,5842
SCR_002,CAMP_D,2024-01-02,5000,5018
SCR_006,CAMP_D,2024-01-02,5000,5675
SCR_019,CAMP_D,2024-01-02,4000,4024
SCR_015,CAMP_D,2024-01-02,5000,5184
SCR_026,CAMP_D,2024-01-02,5000,5091
SCR_045,CAMP_D,2024-01-02,5000,4666
SCR_016,CAMP_D,2024-01-02,3000,2779
SCR_020,CAMP_D,2024-01-02,3000,2945
SCR_038,CAMP_D,2024-01-02,4000,4031
SCR_024,CAMP_D,2024-01-02,3000,2953
SCR_031,CAMP_D,2024-01-02,6000,5725
SCR_036,CAMP_D,2024-01-02,3000,3066
SCR_034,CAMP_D,2024-01-02,3000,2886
SCR_023,CAMP_D,2024-01-02,3000,2997
SCR_028,CAMP_D,2024-01-02,4000,3932
SCR_022,CAMP_D,2024-01-02,5000,5473
SCR_037,CAMP_D,2024-01-02,6000,6076
SCR_030,CAMP_D,2024-01-02,4000,3837
SCR_018,CAMP_D,2024-01-02,6000,5919
SCR_010,CAMP_D,2024-01-02,6000,5944
SCR_040,CAMP_E,2024-01-02,3000,3005
SCR_048,CAMP_E,2024-01-02,6000,3532
SCR_007,CAMP_E,2024-01-02,5000,4956
SCR_014,CAMP_E,2024-01-02,4000,3923
SCR_041,CAMP_E,2024-01-02,4000,4069
SCR_047,CAMP_E,2024-01-02,3000,2403
SCR_017,CAMP_E,2024-01-02,5000,4854
SCR_043,CAMP_E,2024-01-02,5000,5162
SCR_006,CAMP_E,2024-01-02,6000,5926
SCR_011,CAMP_E,2024-01-02,6000,5930
SCR_016,CAMP_E,2024-01-02,3000,3584
SCR_012,CAMP_E,2024-01-02,3000,2992
SCR_036,CAMP_E,2024-01-02,5000,5046
SCR_005,CAMP_E,2024-01-02,4000,3978
SCR_046,CAMP_E,2024-01-02,5000,4930
SCR_001,CAMP_E,2024-01-02,6000,5826
SCR_027,CAMP_E,2024-01-02,6000,5982
SCR_029,CAMP_E,2024-01-02,4000,4000
SCR_031,CAMP_E,2024-01-02,5000,4810
SCR_010,CAMP_E,2024-01-02,3000,2852
SCR_021,CAMP_A,2024-01-03,5000,5003
SCR_008,CAMP_A,2024-01-03,3000,2218
SCR_026,CAMP_A,2024-01-03,4000,3801
SCR_033,CAMP_A,2024-01-03,3000,2766
SCR_001,CAMP_A,2024-01-03,3000,2775
SCR_043,CAMP_A,2024-01-03,4000,4012
SCR_035,CAMP_A,2024-01-03,5000,4863
SCR_030,CAMP_A,2024-01-03,6000,5889
SCR_027,CAMP_A,2024-01-03,6000,5927
SCR_004,CAMP_A,2024-01-03,4000,3783
SCR_013,CAMP_A,2024-01-03,6000,6074
SCR_034,CAMP_A,2024-01-03,5000,4733
SCR_024,CAMP_A,2024-01-03,5000,4926
SCR_032,CAMP_A,2024-01-03,6000,5808
SCR_029,CAMP_A,2024-01-03,6000,5890
SCR_041,CAMP_A,2024-01-03,6000,5710
SCR_014,CAMP_A,2024-01-03,4000,3764
SCR_018,CAMP_A,2024-01-03,6000,6064
SCR_009,CAMP_A,2024-01-03,3000,2914
SCR_045,CAMP_A,2024-01-03,6000,5977
SCR_042,CAMP_B,2024-01-03,5000,5000
SCR_010,CAMP_B,2024-01-03,3000,3062
SCR_032,CAMP_B,2024-01-03,6000,5948
SCR_003,CAMP_B,2024-01-03,6000,5488
SCR_009,CAMP_B,2024-01-03,3000,2996
SCR_033,CAMP_B,2024-01-03,5000,5035
SCR_038,CAMP_B,2024-01-03,6000,6053
SCR_022,CAMP_B,2024-01-03,3000,3000
SCR_007,CAMP_B,2024-01-03,3000,2407
SCR_029,CAMP_B,2024-01-03,5000,4829
SCR_050,CAMP_B,2024-01-03,4000,3934
SCR_034,CAMP_B,2024-01-03,4000,3681
SCR_030,CAMP_B,2024-01-03,6000,5647
SCR_001,CAMP_B,2024-01-03,4000,3971
SCR_049,CAMP_B,2024-01-03,6000,5467
SCR_027,CAMP_B,2024-01-03,6000,5988
SCR_036,CAMP_B,2024-01-03,4000,3436
SCR_005,CAMP_B,2024-01-03,5000,4825
SCR_031,CAMP_B,2024-01-03,5000,4746
SCR_026,CAMP_B,2024-01-03,6000,5543
SCR_025,CAMP_C,2024-01-03,5000,5018
SCR_037,CAMP_C,2024-01-03,4000,4109
SCR_023,CAMP_C,2024-01-03,3000,2901
SCR_049,CAMP_C,2024-01-03,5000,4608
SCR_019,CAMP_C,2024-01-03,5000,4820
SCR_045,CAMP_C,2024-01-03,4000,3920
SCR_046,CAMP_C,2024-01-03,5000,5143
SCR_002,CAMP_C,2024-01-03,4000,4068
SCR_026,CAMP_C,2024-01-03,6000,5690
SCR_018,CAMP_C,2024-01-03,5000,4854
SCR_001,CAMP_C,2024-01-03,3000,3106
SCR_047,CAMP_C,2024-01-03,6000,6087
SCR_004,CAMP_C,2024-01-03,5000,5576
SCR_032,CAMP_C,2024-01-03,5000,4845
SCR_044,CAMP_C,2024-01-03,5000,5084
SCR_015,CAMP_C,2024-01-03,5000,5463
SCR_048,CAMP_C,2024-01-03,3000,3097
SCR_035,CAMP_C,2024-01-03,5000,4693
SCR_013,CAMP_C,2024-01-03,3000,2911
SCR_020,CAMP_C,2024-01-03,5000,4625
SCR_003,CAMP_D,2024-01-03,5000,3204
SCR_050,CAMP_D,2024-01-03,6000,5644
SCR_020,CAMP_D,2024-01-03,5000,5779
SCR_032,CAMP_D,2024-01-03,5000,3024
SCR_008,CAMP_D,2024-01-03,3000,3051
SCR_007,CAMP_D,2024-01-03,3000,2980
SCR_016,CAMP_D,2024-01-03,3000,1880
SCR_035,CAMP_D,2024-01-03,4000,3746
SCR_009,CAMP_D,2024-01-03,4000,4062
SCR_025,CAMP_D,2024-01-03,4000,3716
SCR_030,CAMP_D,2024-01-03,3000,3113
SCR_024,CAMP_D,2024-01-03,4000,4055
SCR_043,CAMP_D,2024-01-03,3000,2740
SCR_027,CAMP_D,2024-01-03,3000,3037
SCR_010,CAMP_D,2024-01-03,5000,3004
SCR_037,CAMP_D,2024-01-03,4000,3913
SCR_045,CAMP_D,2024-01-03,3000,3033
SCR_047,CAMP_D,2024-01-03,3000,2816
SCR_038,CAMP_D,2024-01-03,3000,3084
SCR_031,CAMP_D,2024-01-03,5000,5176
SCR_004,CAMP_E,2024-01-03,6000,6949
SCR_031,CAMP_E,2024-01-03,4000,4101
SCR_026,CAMP_E,2024-01-03,6000,5813
SCR_028,CAMP_E,2024-01-03,6000,5703
SCR_044,CAMP_E,2024-01-03,5000,4793
SCR_007,CAMP_E,2024-01-03,4000,3886
SCR_032,CAMP_E,2024-01-03,3000,2766
SCR_029,CAMP_E,2024-01-03,3000,2875
SCR_005,CAMP_E,2024-01-03,4000,3944
SCR_006,CAMP_E,2024-01-03,5000,4817
SCR_021,CAMP_E,2024-01-03,6000,6022
SCR_039,CAMP_E,2024-01-03,5000,4778
SCR_010,CAMP_E,2024-01-03,4000,3890
SCR_042,CAMP_E,2024-01-03,3000,2946
SCR_009,CAMP_E,2024-01-03,3000,2953
SCR_018,CAMP_E,2024-01-03,6000,6220
SCR_040,CAMP_E,2024-01-03,3000,2986
SCR_025,CAMP_E,2024-01-03,5000,3019
SCR_019,CAMP_E,2024-01-03,5000,4778
SCR_015,CAMP_E,2024-01-03,4000,3934
SCR_026,CAMP_A,2024-01-04,3000,2836
SCR_005,CAMP_A,2024-01-04,6000,5804
SCR_010,CAMP_A,2024-01-04,5000,4883
SCR_041,CAMP_A,2024-01-04,5000,4734
SCR_002,CAMP_A,2024-01-04,6000,5700
SCR_006,CAMP_A,2024-01-04,4000,3951
SCR_034,CAMP_A,2024-01-04,3000,3098
SCR_014,CAMP_A,2024-01-04,4000,3790
SCR_025,CAMP_A,2024-01-04,3000,2351
SCR_027,CAMP_A,2024-01-04,4000,3916
SCR_030,CAMP_A,2024-01-04,4000,4073
SCR_022,CAMP_A,2024-01-04,5000,4137
SCR_011,CAMP_A,2024-01-04,3000,2909
SCR_024,CAMP_A,2024-01-04,3000,2954
SCR_020,CAMP_A,2024-01-04,6000,5785
SCR_021,CAMP_A,2024-01-04,3000,3106
SCR_045,CAMP_A,2024-01-04,4000,3961
SCR_004,CAMP_A,2024-01-04,5000,5891
SCR_048,CAMP_A,2024-01-04,4000,3848
SCR_044,CAMP_A,2024-01-04,3000,2851
SCR_022,CAMP_B,2024-01-04,4000,3980
SCR_015,CAMP_B,2024-01-04,4000,3966
SCR_050,CAMP_B,2024-01-04,6000,6052
SCR_011,CAMP_B,2024-01-04,6000,6147
SCR_005,CAMP_B,2024-01-04,5000,4957
SCR_033,CAMP_B,2024-01-04,4000,3883
SCR_041,CAMP_B,2024-01-04,5000,4934
SCR_008,CAMP_B,2024-01-04,5000,4751
SCR_034,CAMP_B,2024-01-04,6000,3840
SCR_045,CAMP_B,2024-01-04,5000,4142
SCR_013,CAMP_B,2024-01-04,3000,2927
SCR_023,CAMP_B,2024-01-04,6000,6204
SCR_039,CAMP_B,2024-01-04,3000,3045
SCR_010,CAMP_B,2024-01-04,4000,3887
SCR_016,CAMP_B,2024-01-04,4000,3874
SCR_007,CAMP_B,2024-01-04,5000,4604
SCR_037,CAMP_B,2024-01-04,4000,3075
SCR_017,CAMP_B,2024-01-04,6000,5935
SCR_040,CAMP_B,2024-01-04,5000,4733
SCR_006,CAMP_B,2024-01-04,6000,5989
SCR_004,CAMP_C,2024-01-04,3000,2876
SCR_041,CAMP_C,2024-01-04,5000,4985
SCR_042,CAMP_C,2024-01-04,3000,2895
SCR_022,CAMP_C,2024-01-04,5000,3086
SCR_005,CAMP_C,2024-01-04,4000,4038
SCR_047,CAMP_C,2024-01-04,4000,3711
SCR_007,CAMP_C,2024-01-04,3000,3037
SCR_036,CAMP_C,2024-01-04,3000,3071
SCR_025,CAMP_C,2024-01-04,4000,3720
SCR_019,CAMP_C,2024-01-04,4000,4040
SCR_017,CAMP_C,2024-01-04,4000,3662
SCR_039,CAMP_C,2024-01-04,5000,4704
SCR_010,CAMP_C,2024-01-04,6000,6046
SCR_045,CAMP_C,2024-01-04,6000,5646
SCR_006,CAMP_C,2024-01-04,6000,5611
SCR_038,CAMP_C,2024-01-04,6000,5679
SCR_023,CAMP_C,2024-01-04,6000,5786
SCR_020,CAMP_C,2024-01-04,4000,4056
SCR_026,CAMP_C,2024-01-04,4000,3667
SCR_046,CAMP_C,2024-01-04,6000,5892
SCR_007,CAMP_D,2024-01-04,5000,5196
SCR_046,CAMP_D,2024-01-04,5000,4757
SCR_034,CAMP_D,2024-01-04,3000,2983
SCR_008,CAMP_D,2024-01-04,4000,3789
SCR_019,CAMP_D,2024-01-04,6000,5568
SCR_006,CAMP_D,2024-01-04,6000,5464
SCR_011,CAMP_D,2024-01-04,3000,1745
SCR_018,CAMP_D,2024-01-04,4000,4018
SCR_029,CAMP_D,2024-01-04,6000,6602
SCR_033,CAMP_D,2024-01-04,5000,4704
SCR_010,CAMP_D,2024-01-04,6000,4907
SCR_028,CAMP_D,2024-01-04,6000,5472
SCR_045,CAMP_D,2024-01-04,4000,3791
SCR_015,CAMP_D,2024-01-04,3000,2823
SCR_042,CAMP_D,2024-01-04,6000,5981
SCR_023,CAMP_D,2024-01-04,5000,3499
SCR_002,CAMP_D,2024-01-04,3000,2913
SCR_027,CAMP_D,2024-01-04,6000,5657
SCR_004,CAMP_D,2024-01-04,3000,2756
SCR_013,CAMP_D,2024-01-04,4000,3966
SCR_050,CAMP_E,2024-01-04,4000,3804
SCR_038,CAMP_E,2024-01-04,5000,5192
SCR_048,CAMP_E,2024-01-04,6000,6047
SCR_022,CAMP_E,2024-01-04,4000,4088
SCR_009,CAMP_E,2024-01-04,3000,2859
SCR_003,CAMP_E,2024-01-04,3000,2900
SCR_023,CAMP_E,2024-01-04,6000,6157
SCR_035,CAMP_E,2024-01-04,6000,5605
SCR_047,CAMP_E,2024-01-04,6000,6081
SCR_012,CAMP_E,2024-01-04,5000,5022
SCR_030,CAMP_E,2024-01-04,3000,3118
SCR_031,CAMP_E,2024-01-04,4000,3807
SCR_041,CAMP_E,2024-01-04,3000,2845
SCR_046,CAMP_E,2024-01-04,6000,5792
SCR_005,CAMP_E,2024-01-04,6000,5493
SCR_040,CAMP_E,2024-01-04,5000,4832
SCR_045,CAMP_E,2024-01-04,3000,2226
SCR_019,CAMP_E,2024-01-04,5000,5037
SCR_013,CAMP_E,2024-01-04,4000,3714
SCR_002,CAMP_E,2024-01-04,6000,3153
SCR_050,CAMP_A,2024-01-05,5000,4623
SCR_042,CAMP_A,2024-01-05,4000,3841
SCR_024,CAMP_A,2024-01-05,3000,2831
SCR_048,CAMP_A,2024-01-05,6000,5937
SCR_025,CAMP_A,2024-01-05,6000,5565
SCR_037,CAMP_A,2024-01-05,3000,3080
SCR_003,CAMP_A,2024-01-05,6000,6092
SCR_039,CAMP_A,2024-01-05,5000,5011
SCR_010,CAMP_A,2024-01-05,5000,5103
SCR_029,CAMP_A,2024-01-05,4000,3904
SCR_047,CAMP_A,2024-01-05,3000,3038
SCR_040,CAMP_A,2024-01-05,4000,3653
SCR_041,CAMP_A,2024-01-05,5000,5188
SCR_005,CAMP_A,2024-01-05,4000,3684
SCR_009,CAMP_A,2024-01-05,5000,5016
SCR_034,CAMP_A,2024-01-05,6000,6059
SCR_043,CAMP_A,2024-01-05,3000,2853
SCR_026,CAMP_A,2024-01-05,3000,2995
SCR_021,CAMP_A,2024-01-05,5000,5088
SCR_032,CAMP_A,2024-01-05,4000,3707
SCR_033,CAMP_B,2024-01-05,3000,2795
SCR_004,CAMP_B,2024-01-05,4000,3964
SCR_008,CAMP_B,2024-01-05,5000,4916
SCR_034,CAMP_B,2024-01-05,3000,3578
SCR_010,CAMP_B,2024-01-05,5000,5048
SCR_020,CAMP_B,2024-01-05,6000,5483
SCR_011,CAMP_B,2024-01-05,5000,4746
SCR_044,CAMP_B,2024-01-05,4000,3996
SCR_021,CAMP_B,2024-01-05,5000,4997
SCR_015,CAMP_B,2024-01-05,4000,3891
SCR_023,CAMP_B,2024-01-05,4000,3714
SCR_047,CAMP_B,2024-01-05,5000,5109
SCR_019,CAMP_B,2024-01-05,6000,5749
SCR_006,CAMP_B,2024-01-05,3000,2911
SCR_017,CAMP_B,2024-01-05,5000,4641
SCR_013,CAMP_B,2024-01-05,3000,2879
SCR_018,CAMP_B,2024-01-05,6000,6134
SCR_009,CAMP_B,2024-01-05,4000,4125
SCR_045,CAMP_B,2024-01-05,5000,4653
SCR_032,CAMP_B,2024-01-05,6000,5700
SCR_002,CAMP_C,2024-01-05,5000,5046
SCR_006,CAMP_C,2024-01-05,5000,2597
SCR_026,CAMP_C,2024-01-05,4000,3790
SCR_033,CAMP_C,2024-01-05,6000,6056
SCR_030,CAMP_C,2024-01-05,5000,4955
SCR_016,CAMP_C,2024-01-05,3000,2767
SCR_014,CAMP_C,2024-01-05,5000,4770
SCR_038,CAMP_C,2024-01-05,5000,4679
SCR_023,CAMP_C,2024-01-05,6000,5495
SCR_004,CAMP_C,2024-01-05,4000,4058
SCR_041,CAMP_C,2024-01-05,6000,6156
SCR_019,CAMP_C,2024-01-05,4000,3958
SCR_032,CAMP_C,2024-01-05,4000,3960
SCR_031,CAMP_C,2024-01-05,5000,4879
SCR_039,CAMP_C,2024-01-05,6000,5693
SCR_035,CAMP_C,2024-01-05,3000,2992
SCR_001,CAMP_C,2024-01-05,6000,6081
SCR_007,CAMP_C,2024-01-05,3000,2833
SCR_028,CAMP_C,2024-01-05,4000,3943
SCR_005,CAMP_C,2024-01-05,4000,4015
SCR_050,CAMP_D,2024-01-05,3000,2932
SCR_025,CAMP_D,2024-01-05,5000,4860
SCR_010,CAMP_D,2024-01-05,6000,5595
SCR_044,CAMP_D,2024-01-05,5000,4989
SCR_016,CAMP_D,2024-01-05,5000,4674
SCR_003,CAMP_D,2024-01-05,4000,3795
SCR_037,CAMP_D,2024-01-05,5000,5008
SCR_008,CAMP_D,2024-01-05,6000,5732
SCR_013,CAMP_D,2024-01-05,5000,4922
SCR_002,CAMP_D,2024-01-05,6000,5767
SCR_029,CAMP_D,2024-01-05,5000,5073
SCR_021,CAMP_D,2024-01-05,5000,4315
SCR_027,CAMP_D,2024-01-05,3000,2902
SCR_048,CAMP_D,2024-01-05,5000,4689
SCR_038,CAMP_D,2024-01-05,5000,5002
SCR_014,CAMP_D,2024-01-05,4000,4654
SCR_036,CAMP_D,2024-01-05,4000,3988
SCR_033,CAMP_D,2024-01-05,4000,3667
SCR_031,CAMP_D,2024-01-05,6000,5828
SCR_028,CAMP_D,2024-01-05,4000,2836
SCR_011,CAMP_E,2024-01-05,3000,2884
SCR_027,CAMP_E,2024-01-05,6000,6044
SCR_042,CAMP_E,2024-01-05,5000,4556
SCR_031,CAMP_E,2024-01-05,3000,2860
SCR_047,CAMP_E,2024-01-05,6000,5883
SCR_048,CAMP_E,2024-01-05,6000,5564
SCR_013,CAMP_E,2024-01-05,6000,6090
SCR_019,CAMP_E,2024-01-05,5000,4848
SCR_021,CAMP_E,2024-01-05,5000,4559
SCR_043,CAMP_E,2024-01-05,5000,4919
SCR_004,CAMP_E,2024-01-05,4000,4085
SCR_006,CAMP_E,2024-01-05,6000,5861
SCR_037,CAMP_E,2024-01-05,3000,2767
SCR_015,CAMP_E,2024-01-05,4000,4126
SCR_035,CAMP_E,2024-01-05,3000,2821
SCR_003,CAMP_E,2024-01-05,5000,4746
SCR_012,CAMP_E,2024-01-05,3000,2870
SCR_049,CAMP_E,2024-01-05,4000,2179
SCR_034,CAMP_E,2024-01-05,5000,4995
SCR_030,CAMP_E,2024-01-05,5000,4965
SCR_019,CAMP_A,2024-01-06,5000,3571
SCR_024,CAMP_A,2024-01-06,3000,3082
SCR_040,CAMP_A,2024-01-06,4000,3717
SCR_015,CAMP_A,2024-01-06,5000,4837
SCR_047,CAMP_A,2024-01-06,4000,3894
SCR_009,CAMP_A,2024-01-06,6000,5813
SCR_031,CAMP_A,2024-01-06,6000,5505
SCR_010,CAMP_A,2024-01-06,6000,5700
SCR_030,CAMP_A,2024-01-06,3000,3048
SCR_039,CAMP_A,2024-01-06,4000,3663
SCR_049,CAMP_A,2024-01-06,5000,4901
SCR_027,CAMP_A,2024-01-06,3000,2756
SCR_036,CAMP_A,2024-01-06,6000,3932
SCR_044,CAMP_A,2024-01-06,4000,4148
SCR_035,CAMP_A,2024-01-06,6000,6155
SCR_014,CAMP_A,2024-01-06,6000,6167
SCR_016,CAMP_A,2024-01-06,6000,7169
SCR_006,CAMP_A,2024-01-06,4000,3820
SCR_029,CAMP_A,2024-01-06,4000,3844
SCR_017,CAMP_A,2024-01-06,4000,3755
SCR_001,CAMP_B,2024-01-06,6000,6190
SCR_049,CAMP_B,2024-01-06,3000,2756
SCR_002,CAMP_B,2024-01-06,3000,2992
SCR_020,CAMP_B,2024-01-06,3000,2747
SCR_030,CAMP_B,2024-01-06,6000,5629
SCR_044,CAMP_B,2024-01-06,3000,3117
SCR_035,CAMP_B,2024-01-06,4000,4020
SCR_028,CAMP_B,2024-01-06,5000,5052
SCR_045,CAMP_B,2024-01-06,5000,5119
SCR_025,CAMP_B,2024-01-06,4000,3783
SCR_015,CAMP_B,2024-01-06,4000,3862
SCR_016,CAMP_B,2024-01-06,6000,3785
SCR_046,CAMP_B,2024-01-06,6000,5708
SCR_023,CAMP_B,2024-01-06,6000,5693
SCR_010,CAMP_B,2024-01-06,4000,3886
SCR_018,CAMP_B,2024-01-06,4000,4007
SCR_013,CAMP_B,2024-01-06,6000,5898
SCR_008,CAMP_B,2024-01-06,6000,5564
SCR_003,CAMP_B,2024-01-06,4000,3811
SCR_026,CAMP_B,2024-01-06,3000,3060
SCR_006,CAMP_C,2024-01-06,3000,2804
SCR_035,CAMP_C,2024-01-06,3000,3024
SCR_047,CAMP_C,2024-01-06,4000,4005
SCR_013,CAMP_C,2024-01-06,6000,5890
SCR_004,CAMP_C,2024-01-06,5000,4896
SCR_018,CAMP_C,2024-01-06,5000,4783
SCR_025,CAMP_C,2024-01-06,6000,6086
SCR_039,CAMP_C,2024-01-06,6000,5709
SCR_043,CAMP_C,2024-01-06,4000,3855
SCR_003,CAMP_C,2024-01-06,4000,3648
SCR_005,CAMP_C,2024-01-06,6000,5613
SCR_048,CAMP_C,2024-01-06,4000,4073
SCR_038,CAMP_C,2024-01-06,6000,6195
SCR_036,CAMP_C,2024-01-06,5000,5084
SCR_014,CAMP_C,2024-01-06,6000,6031
SCR_031,CAMP_C,2024-01-06,5000,5018
SCR_037,CAMP_C,2024-01-06,6000,6153
SCR_022,CAMP_C,2024-01-06,3000,3057
SCR_020,CAMP_C,2024-01-06,3000,2990
SCR_049,CAMP_C,2024-01-06,3000,3058
SCR_015,CAMP_D,2024-01-06,5000,4736
SCR_005,CAMP_D,2024-01-06,6000,6169
SCR_046,CAMP_D,2024-01-06,3000,2934
SCR_010,CAMP_D,2024-01-06,4000,3913
SCR_001,CAMP_D,2024-01-06,5000,4807
SCR_014,CAMP_D,2024-01-06,5000,4848
SCR_033,CAMP_D,2024-01-06,4000,3757
SCR_030,CAMP_D,2024-01-06,3000,3064
SCR_024,CAMP_D,2024-01-06,3000,3339
SCR_004,CAMP_D,2024-01-06,6000,3021
SCR_040,CAMP_D,2024-01-06,4000,4713
SCR_031,CAMP_D,2024-01-06,5000,5107
SCR_032,CAMP_D,2024-01-06,3000,3088
SCR_002,CAMP_D,2024-01-06,4000,4091
SCR_048,CAMP_D,2024-01-06,6000,6180
SCR_035,CAMP_D,2024-01-06,5000,4916
SCR_027,CAMP_D,2024-01-06,3000,3061
SCR_036,CAMP_D,2024-01-06,3000,2958
SCR_037,CAMP_D,2024-01-06,6000,5693
SCR_017,CAMP_D,2024-01-06,4000,4081
SCR_044,CAMP_E,2024-01-06,6000,5737
SCR_035,CAMP_E,2024-01-06,6000,5990
SCR_022,CAMP_E,2024-01-06,6000,6879
SCR_025,CAMP_E,2024-01-06,4000,3682
SCR_009,CAMP_E,2024-01-06,4000,4047
SCR_045,CAMP_E,2024-01-06,4000,3804
SCR_006,CAMP_E,2024-01-06,3000,3576
SCR_033,CAMP_E,2024-01-06,6000,5670
SCR_023,CAMP_E,2024-01-06,4000,4481
SCR_004,CAMP_E,2024-01-06,6000,6435
SCR_007,CAMP_E,2024-01-06,3000,3035
SCR_028,CAMP_E,2024-01-06,6000,3943
SCR_015,CAMP_E,2024-01-06,3000,2948
SCR_005,CAMP_E,2024-01-06,4000,3728
SCR_048,CAMP_E,2024-01-06,6000,5669
SCR_026,CAMP_E,2024-01-06,5000,4591
SCR_021,CAMP_E,2024-01-06,6000,5693
SCR_002,CAMP_E,2024-01-06,3000,3098
SCR_018,CAMP_E,2024-01-06,6000,5612
SCR_049,CAMP_E,2024-01-06,3000,2732
SCR_026,CAMP_A,2024-01-07,6000,6069
SCR_022,CAMP_A,2024-01-07,5000,5080
SCR_040,CAMP_A,2024-01-07,6000,6187
SCR_025,CAMP_A,2024-01-07,4000,3923
SCR_049,CAMP_A,2024-01-07,3000,2910
SCR_029,CAMP_A,2024-01-07,4000,3791
SCR_046,CAMP_A,2024-01-07,3000,3040
SCR_028,CAMP_A,2024-01-07,6000,5568
SCR_042,CAMP_A,2024-01-07,5000,4978
SCR_039,CAMP_A,2024-01-07,6000,5517
SCR_009,CAMP_A,2024-01-07,6000,5876
SCR_020,CAMP_A,2024-01-07,6000,6076
SCR_021,CAMP_A,2024-01-07,5000,5077
SCR_013,CAMP_A,2024-01-07,3000,3284
SCR_031,CAMP_A,2024-01-07,5000,4948
SCR_038,CAMP_A,2024-01-07,6000,5718
SCR_012,CAMP_A,2024-01-07,6000,6442
SCR_050,CAMP_A,2024-01-07,4000,3909
SCR_035,CAMP_A,2024-01-07,4000,3843
SCR_010,CAMP_A,2024-01-07,4000,3652
SCR_007,CAMP_B,2024-01-07,5000,3850
SCR_019,CAMP_B,2024-01-07,3000,2982
SCR_027,CAMP_B,2024-01-07,4000,4025
SCR_006,CAMP_B,2024-01-07,4000,3812
SCR_008,CAMP_B,2024-01-07,6000,5640
SCR_010,CAMP_B,2024-01-07,6000,5605
SCR_023,CAMP_B,2024-01-07,6000,6035
SCR_020,CAMP_B,2024-01-07,4000,3863
SCR_022,CAMP_B,2024-01-07,3000,2810
SCR_030,CAMP_B,2024-01-07,3000,3041
SCR_014,CAMP_B,2024-01-07,4000,3742
SCR_034,CAMP_B,2024-01-07,3000,3066
SCR_031,CAMP_B,2024-01-07,5000,4947
SCR_044,CAMP_B,2024-01-07,3000,3059
SCR_038,CAMP_B,2024-01-07,4000,4007
SCR_050,CAMP_B,2024-01-07,5000,4933
SCR_029,CAMP_B,2024-01-07,4000,3764
SCR_039,CAMP_B,2024-01-07,3000,3000
SCR_021,CAMP_B,2024-01-07,6000,5567
SCR_003,CAMP_B,2024-01-07,6000,5839
SCR_035,CAMP_C,2024-01-07,6000,5843
SCR_045,CAMP_C,2024-01-07,6000,5524
SCR_042,CAMP_C,2024-01-07,3000,2816
SCR_012,CAMP_C,2024-01-07,3000,2939
SCR_036,CAMP_C,2024-01-07,4000,3934
SCR_011,CAMP_C,2024-01-07,6000,5548
SCR_032,CAMP_C,2024-01-07,3000,2941
SCR_019,CAMP_C,2024-01-07,5000,5041
SCR_009,CAMP_C,2024-01-07,6000,6232
SCR_047,CAMP_C,2024-01-07,3000,2984
SCR_021,CAMP_C,2024-01-07,4000,4159
SCR_029,CAMP_C,2024-01-07,6000,6132
SCR_004,CAMP_C,2024-01-07,3000,3117
SCR_023,CAMP_C,2024-01-07,4000,4023
SCR_001,CAMP_C,2024-01-07,5000,4946
SCR_044,CAMP_C,2024-01-07,6000,5568
SCR_048,CAMP_C,2024-01-07,4000,4058
SCR_013,CAMP_C,2024-01-07,5000,4937
SCR_025,CAMP_C,2024-01-07,4000,4006
SCR_031,CAMP_C,2024-01-07,5000,5169
SCR_033,CAMP_D,2024-01-07,6000,4811
SCR_044,CAMP_D,2024-01-07,3000,3022
SCR_007,CAMP_D,2024-01-07,5000,4867
SCR_009,CAMP_D,2024-01-07,3000,3060
SCR_027,CAMP_D,2024-01-07,3000,2908
SCR_004,CAMP_D,2024-01-07,5000,5067
SCR_018,CAMP_D,2024-01-07,6000,5795
SCR_042,CAMP_D,2024-01-07,4000,3807
SCR_047,CAMP_D,2024-01-07,5000,4925
SCR_043,CAMP_D,2024-01-07,6000,6157
SCR_016,CAMP_D,2024-01-07,3000,2213
SCR_010,CAMP_D,2024-01-07,6000,5119
SCR_021,CAMP_D,2024-01-07,4000,3640
SCR_040,CAMP_D,2024-01-07,6000,5997
SCR_026,CAMP_D,2024-01-07,4000,3796
SCR_032,CAMP_D,2024-01-07,5000,5552
SCR_039,CAMP_D,2024-01-07,3000,3082
SCR_049,CAMP_D,2024-01-07,4000,2950
SCR_046,CAMP_D,2024-01-07,4000,3687
SCR_013,CAMP_D,2024-01-07,3000,2043
SCR_009,CAMP_E,2024-01-07,5000,4639
SCR_038,CAMP_E,2024-01-07,4000,3992
SCR_015,CAMP_E,2024-01-07,3000,2733
SCR_034,CAMP_E,2024-01-07,4000,4015
SCR_044,CAMP_E,2024-01-07,4000,3960
SCR_029,CAMP_E,2024-01-07,6000,5527
SCR_001,CAMP_E,2024-01-07,3000,2778
SCR_046,CAMP_E,2024-01-07,6000,5794
SCR_022,CAMP_E,2024-01-07,4000,3975
SCR_008,CAMP_E,2024-01-07,4000,3952
SCR_028,CAMP_E,2024-01-07,5000,4998
SCR_050,CAMP_E,2024-01-07,5000,4944
SCR_031,CAMP_E,2024-01-07,4000,3793
SCR_005,CAMP_E,2024-01-07,3000,3039
SCR_048,CAMP_E,2024-01-07,4000,3698
SCR_025,CAMP_E,2024-01-07,6000,5515
SCR_006,CAMP_E,2024-01-07,3000,3094
SCR_007,CAMP_E,2024-01-07,4000,4076
SCR_033,CAMP_E,2024-01-07,6000,5992
SCR_011,CAMP_E,2024-01-07,6000,6060
SCR_002,CAMP_A,2024-01-08,3000,2809
SCR_038,CAMP_A,2024-01-08,4000,3843
SCR_005,CAMP_A,2024-01-08,3000,2900
SCR_001,CAMP_A,2024-01-08,4000,2131
SCR_017,CAMP_A,2024-01-08,6000,6874
SCR_014,CAMP_A,2024-01-08,3000,3019
SCR_003,CAMP_A,2024-01-08,4000,4636
SCR_004,CAMP_A,2024-01-08,3000,3101
SCR_026,CAMP_A,2024-01-08,5000,4632
SCR_033,CAMP_A,2024-01-08,5000,4626
SCR_019,CAMP_A,2024-01-08,3000,2897
SCR_041,CAMP_A,2024-01-08,3000,3110
SCR_027,CAMP_A,2024-01-08,3000,2929
SCR_028,CAMP_A,2024-01-08,3000,2951
SCR_042,CAMP_A,2024-01-08,5000,5052
SCR_006,CAMP_A,2024-01-08,3000,2928
SCR_010,CAMP_A,2024-01-08,3000,2734
SCR_018,CAMP_A,2024-01-08,3000,2879
SCR_035,CAMP_A,2024-01-08,4000,4139
SCR_034,CAMP_A,2024-01-08,3000,3086
SCR_048,CAMP_B,2024-01-08,6000,6063
SCR_042,CAMP_B,2024-01-08,5000,4909
SCR_027,CAMP_B,2024-01-08,3000,2843
SCR_015,CAMP_B,2024-01-08,5000,4707
SCR_021,CAMP_B,2024-01-08,5000,4870
SCR_016,CAMP_B,2024-01-08,4000,3924
SCR_050,CAMP_B,2024-01-08,4000,4124
SCR_046,CAMP_B,2024-01-08,3000,2865
SCR_018,CAMP_B,2024-01-08,3000,2730
SCR_005,CAMP_B,2024-01-08,6000,6027
SCR_037,CAMP_B,2024-01-08,3000,3113
SCR_024,CAMP_B,2024-01-08,6000,5506
SCR_008,CAMP_B,2024-01-08,4000,3688
SCR_033,CAMP_B,2024-01-08,4000,3910
SCR_004,CAMP_B,2024-01-08,5000,5036
SCR_012,CAMP_B,2024-01-08,3000,2978
SCR_047,CAMP_B,2024-01-08,6000,4294
SCR_003,CAMP_B,2024-01-08,6000,5561
SCR_026,CAMP_B,2024-01-08,5000,4754
SCR_040,CAMP_B,2024-01-08,6000,6033
SCR_021,CAMP_C,2024-01-08,5000,5104
SCR_029,CAMP_C,2024-01-08,3000,2997
SCR_018,CAMP_C,2024-01-08,3000,3064
SCR_015,CAMP_C,2024-01-08,4000,4379
SCR_005,CAMP_C,2024-01-08,5000,4581
SCR_013,CAMP_C,2024-01-08,5000,5193
SCR_009,CAMP_C,2024-01-08,3000,3063
SCR_038,CAMP_C,2024-01-08,4000,4297
SCR_007,CAMP_C,2024-01-08,4000,3672
SCR_010,CAMP_C,2024-01-08,4000,4068
SCR_042,CAMP_C,2024-01-08,5000,5159
SCR_011,CAMP_C,2024-01-08,3000,2830
SCR_049,CAMP_C,2024-01-08,3000,1573
SCR_030,CAMP_C,2024-01-08,6000,5531
SCR_050,CAMP_C,2024-01-08,5000,5162
SCR_027,CAMP_C,2024-01-08,3000,2953
SCR_008,CAMP_C,2024-01-08,6000,5758
SCR_023,CAMP_C,2024-01-08,6000,5627
SCR_014,CAMP_C,2024-01-08,4000,3871
SCR_047,CAMP_C,2024-01-08,4000,2941
SCR_016,CAMP_D,2024-01-08,6000,5901
SCR_042,CAMP_D,2024-01-08,5000,4666
SCR_019,CAMP_D,2024-01-08,5000,4569
SCR_032,CAMP_D,2024-01-08,5000,4383
SCR_027,CAMP_D,2024-01-08,5000,5199
SCR_036,CAMP_D,2024-01-08,4000,4607
SCR_031,CAMP_D,2024-01-08,5000,5064
SCR_004,CAMP_D,2024-01-08,3000,3099
SCR_006,CAMP_D,2024-01-08,6000,6114
SCR_018,CAMP_D,2024-01-08,4000,3948
SCR_025,CAMP_D,2024-01-08,5000,4568
SCR_009,CAMP_D,2024-01-08,5000,4916
SCR_046,CAMP_D,2024-01-08,4000,4061
SCR_013,CAMP_D,2024-01-08,6000,5596
SCR_034,CAMP_D,2024-01-08,3000,3277
SCR_050,CAMP_D,2024-01-08,4000,2726
SCR_002,CAMP_D,2024-01-08,5000,4680
SCR_040,CAMP_D,2024-01-08,4000,3732
SCR_023,CAMP_D,2024-01-08,5000,2780
SCR_035,CAMP_D,2024-01-08,4000,4080
SCR_024,CAMP_E,2024-01-08,4000,4021
SCR_005,CAMP_E,2024-01-08,5000,5023
SCR_050,CAMP_E,2024-01-08,6000,6061
SCR_046,CAMP_E,2024-01-08,3000,2854
SCR_043,CAMP_E,2024-01-08,4000,3694
SCR_026,CAMP_E,2024-01-08,6000,6041
SCR_038,CAMP_E,2024-01-08,4000,3806
SCR_007,CAMP_E,2024-01-08,3000,2991
SCR_022,CAMP_E,2024-01-08,5000,4722
SCR_020,CAMP_E,2024-01-08,4000,3822
SCR_021,CAMP_E,2024-01-08,3000,2748
SCR_009,CAMP_E,2024-01-08,6000,6215
SCR_011,CAMP_E,2024-01-08,6000,5755
SCR_028,CAMP_E,2024-01-08,6000,6762
SCR_032,CAMP_E,2024-01-08,4000,3678
SCR_040,CAMP_E,2024-01-08,3000,2854
SCR_012,CAMP_E,2024-01-08,3000,1693
SCR_023,CAMP_E,2024-01-08,6000,5518
SCR_015,CAMP_E,2024-01-08,3000,3114
SCR_042,CAMP_E,2024-01-08,6000,5796
SCR_042,CAMP_A,2024-01-09,6000,5741
SCR_011,CAMP_A,2024-01-09,6000,7052
SCR_039,CAMP_A,2024-01-09,6000,5480
SCR_028,CAMP_A,2024-01-09,4000,4148
SCR_049,CAMP_A,2024-01-09,6000,5700
SCR_004,CAMP_A,2024-01-09,6000,6158
SCR_007,CAMP_A,2024-01-09,5000,5680
SCR_022,CAMP_A,2024-01-09,4000,3838
SCR_014,CAMP_A,2024-01-09,4000,3776
SCR_013,CAMP_A,2024-01-09,6000,6112
SCR_027,CAMP_A,2024-01-09,3000,3001
SCR_036,CAMP_A,2024-01-09,3000,3324
SCR_035,CAMP_A,2024-01-09,6000,5919
SCR_017,CAMP_A,2024-01-09,3000,3049
SCR_019,CAMP_A,2024-01-09,6000,5995
SCR_020,CAMP_A,2024-01-09,6000,5643
SCR_016,CAMP_A,2024-01-09,5000,4215
SCR_044,CAMP_A,2024-01-09,3000,3081
SCR_045,CAMP_A,2024-01-09,4000,4033
SCR_041,CAMP_A,2024-01-09,4000,3726
SCR_014,CAMP_B,2024-01-09,5000,5146
SCR_013,CAMP_B,2024-01-09,3000,2972
SCR_009,CAMP_B,2024-01-09,6000,6485
SCR_003,CAMP_B,2024-01-09,3000,2949
SCR_028,CAMP_B,2024-01-09,3000,3068
SCR_006,CAMP_B,2024-01-09,5000,4721
SCR_044,CAMP_B,2024-01-09,6000,5828
SCR_046,CAMP_B,2024-01-09,4000,3714
SCR_049,CAMP_B,2024-01-09,6000,5028
SCR_041,CAMP_B,2024-01-09,5000,4582
SCR_010,CAMP_B,2024-01-09,6000,6159
SCR_039,CAMP_B,2024-01-09,3000,3039
SCR_017,CAMP_B,2024-01-09,5000,4869
SCR_021,CAMP_B,2024-01-09,3000,2818
SCR_005,CAMP_B,2024-01-09,5000,4838
SCR_045,CAMP_B,2024-01-09,5000,4820
SCR_025,CAMP_B,2024-01-09,3000,2812
SCR_026,CAMP_B,2024-01-09,6000,6052
SCR_037,CAMP_B,2024-01-09,5000,4884
SCR_043,CAMP_B,2024-01-09,4000,3078
SCR_026,CAMP_C,2024-01-09,3000,2824
SCR_009,CAMP_C,2024-01-09,6000,5598
SCR_034,CAMP_C,2024-01-09,6000,5732
SCR_037,CAMP_C,2024-01-09,4000,3774
SCR_002,CAMP_C,2024-01-09,3000,2880
SCR_012,CAMP_C,2024-01-09,4000,4045
SCR_013,CAMP_C,2024-01-09,4000,3976
SCR_044,CAMP_C,2024-01-09,4000,3852
SCR_004,CAMP_C,2024-01-09,3000,3107
SCR_016,CAMP_C,2024-01-09,3000,2781
SCR_003,CAMP_C,2024-01-09,4000,3644
SCR_030,CAMP_C,2024-01-09,5000,5162
SCR_042,CAMP_C,2024-01-09,5000,4794
SCR_024,CAMP_C,2024-01-09,5000,4691
SCR_043,CAMP_C,2024-01-09,5000,5085
SCR_018,CAMP_C,2024-01-09,6000,5465
SCR_047,CAMP_C,2024-01-09,5000,4935
SCR_039,CAMP_C,2024-01-09,5000,4620
SCR_050,CAMP_C,2024-01-09,3000,2837
SCR_021,CAMP_C,2024-01-09,5000,4719
SCR_046,CAMP_D,2024-01-09,3000,3117
SCR_042,CAMP_D,2024-01-09,4000,4010
SCR_020,CAMP_D,2024-01-09,6000,5984
SCR_013,CAMP_D,2024-01-09,5000,5096
SCR_010,CAMP_D,2024-01-09,4000,3884
SCR_034,CAMP_D,2024-01-09,5000,4913
SCR_016,CAMP_D,2024-01-09,4000,4107
SCR_004,CAMP_D,2024-01-09,3000,2817
SCR_039,CAMP_D,2024-01-09,5000,5126
SCR_026,CAMP_D,2024-01-09,5000,4741
SCR_021,CAMP_D,2024-01-09,3000,3067
SCR_009,CAMP_D,2024-01-09,3000,2805
SCR_002,CAMP_D,2024-01-09,3000,2878
SCR_032,CAMP_D,2024-01-09,5000,5116
SCR_019,CAMP_D,2024-01-09,4000,3744
SCR_017,CAMP_D,2024-01-09,6000,6156
SCR_027,CAMP_D,2024-01-09,6000,6132
SCR_041,CAMP_D,2024-01-09,4000,3893
SCR_025,CAMP_D,2024-01-09,4000,3670
SCR_024,CAMP_D,2024-01-09,6000,6053
SCR_011,CAMP_E,2024-01-09,5000,4895
SCR_037,CAMP_E,2024-01-09,3000,2974
SCR_050,CAMP_E,2024-01-09,4000,4096
SCR_032,CAMP_E,2024-01-09,5000,4799
SCR_006,CAMP_E,2024-01-09,5000,5085
SCR_009,CAMP_E,2024-01-09,5000,4846
SCR_040,CAMP_E,2024-01-09,5000,4996
SCR_028,CAMP_E,2024-01-09,4000,4108
SCR_041,CAMP_E,2024-01-09,5000,4657
SCR_043,CAMP_E,2024-01-09,6000,3511
SCR_026,CAMP_E,2024-01-09,4000,3651
SCR_042,CAMP_E,2024-01-09,4000,4009
SCR_031,CAMP_E,2024-01-09,3000,2979
SCR_025,CAMP_E,2024-01-09,3000,2748
SCR_001,CAMP_E,2024-01-09,3000,2737
SCR_003,CAMP_E,2024-01-09,3000,2878
SCR_013,CAMP_E,2024-01-09,5000,4649
SCR_024,CAMP_E,2024-01-09,3000,2988
SCR_036,CAMP_E,2024-01-09,5000,5005
SCR_029,CAMP_E,2024-01-09,6000,5541
SCR_047,CAMP_A,2024-01-10,4000,3889
SCR_040,CAMP_A,2024-01-10,4000,3020
SCR_008,CAMP_A,2024-01-10,3000,2990
SCR_019,CAMP_A,2024-01-10,4000,4045
SCR_048,CAMP_A,2024-01-10,3000,2769
SCR_007,CAMP_A,2024-01-10,5000,4846
SCR_032,CAMP_A,2024-01-10,5000,4582
SCR_013,CAMP_A,2024-01-10,4000,4083
SCR_039,CAMP_A,2024-01-10,5000,4753
SCR_043,CAMP_A,2024-01-10,3000,3498
SCR_017,CAMP_A,2024-01-10,3000,1657
SCR_034,CAMP_A,2024-01-10,4000,4105
SCR_041,CAMP_A,2024-01-10,5000,4610
SCR_023,CAMP_A,2024-01-10,5000,4810
SCR_027,CAMP_A,2024-01-10,6000,5760
SCR_050,CAMP_A,2024-01-10,6000,5966
SCR_011,CAMP_A,2024-01-10,4000,4629
SCR_003,CAMP_A,2024-01-10,3000,3059
SCR_044,CAMP_A,2024-01-10,3000,2960
SCR_030,CAMP_A,2024-01-10,6000,5756
SCR_023,CAMP_B,2024-01-10,4000,3985
SCR_040,CAMP_B,2024-01-10,6000,6104
SCR_002,CAMP_B,2024-01-10,3000,2565
SCR_044,CAMP_B,2024-01-10,6000,6138
SCR_009,CAMP_B,2024-01-10,3000,2855
SCR_031,CAMP_B,2024-01-10,5000,4582
SCR_032,CAMP_B,2024-01-10,4000,3836
SCR_008,CAMP_B,2024-01-10,4000,2675
SCR_027,CAMP_B,2024-01-10,6000,6778
SCR_029,CAMP_B,2024-01-10,5000,5648
SCR_003,CAMP_B,2024-01-10,3000,3353
SCR_005,CAMP_B,2024-01-10,3000,3038
SCR_017,CAMP_B,2024-01-10,5000,4915
SCR_021,CAMP_B,2024-01-10,6000,5743
SCR_001,CAMP_B,2024-01-10,3000,3059
SCR_034,CAMP_B,2024-01-10,5000,4952
SCR_015,CAMP_B,2024-01-10,6000,5743
SCR_022,CAMP_B,2024-01-10,6000,6997
SCR_007,CAMP_B,2024-01-10,4000,2539
SCR_014,CAMP_B,2024-01-10,5000,4793
SCR_007,CAMP_C,2024-01-10,3000,2905
SCR_003,CAMP_C,2024-01-10,4000,3642
SCR_011,CAMP_C,2024-01-10,3000,2898
SCR_032,CAMP_C,2024-01-10,6000,6069
SCR_009,CAMP_C,2024-01-10,4000,3730
SCR_027,CAMP_C,2024-01-10,4000,4608
SCR_050,CAMP_C,2024-01-10,5000,4800
SCR_017,CAMP_C,2024-01-10,4000,4141
SCR_040,CAMP_C,2024-01-10,5000,4636
SCR_013,CAMP_C,2024-01-10,6000,6151
SCR_041,CAMP_C,2024-01-10,5000,4906
SCR_008,CAMP_C,2024-01-10,5000,5158
SCR_026,CAMP_C,2024-01-10,4000,3964
SCR_014,CAMP_C,2024-01-10,5000,5148
SCR_030,CAMP_C,2024-01-10,4000,3978
SCR_042,CAMP_C,2024-01-10,4000,4001
SCR_022,CAMP_C,2024-01-10,5000,5044
SCR_044,CAMP_C,2024-01-10,6000,6195
SCR_045,CAMP_C,2024-01-10,6000,6157
SCR_002,CAMP_C,2024-01-10,5000,4824
SCR_001,CAMP_D,2024-01-10,6000,7089
SCR_034,CAMP_D,2024-01-10,4000,3931
SCR_007,CAMP_D,2024-01-10,4000,4054
SCR_002,CAMP_D,2024-01-10,5000,4580
SCR_025,CAMP_D,2024-01-10,6000,6206
SCR_010,CAMP_D,2024-01-10,5000,4584
SCR_004,CAMP_D,2024-01-10,5000,5114
SCR_043,CAMP_D,2024-01-10,6000,6170
SCR_044,CAMP_D,2024-01-10,5000,4905
SCR_013,CAMP_D,2024-01-10,4000,4141
SCR_018,CAMP_D,2024-01-10,5000,5189
SCR_011,CAMP_D,2024-01-10,3000,2797
SCR_019,CAMP_D,2024-01-10,3000,2897
SCR_017,CAMP_D,2024-01-10,5000,4929
SCR_045,CAMP_D,2024-01-10,5000,3386
SCR_042,CAMP_D,2024-01-10,4000,3411
SCR_038,CAMP_D,2024-01-10,3000,2973
SCR_014,CAMP_D,2024-01-10,5000,4922
SCR_003,CAMP_D,2024-01-10,5000,3844
SCR_012,CAMP_D,2024-01-10,4000,3910
SCR_033,CAMP_E,2024-01-10,5000,5137
SCR_011,CAMP_E,2024-01-10,4000,3994
SCR_027,CAMP_E,2024-01-10,5000,5067
SCR_035,CAMP_E,2024-01-10,3000,2940
SCR_047,CAMP_E,2024-01-10,5000,3482
SCR_026,CAMP_E,2024-01-10,5000,4880
SCR_006,CAMP_E,2024-01-10,6000,5048
SCR_023,CAMP_E,2024-01-10,4000,3682
SCR_015,CAMP_E,2024-01-10,3000,3102
SCR_014,CAMP_E,2024-01-10,3000,2812
SCR_022,CAMP_E,2024-01-10,4000,3860
SCR_040,CAMP_E,2024-01-10,3000,3053
SCR_024,CAMP_E,2024-01-10,6000,6193
SCR_019,CAMP_E,2024-01-10,4000,3089
SCR_041,CAMP_E,2024-01-10,3000,3202
SCR_034,CAMP_E,2024-01-10,5000,4923
SCR_031,CAMP_E,2024-01-10,4000,3851
SCR_001,CAMP_E,2024-01-10,6000,5797
SCR_008,CAMP_E,2024-01-10,3000,2776
SCR_039,CAMP_E,2024-01-10,3000,2971
SCR_049,CAMP_A,2024-01-11,4000,3843
SCR_048,CAMP_A,2024-01-11,5000,4643
SCR_038,CAMP_A,2024-01-11,5000,4557
SCR_003,CAMP_A,2024-01-11,4000,3642
SCR_045,CAMP_A,2024-01-11,6000,6198
SCR_005,CAMP_A,2024-01-11,5000,5031
SCR_023,CAMP_A,2024-01-11,5000,5138
SCR_033,CAMP_A,2024-01-11,4000,3754
SCR_007,CAMP_A,2024-01-11,5000,4667
SCR_019,CAMP_A,2024-01-11,3000,3093
SCR_020,CAMP_A,2024-01-11,6000,5517
SCR_039,CAMP_A,2024-01-11,3000,2806
SCR_006,CAMP_A,2024-01-11,6000,5738
SCR_041,CAMP_A,2024-01-11,4000,4586
SCR_029,CAMP_A,2024-01-11,4000,3874
SCR_025,CAMP_A,2024-01-11,5000,4649
SCR_026,CAMP_A,2024-01-11,5000,5173
SCR_002,CAMP_A,2024-01-11,4000,2374
SCR_031,CAMP_A,2024-01-11,4000,3973
SCR_050,CAMP_A,2024-01-11,5000,4637
SCR_047,CAMP_B,2024-01-11,3000,3061
SCR_022,CAMP_B,2024-01-11,3000,2955
SCR_031,CAMP_B,2024-01-11,4000,3926
SCR_030,CAMP_B,2024-01-11,6000,5575
SCR_029,CAMP_B,2024-01-11,6000,6062
SCR_023,CAMP_B,2024-01-11,5000,4875
SCR_020,CAMP_B,2024-01-11,3000,2925
SCR_032,CAMP_B,2024-01-11,4000,4059
SCR_036,CAMP_B,2024-01-11,4000,3712
SCR_007,CAMP_B,2024-01-11,4000,4133
SCR_012,CAMP_B,2024-01-11,4000,3891
SCR_039,CAMP_B,2024-01-11,5000,3946
SCR_006,CAMP_B,2024-01-11,4000,2561
SCR_018,CAMP_B,2024-01-11,3000,2931
SCR_009,CAMP_B,2024-01-11,5000,5146
SCR_035,CAMP_B,2024-01-11,3000,2239
SCR_013,CAMP_B,2024-01-11,3000,2933
SCR_017,CAMP_B,2024-01-11,5000,4721
SCR_005,CAMP_B,2024-01-11,4000,3836
SCR_024,CAMP_B,2024-01-11,3000,2876
SCR_015,CAMP_C,2024-01-11,4000,4012
SCR_034,CAMP_C,2024-01-11,3000,2891
SCR_026,CAMP_C,2024-01-11,5000,4862
SCR_023,CAMP_C,2024-01-11,6000,5920
SCR_047,CAMP_C,2024-01-11,6000,3098
SCR_032,CAMP_C,2024-01-11,4000,3906
SCR_031,CAMP_C,2024-01-11,4000,2392
SCR_039,CAMP_C,2024-01-11,4000,3850
SCR_001,CAMP_C,2024-01-11,3000,3013
SCR_033,CAMP_C,2024-01-11,5000,4690
SCR_009,CAMP_C,2024-01-11,6000,5593
SCR_029,CAMP_C,2024-01-11,6000,6079
SCR_011,CAMP_C,2024-01-11,4000,3905
SCR_050,CAMP_C,2024-01-11,4000,3818
SCR_005,CAMP_C,2024-01-11,6000,5513
SCR_041,CAMP_C,2024-01-11,6000,5544
SCR_018,CAMP_C,2024-01-11,4000,4112
SCR_014,CAMP_C,2024-01-11,6000,5932
SCR_010,CAMP_C,2024-01-11,4000,3959
SCR_006,CAMP_C,2024-01-11,3000,2937
SCR_049,CAMP_D,2024-01-11,3000,2829
SCR_008,CAMP_D,2024-01-11,4000,3683
SCR_006,CAMP_D,2024-01-11,6000,5464
SCR_031,CAMP_D,2024-01-11,3000,2775
SCR_043,CAMP_D,2024-01-11,3000,2810
SCR_009,CAMP_D,2024-01-11,5000,4619
SCR_039,CAMP_D,2024-01-11,6000,5657
SCR_035,CAMP_D,2024-01-11,6000,5937
SCR_001,CAMP_D,2024-01-11,6000,5782
SCR_028,CAMP_D,2024-01-11,6000,5896
SCR_034,CAMP_D,2024-01-11,6000,5699
SCR_027,CAMP_D,2024-01-11,5000,4808
SCR_024,CAMP_D,2024-01-11,4000,3982
SCR_003,CAMP_D,2024-01-11,4000,4003
SCR_040,CAMP_D,2024-01-11,4000,4524
SCR_041,CAMP_D,2024-01-11,5000,4949
SCR_015,CAMP_D,2024-01-11,3000,3106
SCR_047,CAMP_D,2024-01-11,3000,3051
SCR_025,CAMP_D,2024-01-11,6000,5799
SCR_012,CAMP_D,2024-01-11,3000,2874
SCR_039,CAMP_E,2024-01-11,4000,3990
SCR_003,CAMP_E,2024-01-11,5000,4550
SCR_047,CAMP_E,2024-01-11,4000,4394
SCR_025,CAMP_E,2024-01-11,6000,5768
SCR_026,CAMP_E,2024-01-11,4000,4023
SCR_040,CAMP_E,2024-01-11,3000,2944
SCR_042,CAMP_E,2024-01-11,5000,5080
SCR_034,CAMP_E,2024-01-11,4000,3741
SCR_019,CAMP_E,2024-01-11,6000,5663
SCR_050,CAMP_E,2024-01-11,6000,5895
SCR_004,CAMP_E,2024-01-11,5000,4626
SCR_012,CAMP_E,2024-01-11,5000,5078
SCR_032,CAMP_E,2024-01-11,5000,5177
SCR_029,CAMP_E,2024-01-11,6000,6050
SCR_001,CAMP_E,2024-01-11,6000,6159
SCR_013,CAMP_E,2024-01-11,3000,2830
SCR_043,CAMP_E,2024-01-11,6000,6235
SCR_044,CAMP_E,2024-01-11,4000,3854
SCR_035,CAMP_E,2024-01-11,5000,4556
SCR_002,CAMP_E,2024-01-11,5000,4610
SCR_044,CAMP_A,2024-01-12,4000,3769
SCR_048,CAMP_A,2024-01-12,5000,4619
SCR_022,CAMP_A,2024-01-12,3000,2988
SCR_005,CAMP_A,2024-01-12,3000,2941
SCR_036,CAMP_A,2024-01-12,3000,2874
SCR_012,CAMP_A,2024-01-12,5000,5190
SCR_031,CAMP_A,2024-01-12,5000,5189
SCR_021,CAMP_A,2024-01-12,5000,5037
SCR_023,CAMP_A,2024-01-12,4000,3214
SCR_014,CAMP_A,2024-01-12,6000,5485
SCR_037,CAMP_A,2024-01-12,5000,4996
SCR_018,CAMP_A,2024-01-12,4000,3702
SCR_045,CAMP_A,2024-01-12,6000,5466
SCR_013,CAMP_A,2024-01-12,4000,3692
SCR_032,CAMP_A,2024-01-12,5000,4718
SCR_040,CAMP_A,2024-01-12,5000,4856
SCR_016,CAMP_A,2024-01-12,5000,4874
SCR_034,CAMP_A,2024-01-12,4000,4031
SCR_017,CAMP_A,2024-01-12,5000,4731
SCR_007,CAMP_A,2024-01-12,4000,4149
SCR_044,CAMP_B,2024-01-12,6000,5898
SCR_015,CAMP_B,2024-01-12,3000,2999
SCR_007,CAMP_B,2024-01-12,3000,2829
SCR_047,CAMP_B,2024-01-12,3000,2860
SCR_018,CAMP_B,2024-01-12,5000,4912
SCR_016,CAMP_B,2024-01-12,5000,4817
SCR_036,CAMP_B,2024-01-12,5000,5176
SCR_028,CAMP_B,2024-01-12,4000,3977
SCR_025,CAMP_B,2024-01-12,4000,3787
SCR_013,CAMP_B,2024-01-12,5000,4866
SCR_010,CAMP_B,2024-01-12,6000,5757
SCR_040,CAMP_B,2024-01-12,5000,5171
SCR_031,CAMP_B,2024-01-12,4000,4122
SCR_001,CAMP_B,2024-01-12,6000,5905
SCR_012,CAMP_B,2024-01-12,3000,1891
SCR_027,CAMP_B,2024-01-12,5000,4739
SCR_032,CAMP_B,2024-01-12,5000,4807
SCR_009,CAMP_B,2024-01-12,6000,6192
SCR_021,CAMP_B,2024-01-12,6000,5603
SCR_026,CAMP_B,2024-01-12,3000,2821
SCR_017,CAMP_C,2024-01-12,4000,4761
SCR_048,CAMP_C,2024-01-12,6000,5652
SCR_045,CAMP_C,2024-01-12,5000,4632
SCR_006,CAMP_C,2024-01-12,4000,3008
SCR_014,CAMP_C,2024-01-12,5000,4853
SCR_011,CAMP_C,2024-01-12,5000,4637
SCR_026,CAMP_C,2024-01-12,4000,3877
SCR_007,CAMP_C,2024-01-12,6000,5958
SCR_043,CAMP_C,2024-01-12,5000,4863
SCR_005,CAMP_C,2024-01-12,4000,3869
SCR_031,CAMP_C,2024-01-12,5000,4651
SCR_036,CAMP_C,2024-01-12,3000,2429
SCR_004,CAMP_C,2024-01-12,4000,3883
SCR_002,CAMP_C,2024-01-12,3000,2921
SCR_044,CAMP_C,2024-01-12,6000,6057
SCR_034,CAMP_C,2024-01-12,5000,5067
SCR_047,CAMP_C,2024-01-12,5000,5123
SCR_042,CAMP_C,2024-01-12,6000,5587
SCR_050,CAMP_C,2024-01-12,6000,5632
SCR_020,CAMP_C,2024-01-12,3000,2823
SCR_049,CAMP_D,2024-01-12,6000,5475
SCR_040,CAMP_D,2024-01-12,3000,2738
SCR_045,CAMP_D,2024-01-12,3000,2778
SCR_044,CAMP_D,2024-01-12,6000,5641
SCR_018,CAMP_D,2024-01-12,4000,2330
SCR_019,CAMP_D,2024-01-12,6000,6083
SCR_042,CAMP_D,2024-01-12,5000,5064
SCR_035,CAMP_D,2024-01-12,5000,5825
SCR_046,CAMP_D,2024-01-12,4000,3178
SCR_027,CAMP_D,2024-01-12,3000,2800
SCR_013,CAMP_D,2024-01-12,5000,5088
SCR_005,CAMP_D,2024-01-12,3000,3008
SCR_012,CAMP_D,2024-01-12,6000,5805
SCR_009,CAMP_D,2024-01-12,3000,3016
SCR_048,CAMP_D,2024-01-12,3000,3113
SCR_008,CAMP_D,2024-01-12,6000,6209
SCR_030,CAMP_D,2024-01-12,5000,5023
SCR_029,CAMP_D,2024-01-12,3000,2979
SCR_047,CAMP_D,2024-01-12,4000,3667
SCR_023,CAMP_D,2024-01-12,4000,3762
SCR_028,CAMP_E,2024-01-12,5000,5198
SCR_021,CAMP_E,2024-01-12,3000,2234
SCR_001,CAMP_E,2024-01-12,3000,2820
SCR_011,CAMP_E,2024-01-12,5000,4835
SCR_018,CAMP_E,2024-01-12,4000,2574
SCR_038,CAMP_E,2024-01-12,4000,3660
SCR_008,CAMP_E,2024-01-12,6000,5883
SCR_026,CAMP_E,2024-01-12,6000,5605
SCR_016,CAMP_E,2024-01-12,5000,4854
SCR_048,CAMP_E,2024-01-12,4000,2235
SCR_003,CAMP_E,2024-01-12,5000,4902
SCR_045,CAMP_E,2024-01-12,6000,4454
SCR_031,CAMP_E,2024-01-12,6000,6148
SCR_010,CAMP_E,2024-01-12,5000,4705
SCR_024,CAMP_E,2024-01-12,3000,2940
SCR_006,CAMP_E,2024-01-12,6000,5992
SCR_042,CAMP_E,2024-01-12,4000,3807
SCR_047,CAMP_E,2024-01-12,5000,5666
SCR_032,CAMP_E,2024-01-12,3000,2569
SCR_040,CAMP_E,2024-01-12,4000,3745
SCR_032,CAMP_A,2024-01-13,6000,6109
SCR_013,CAMP_A,2024-01-13,6000,5507
SCR_007,CAMP_A,2024-01-13,6000,6079
SCR_003,CAMP_A,2024-01-13,3000,2833
SCR_037,CAMP_A,2024-01-13,3000,3055
SCR_042,CAMP_A,2024-01-13,3000,3104
SCR_025,CAMP_A,2024-01-13,3000,3277
SCR_043,CAMP_A,2024-01-13,6000,5870
SCR_050,CAMP_A,2024-01-13,4000,4132
SCR_034,CAMP_A,2024-01-13,6000,6057
SCR_040,CAMP_A,2024-01-13,5000,5006
SCR_038,CAMP_A,2024-01-13,6000,5590
SCR_017,CAMP_A,2024-01-13,4000,3902
SCR_004,CAMP_A,2024-01-13,4000,3951
SCR_024,CAMP_A,2024-01-13,5000,4907
SCR_015,CAMP_A,2024-01-13,5000,4818
SCR_005,CAMP_A,2024-01-13,6000,5712
SCR_001,CAMP_A,2024-01-13,4000,3751
SCR_014,CAMP_A,2024-01-13,5000,4844
SCR_021,CAMP_A,2024-01-13,6000,3079
SCR_019,CAMP_B,2024-01-13,4000,3830
SCR_039,CAMP_B,2024-01-13,4000,4061
SCR_002,CAMP_B,2024-01-13,3000,2951
SCR_034,CAMP_B,2024-01-13,4000,4016
SCR_009,CAMP_B,2024-01-13,6000,6104
SCR_020,CAMP_B,2024-01-13,3000,2847
SCR_001,CAMP_B,2024-01-13,6000,3127
SCR_045,CAMP_B,2024-01-13,5000,5081
SCR_015,CAMP_B,2024-01-13,6000,5554
SCR_014,CAMP_B,2024-01-13,4000,4081
SCR_021,CAMP_B,2024-01-13,3000,2976
SCR_048,CAMP_B,2024-01-13,3000,2746
SCR_018,CAMP_B,2024-01-13,4000,4002
SCR_036,CAMP_B,2024-01-13,4000,3111
SCR_033,CAMP_B,2024-01-13,6000,6047
SCR_010,CAMP_B,2024-01-13,3000,2843
SCR_007,CAMP_B,2024-01-13,6000,5722
SCR_003,CAMP_B,2024-01-13,6000,5498
SCR_030,CAMP_B,2024-01-13,6000,5770
SCR_012,CAMP_B,2024-01-13,6000,5561
SCR_009,CAMP_C,2024-01-13,6000,5731
SCR_031,CAMP_C,2024-01-13,5000,4976
SCR_036,CAMP_C,2024-01-13,5000,4777
SCR_013,CAMP_C,2024-01-13,6000,5803
SCR_032,CAMP_C,2024-01-13,4000,3834
SCR_026,CAMP_C,2024-01-13,3000,3202
SCR_042,CAMP_C,2024-01-13,4000,4066
SCR_037,CAMP_C,2024-01-13,3000,3043
SCR_047,CAMP_C,2024-01-13,5000,4564
SCR_048,CAMP_C,2024-01-13,4000,3750
SCR_040,CAMP_C,2024-01-13,5000,4954
SCR_034,CAMP_C,2024-01-13,4000,3987
SCR_016,CAMP_C,2024-01-13,6000,5977
SCR_038,CAMP_C,2024-01-13,3000,2753
SCR_005,CAMP_C,2024-01-13,4000,3961
SCR_018,CAMP_C,2024-01-13,3000,3098
SCR_028,CAMP_C,2024-01-13,3000,2835
SCR_021,CAMP_C,2024-01-13,5000,4562
SCR_006,CAMP_C,2024-01-13,6000,5756
SCR_004,CAMP_C,2024-01-13,3000,2919
SCR_039,CAMP_D,2024-01-13,5000,4746
SCR_035,CAMP_D,2024-01-13,5000,4956
SCR_006,CAMP_D,2024-01-13,6000,6095
SCR_012,CAMP_D,2024-01-13,3000,3100
SCR_013,CAMP_D,2024-01-13,4000,4106
SCR_033,CAMP_D,2024-01-13,4000,4454
SCR_030,CAMP_D,2024-01-13,4000,3937
SCR_036,CAMP_D,2024-01-13,6000,6169
SCR_002,CAMP_D,2024-01-13,5000,4635
SCR_003,CAMP_D,2024-01-13,4000,3995
SCR_016,CAMP_D,2024-01-13,4000,3800
SCR_034,CAMP_D,2024-01-13,4000,4112
SCR_020,CAMP_D,2024-01-13,4000,3933
SCR_022,CAMP_D,2024-01-13,4000,3929
SCR_032,CAMP_D,2024-01-13,3000,3057
SCR_026,CAMP_D,2024-01-13,4000,4038
SCR_011,CAMP_D,2024-01-13,6000,5696
SCR_042,CAMP_D,2024-01-13,5000,4672
SCR_023,CAMP_D,2024-01-13,4000,4036
SCR_037,CAMP_D,2024-01-13,5000,4948
SCR_039,CAMP_E,2024-01-13,4000,3162
SCR_015,CAMP_E,2024-01-13,3000,3100
SCR_049,CAMP_E,2024-01-13,4000,4153
SCR_044,CAMP_E,2024-01-13,4000,3409
SCR_002,CAMP_E,2024-01-13,6000,5842
SCR_023,CAMP_E,2024-01-13,5000,5126
SCR_006,CAMP_E,2024-01-13,6000,5492
SCR_031,CAMP_E,2024-01-13,6000,5767
SCR_009,CAMP_E,2024-01-13,3000,2906
SCR_033,CAMP_E,2024-01-13,3000,2825
SCR_050,CAMP_E,2024-01-13,6000,5490
SCR_043,CAMP_E,2024-01-13,6000,5951
SCR_024,CAMP_E,2024-01-13,3000,2901
SCR_012,CAMP_E,2024-01-13,5000,4735
SCR_025,CAMP_E,2024-01-13,4000,3958
SCR_032,CAMP_E,2024-01-13,3000,3082
SCR_040,CAMP_E,2024-01-13,6000,5812
SCR_042,CAMP_E,2024-01-13,3000,2958
SCR_011,CAMP_E,2024-01-13,4000,3808
SCR_007,CAMP_E,2024-01-13,3000,2960
SCR_046,CAMP_A,2024-01-14,6000,3389
SCR_013,CAMP_A,2024-01-14,5000,4978
SCR_030,CAMP_A,2024-01-14,4000,3715
SCR_006,CAMP_A,2024-01-14,3000,2850
SCR_017,CAMP_A,2024-01-14,6000,5600
SCR_021,CAMP_A,2024-01-14,4000,3641
SCR_042,CAMP_A,2024-01-14,5000,3445
SCR_011,CAMP_A,2024-01-14,6000,5464
SCR_008,CAMP_A,2024-01-14,6000,5919
SCR_047,CAMP_A,2024-01-14,6000,5804
SCR_044,CAMP_A,2024-01-14,3000,2943
SCR_029,CAMP_A,2024-01-14,4000,2225
SCR_024,CAMP_A,2024-01-14,5000,4122
SCR_041,CAMP_A,2024-01-14,5000,4607
SCR_034,CAMP_A,2024-01-14,3000,2799
SCR_025,CAMP_A,2024-01-14,5000,4999
SCR_033,CAMP_A,2024-01-14,4000,4029
SCR_043,CAMP_A,2024-01-14,5000,4610
SCR_035,CAMP_A,2024-01-14,5000,5133
SCR_018,CAMP_A,2024-01-14,3000,3058
SCR_005,CAMP_B,2024-01-14,5000,4923
SCR_019,CAMP_B,2024-01-14,5000,4949
SCR_031,CAMP_B,2024-01-14,6000,5952
SCR_009,CAMP_B,2024-01-14,6000,6149
SCR_008,CAMP_B,2024-01-14,4000,4149
SCR_045,CAMP_B,2024-01-14,3000,3375
SCR_018,CAMP_B,2024-01-14,3000,2810
SCR_022,CAMP_B,2024-01-14,6000,5720
SCR_034,CAMP_B,2024-01-14,4000,2305
SCR_027,CAMP_B,2024-01-14,5000,4594
SCR_042,CAMP_B,2024-01-14,5000,4760
SCR_014,CAMP_B,2024-01-14,3000,3319
SCR_039,CAMP_B,2024-01-14,6000,5940
SCR_004,CAMP_B,2024-01-14,3000,2805
SCR_007,CAMP_B,2024-01-14,5000,4861
SCR_040,CAMP_B,2024-01-14,6000,5963
SCR_006,CAMP_B,2024-01-14,6000,5819
SCR_048,CAMP_B,2024-01-14,5000,5079
SCR_049,CAMP_B,2024-01-14,3000,2846
SCR_038,CAMP_B,2024-01-14,5000,4562
SCR_037,CAMP_C,2024-01-14,6000,7096
SCR_044,CAMP_C,2024-01-14,5000,5167
SCR_022,CAMP_C,2024-01-14,4000,3731
SCR_023,CAMP_C,2024-01-14,5000,5055
SCR_005,CAMP_C,2024-01-14,3000,2739
SCR_010,CAMP_C,2024-01-14,6000,5580
SCR_018,CAMP_C,2024-01-14,5000,5026
SCR_002,CAMP_C,2024-01-14,5000,4643
SCR_048,CAMP_C,2024-01-14,3000,3095
SCR_025,CAMP_C,2024-01-14,4000,3659
SCR_035,CAMP_C,2024-01-14,6000,5867
SCR_011,CAMP_C,2024-01-14,3000,2747
SCR_050,CAMP_C,2024-01-14,3000,3076
SCR_041,CAMP_C,2024-01-14,3000,2987
SCR_012,CAMP_C,2024-01-14,5000,3941
SCR_008,CAMP_C,2024-01-14,4000,3740
SCR_020,CAMP_C,2024-01-14,5000,5052
SCR_021,CAMP_C,2024-01-14,3000,2791
SCR_003,CAMP_C,2024-01-14,3000,2210
SCR_009,CAMP_C,2024-01-14,3000,2866
SCR_021,CAMP_D,2024-01-14,6000,3972
SCR_018,CAMP_D,2024-01-14,4000,4103
SCR_010,CAMP_D,2024-01-14,6000,5703
SCR_046,CAMP_D,2024-01-14,4000,3988
SCR_019,CAMP_D,2024-01-14,3000,3024
SCR_037,CAMP_D,2024-01-14,6000,5532
SCR_016,CAMP_D,2024-01-14,6000,6620
SCR_011,CAMP_D,2024-01-14,6000,6199
SCR_005,CAMP_D,2024-01-14,4000,3960
SCR_020,CAMP_D,2024-01-14,5000,5004
SCR_040,CAMP_D,2024-01-14,5000,5123
SCR_022,CAMP_D,2024-01-14,6000,5510
SCR_035,CAMP_D,2024-01-14,3000,2909
SCR_029,CAMP_D,2024-01-14,4000,3821
SCR_004,CAMP_D,2024-01-14,4000,3850
SCR_009,CAMP_D,2024-01-14,3000,2983
SCR_002,CAMP_D,2024-01-14,5000,4810
SCR_031,CAMP_D,2024-01-14,6000,5650
SCR_036,CAMP_D,2024-01-14,4000,3839
SCR_032,CAMP_D,2024-01-14,5000,5001
SCR_028,CAMP_E,2024-01-14,6000,3247
SCR_050,CAMP_E,2024-01-14,6000,5963
SCR_037,CAMP_E,2024-01-14,3000,3523
SCR_022,CAMP_E,2024-01-14,3000,2987
SCR_035,CAMP_E,2024-01-14,6000,5764
SCR_045,CAMP_E,2024-01-14,6000,5991
SCR_016,CAMP_E,2024-01-14,5000,5066
SCR_012,CAMP_E,2024-01-14,5000,5158
SCR_005,CAMP_E,2024-01-14,5000,4928
SCR_048,CAMP_E,2024-01-14,6000,6124
SCR_032,CAMP_E,2024-01-14,3000,2944
SCR_008,CAMP_E,2024-01-14,3000,2138
SCR_038,CAMP_E,2024-01-14,5000,5497
SCR_030,CAMP_E,2024-01-14,3000,3003
SCR_021,CAMP_E,2024-01-14,6000,6015
SCR_007,CAMP_E,2024-01-14,6000,5885
SCR_029,CAMP_E,2024-01-14,4000,3737
SCR_043,CAMP_E,2024-01-14,6000,5741
SCR_020,CAMP_E,2024-01-14,6000,6238
SCR_031,CAMP_E,2024-01-14,4000,3677
SCR_002,CAMP_A,2024-01-15,4000,3954
SCR_010,CAMP_A,2024-01-15,6000,5644
SCR_047,CAMP_A,2024-01-15,5000,4905
SCR_032,CAMP_A,2024-01-15,5000,2571
SCR_043,CAMP_A,2024-01-15,6000,5548
SCR_028,CAMP_A,2024-01-15,6000,5522
SCR_009,CAMP_A,2024-01-15,5000,4600
SCR_006,CAMP_A,2024-01-15,3000,2975
SCR_044,CAMP_A,2024-01-15,3000,2940
SCR_027,CAMP_A,2024-01-15,5000,5137
SCR_030,CAMP_A,2024-01-15,3000,2929
SCR_039,CAMP_A,2024-01-15,6000,5718
SCR_045,CAMP_A,2024-01-15,5000,5068
SCR_012,CAMP_A,2024-01-15,5000,5001
SCR_040,CAMP_A,2024-01-15,5000,4916
SCR_033,CAMP_A,2024-01-15,3000,2955
SCR_038,CAMP_A,2024-01-15,3000,2843
SCR_029,CAMP_A,2024-01-15,3000,2762
SCR_025,CAMP_A,2024-01-15,3000,2838
SCR_037,CAMP_A,2024-01-15,4000,3783
SCR_017,CAMP_B,2024-01-15,4000,4067
SCR_001,CAMP_B,2024-01-15,6000,5782
SCR_048,CAMP_B,2024-01-15,6000,5803
SCR_008,CAMP_B,2024-01-15,4000,4021
SCR_039,CAMP_B,2024-01-15,5000,3002
SCR_012,CAMP_B,2024-01-15,3000,2028
SCR_038,CAMP_B,2024-01-15,6000,6041
SCR_010,CAMP_B,2024-01-15,4000,4006
SCR_029,CAMP_B,2024-01-15,6000,5873
SCR_024,CAMP_B,2024-01-15,6000,5114
SCR_045,CAMP_B,2024-01-15,6000,5706
SCR_050,CAMP_B,2024-01-15,3000,3403
SCR_016,CAMP_B,2024-01-15,5000,4830
SCR_032,CAMP_B,2024-01-15,5000,4723
SCR_040,CAMP_B,2024-01-15,3000,2957
SCR_034,CAMP_B,2024-01-15,6000,6044
SCR_003,CAMP_B,2024-01-15,4000,3992
SCR_022,CAMP_B,2024-01-15,4000,3645
SCR_006,CAMP_B,2024-01-15,3000,2734
SCR_031,CAMP_B,2024-01-15,3000,2997
SCR_023,CAMP_C,2024-01-15,3000,2828
SCR_015,CAMP_C,2024-01-15,6000,5519
SCR_047,CAMP_C,2024-01-15,6000,5675
SCR_019,CAMP_C,2024-01-15,6000,5980
SCR_017,CAMP_C,2024-01-15,5000,5057
SCR_013,CAMP_C,2024-01-15,5000,4798
SCR_003,CAMP_C,2024-01-15,5000,4717
SCR_002,CAMP_C,2024-01-15,5000,4595
SCR_040,CAMP_C,2024-01-15,4000,3732
SCR_006,CAMP_C,2024-01-15,6000,6814
SCR_004,CAMP_C,2024-01-15,6000,5961
SCR_039,CAMP_C,2024-01-15,6000,5540
SCR_014,CAMP_C,2024-01-15,3000,2329
SCR_008,CAMP_C,2024-01-15,6000,4134
SCR_037,CAMP_C,2024-01-15,3000,2989
SCR_041,CAMP_C,2024-01-15,5000,4764
SCR_009,CAMP_C,2024-01-15,6000,5861
SCR_025,CAMP_C,2024-01-15,6000,5775
SCR_012,CAMP_C,2024-01-15,3000,2731
SCR_029,CAMP_C,2024-01-15,6000,5877
SCR_023,CAMP_D,2024-01-15,4000,3842
SCR_022,CAMP_D,2024-01-15,3000,2870
SCR_044,CAMP_D,2024-01-15,3000,2900
SCR_020,CAMP_D,2024-01-15,4000,3740
SCR_026,CAMP_D,2024-01-15,4000,3672
SCR_004,CAMP_D,2024-01-15,5000,5177
SCR_041,CAMP_D,2024-01-15,6000,5472
SCR_042,CAMP_D,2024-01-15,5000,3996
SCR_006,CAMP_D,2024-01-15,3000,2812
SCR_024,CAMP_D,2024-01-15,6000,6138
SCR_035,CAMP_D,2024-01-15,4000,3761
SCR_049,CAMP_D,2024-01-15,3000,1661
SCR_043,CAMP_D,2024-01-15,3000,3088
SCR_030,CAMP_D,2024-01-15,3000,2983
SCR_019,CAMP_D,2024-01-15,3000,2749
SCR_013,CAMP_D,2024-01-15,5000,4613
SCR_012,CAMP_D,2024-01-15,4000,3673
SCR_003,CAMP_D,2024-01-15,3000,3429
SCR_025,CAMP_D,2024-01-15,4000,2308
SCR_039,CAMP_D,2024-01-15,5000,5188
SCR_044,CAMP_E,2024-01-15,5000,4835
SCR_026,CAMP_E,2024-01-15,3000,3038
SCR_021,CAMP_E,2024-01-15,6000,5472
SCR_008,CAMP_E,2024-01-15,6000,6366
SCR_050,CAMP_E,2024-01-15,3000,2961
SCR_037,CAMP_E,2024-01-15,5000,5074
SCR_035,CAMP_E,2024-01-15,6000,5620
SCR_009,CAMP_E,2024-01-15,5000,4817
SCR_048,CAMP_E,2024-01-15,4000,3659
SCR_014,CAMP_E,2024-01-15,4000,3958
SCR_003,CAMP_E,2024-01-15,3000,3035
SCR_038,CAMP_E,2024-01-15,5000,4912
SCR_012,CAMP_E,2024-01-15,4000,4536
SCR_022,CAMP_E,2024-01-15,3000,3066
SCR_005,CAMP_E,2024-01-15,4000,3965
SCR_047,CAMP_E,2024-01-15,4000,3740
SCR_018,CAMP_E,2024-01-15,4000,4143
SCR_010,CAMP_E,2024-01-15,6000,5584
SCR_027,CAMP_E,2024-01-15,3000,1915
SCR_006,CAMP_E,2024-01-15,4000,3813
SCR_049,CAMP_A,2024-01-16,3000,2768
SCR_030,CAMP_A,2024-01-16,6000,5752
SCR_003,CAMP_A,2024-01-16,4000,2889
SCR_007,CAMP_A,2024-01-16,3000,2786
SCR_004,CAMP_A,2024-01-16,6000,5751
SCR_035,CAMP_A,2024-01-16,6000,5952
SCR_012,CAMP_A,2024-01-16,5000,4632
SCR_011,CAMP_A,2024-01-16,3000,2773
SCR_002,CAMP_A,2024-01-16,6000,5593
SCR_032,CAMP_A,2024-01-16,5000,4741
SCR_033,CAMP_A,2024-01-16,4000,3971
SCR_008,CAMP_A,2024-01-16,4000,3927
SCR_005,CAMP_A,2024-01-16,4000,4719
SCR_016,CAMP_A,2024-01-16,6000,5628
SCR_029,CAMP_A,2024-01-16,6000,5677
SCR_021,CAMP_A,2024-01-16,6000,5652
SCR_027,CAMP_A,2024-01-16,5000,4694
SCR_013,CAMP_A,2024-01-16,4000,4107
SCR_045,CAMP_A,2024-01-16,6000,5491
SCR_039,CAMP_A,2024-01-16,6000,5853
SCR_028,CAMP_B,2024-01-16,6000,5586
SCR_034,CAMP_B,2024-01-16,6000,6042
SCR_026,CAMP_B,2024-01-16,3000,2910
SCR_031,CAMP_B,2024-01-16,4000,3850
SCR_045,CAMP_B,2024-01-16,5000,5007
SCR_007,CAMP_B,2024-01-16,3000,2757
SCR_029,CAMP_B,2024-01-16,5000,4742
SCR_032,CAMP_B,2024-01-16,5000,4948
SCR_016,CAMP_B,2024-01-16,4000,3682
SCR_006,CAMP_B,2024-01-16,5000,4585
SCR_036,CAMP_B,2024-01-16,5000,4622
SCR_001,CAMP_B,2024-01-16,5000,4576
SCR_027,CAMP_B,2024-01-16,5000,4913
SCR_014,CAMP_B,2024-01-16,3000,3031
SCR_009,CAMP_B,2024-01-16,4000,3764
SCR_023,CAMP_B,2024-01-16,3000,3017
SCR_019,CAMP_B,2024-01-16,4000,4035
SCR_042,CAMP_B,2024-01-16,5000,4723
SCR_041,CAMP_B,2024-01-16,6000,5509
SCR_039,CAMP_B,2024-01-16,5000,4875
SCR_008,CAMP_C,2024-01-16,4000,4002
SCR_031,CAMP_C,2024-01-16,6000,5619
SCR_046,CAMP_C,2024-01-16,3000,3108
SCR_035,CAMP_C,2024-01-16,4000,3858
SCR_044,CAMP_C,2024-01-16,3000,2754
SCR_047,CAMP_C,2024-01-16,4000,3910
SCR_019,CAMP_C,2024-01-16,5000,4772
SCR_029,CAMP_C,2024-01-16,5000,4982
SCR_040,CAMP_C,2024-01-16,6000,5902
SCR_024,CAMP_C,2024-01-16,5000,4719
SCR_005,CAMP_C,2024-01-16,6000,5684
SCR_013,CAMP_C,2024-01-16,3000,2840
SCR_030,CAMP_C,2024-01-16,4000,3723
SCR_006,CAMP_C,2024-01-16,5000,4663
SCR_037,CAMP_C,2024-01-16,4000,3700
SCR_026,CAMP_C,2024-01-16,5000,4836
SCR_012,CAMP_C,2024-01-16,5000,4915
SCR_048,CAMP_C,2024-01-16,3000,3111
SCR_042,CAMP_C,2024-01-16,4000,3920
SCR_004,CAMP_C,2024-01-16,4000,3703
SCR_002,CAMP_D,2024-01-16,3000,2944
SCR_026,CAMP_D,2024-01-16,5000,3673
SCR_032,CAMP_D,2024-01-16,4000,3688
SCR_010,CAMP_D,2024-01-16,3000,2806
SCR_030,CAMP_D,2024-01-16,4000,4038
SCR_021,CAMP_D,2024-01-16,4000,2818
SCR_047,CAMP_D,2024-01-16,6000,6206
SCR_001,CAMP_D,2024-01-16,6000,5707
SCR_035,CAMP_D,2024-01-16,3000,2870
SCR_033,CAMP_D,2024-01-16,4000,3862
SCR_022,CAMP_D,2024-01-16,6000,5682
SCR_019,CAMP_D,2024-01-16,5000,4839
SCR_031,CAMP_D,2024-01-16,3000,3076
SCR_039,CAMP_D,2024-01-16,6000,5685
SCR_044,CAMP_D,2024-01-16,6000,5783
SCR_029,CAMP_D,2024-01-16,3000,2848
SCR_040,CAMP_D,2024-01-16,5000,4324
SCR_008,CAMP_D,2024-01-16,6000,6703
SCR_038,CAMP_D,2024-01-16,5000,4911
SCR_042,CAMP_D,2024-01-16,4000,4072
SCR_019,CAMP_E,2024-01-16,4000,3997
SCR_036,CAMP_E,2024-01-16,4000,3162
SCR_032,CAMP_E,2024-01-16,6000,5512
SCR_003,CAMP_E,2024-01-16,5000,4917
SCR_020,CAMP_E,2024-01-16,5000,4859
SCR_038,CAMP_E,2024-01-16,3000,3015
SCR_046,CAMP_E,2024-01-16,3000,2793
SCR_048,CAMP_E,2024-01-16,3000,2909
SCR_049,CAMP_E,2024-01-16,4000,3667
SCR_030,CAMP_E,2024-01-16,5000,5142
SCR_015,CAMP_E,2024-01-16,5000,3054
SCR_002,CAMP_E,2024-01-16,3000,3028
SCR_001,CAMP_E,2024-01-16,4000,3951
SCR_010,CAMP_E,2024-01-16,4000,4093
SCR_017,CAMP_E,2024-01-16,5000,5003
SCR_044,CAMP_E,2024-01-16,5000,5706
SCR_031,CAMP_E,2024-01-16,4000,2787
SCR_008,CAMP_E,2024-01-16,5000,4817
SCR_050,CAMP_E,2024-01-16,4000,4326
SCR_014,CAMP_E,2024-01-16,4000,4053
SCR_036,CAMP_A,2024-01-17,5000,4748
SCR_040,CAMP_A,2024-01-17,3000,3064
SCR_045,CAMP_A,2024-01-17,4000,3799
SCR_034,CAMP_A,2024-01-17,4000,3680
SCR_035,CAMP_A,2024-01-17,3000,2383
SCR_050,CAMP_A,2024-01-17,6000,3245
SCR_008,CAMP_A,2024-01-17,3000,3084
SCR_027,CAMP_A,2024-01-17,3000,2261
SCR_030,CAMP_A,2024-01-17,3000,3088
SCR_005,CAMP_A,2024-01-17,4000,3744
SCR_044,CAMP_A,2024-01-17,5000,2776
SCR_009,CAMP_A,2024-01-17,5000,4776
SCR_002,CAMP_A,2024-01-17,4000,4046
SCR_031,CAMP_A,2024-01-17,4000,3675
SCR_023,CAMP_A,2024-01-17,3000,3009
SCR_020,CAMP_A,2024-01-17,5000,5040
SCR_024,CAMP_A,2024-01-17,3000,2768
SCR_039,CAMP_A,2024-01-17,4000,4082
SCR_029,CAMP_A,2024-01-17,6000,5919
SCR_032,CAMP_A,2024-01-17,6000,5543
SCR_023,CAMP_B,2024-01-17,6000,6598
SCR_025,CAMP_B,2024-01-17,5000,5096
SCR_028,CAMP_B,2024-01-17,4000,3791
SCR_014,CAMP_B,2024-01-17,6000,5514
SCR_033,CAMP_B,2024-01-17,6000,5746
SCR_015,CAMP_B,2024-01-17,3000,2921
SCR_027,CAMP_B,2024-01-17,3000,2933
SCR_008,CAMP_B,2024-01-17,3000,3345
SCR_021,CAMP_B,2024-01-17,3000,3078
SCR_043,CAMP_B,2024-01-17,4000,3482
SCR_030,CAMP_B,2024-01-17,5000,5098
SCR_041,CAMP_B,2024-01-17,6000,6113
SCR_034,CAMP_B,2024-01-17,6000,6016
SCR_009,CAMP_B,2024-01-17,5000,5070
SCR_032,CAMP_B,2024-01-17,6000,5980
SCR_024,CAMP_B,2024-01-17,6000,5858
SCR_019,CAMP_B,2024-01-17,4000,3696
SCR_003,CAMP_B,2024-01-17,5000,4700
SCR_006,CAMP_B,2024-01-17,4000,3121
SCR_011,CAMP_B,2024-01-17,3000,2740
SCR_012,CAMP_C,2024-01-17,5000,4901
SCR_025,CAMP_C,2024-01-17,3000,2742
SCR_039,CAMP_C,2024-01-17,6000,5552
SCR_044,CAMP_C,2024-01-17,6000,5753
SCR_021,CAMP_C,2024-01-17,6000,3403
SCR_010,CAMP_C,2024-01-17,5000,4656
SCR_020,CAMP_C,2024-01-17,6000,6018
SCR_040,CAMP_C,2024-01-17,6000,5903
SCR_043,CAMP_C,2024-01-17,6000,5994
SCR_007,CAMP_C,2024-01-17,6000,6126
SCR_005,CAMP_C,2024-01-17,3000,2922
SCR_034,CAMP_C,2024-01-17,6000,5735
SCR_032,CAMP_C,2024-01-17,5000,4568
SCR_030,CAMP_C,2024-01-17,3000,2872
SCR_013,CAMP_C,2024-01-17,3000,2973
SCR_019,CAMP_C,2024-01-17,6000,6649
SCR_038,CAMP_C,2024-01-17,5000,4586
SCR_048,CAMP_C,2024-01-17,4000,3977
SCR_017,CAMP_C,2024-01-17,3000,2755
SCR_018,CAMP_C,2024-01-17,5000,5418
SCR_035,CAMP_D,2024-01-17,6000,6927
SCR_021,CAMP_D,2024-01-17,5000,5077
SCR_003,CAMP_D,2024-01-17,5000,4744
SCR_030,CAMP_D,2024-01-17,6000,5955
SCR_043,CAMP_D,2024-01-17,3000,2938
SCR_028,CAMP_D,2024-01-17,5000,4743
SCR_037,CAMP_D,2024-01-17,6000,5947
SCR_033,CAMP_D,2024-01-17,3000,2955
SCR_027,CAMP_D,2024-01-17,5000,4918
SCR_018,CAMP_D,2024-01-17,6000,5730
SCR_002,CAMP_D,2024-01-17,3000,2847
SCR_031,CAMP_D,2024-01-17,5000,4900
SCR_038,CAMP_D,2024-01-17,4000,3770
SCR_040,CAMP_D,2024-01-17,6000,5887
SCR_049,CAMP_D,2024-01-17,3000,2931
SCR_025,CAMP_D,2024-01-17,4000,3750
SCR_050,CAMP_D,2024-01-17,6000,5957
SCR_036,CAMP_D,2024-01-17,6000,6026
SCR_007,CAMP_D,2024-01-17,3000,2872
SCR_026,CAMP_D,2024-01-17,4000,4028
SCR_049,CAMP_E,2024-01-17,4000,3801
SCR_020,CAMP_E,2024-01-17,6000,5800
SCR_028,CAMP_E,2024-01-17,3000,2836
SCR_027,CAMP_E,2024-01-17,3000,3043
SCR_021,CAMP_E,2024-01-17,4000,3661
SCR_005,CAMP_E,2024-01-17,6000,5503
SCR_041,CAMP_E,2024-01-17,3000,2846
SCR_014,CAMP_E,2024-01-17,3000,2888
SCR_047,CAMP_E,2024-01-17,5000,5125
SCR_018,CAMP_E,2024-01-17,6000,6024
SCR_019,CAMP_E,2024-01-17,4000,3936
SCR_011,CAMP_E,2024-01-17,3000,3053
SCR_017,CAMP_E,2024-01-17,5000,4608
SCR_016,CAMP_E,2024-01-17,3000,2852
SCR_026,CAMP_E,2024-01-17,6000,6040
SCR_037,CAMP_E,2024-01-17,6000,5543
SCR_008,CAMP_E,2024-01-17,4000,3868
SCR_010,CAMP_E,2024-01-17,5000,4586
SCR_013,CAMP_E,2024-01-17,5000,4623
SCR_001,CAMP_E,2024-01-17,6000,5652
SCR_018,CAMP_A,2024-01-18,4000,3842
SCR_010,CAMP_A,2024-01-18,6000,6175
SCR_024,CAMP_A,2024-01-18,5000,5875
SCR_031,CAMP_A,2024-01-18,4000,4086
SCR_046,CAMP_A,2024-01-18,4000,3968
SCR_048,CAMP_A,2024-01-18,6000,5673
SCR_020,CAMP_A,2024-01-18,3000,3096
SCR_002,CAMP_A,2024-01-18,6000,6182
SCR_042,CAMP_A,2024-01-18,5000,5119
SCR_039,CAMP_A,2024-01-18,3000,3002
SCR_003,CAMP_A,2024-01-18,3000,2964
SCR_004,CAMP_A,2024-01-18,5000,4567
SCR_016,CAMP_A,2024-01-18,3000,2801
SCR_017,CAMP_A,2024-01-18,6000,5566
SCR_036,CAMP_A,2024-01-18,6000,5698
SCR_025,CAMP_A,2024-01-18,3000,3284
SCR_044,CAMP_A,2024-01-18,4000,3996
SCR_045,CAMP_A,2024-01-18,5000,5117
SCR_008,CAMP_A,2024-01-18,4000,3997
SCR_050,CAMP_A,2024-01-18,5000,4679
SCR_027,CAMP_B,2024-01-18,6000,5576
SCR_024,CAMP_B,2024-01-18,5000,4918
SCR_012,CAMP_B,2024-01-18,3000,2899
SCR_026,CAMP_B,2024-01-18,6000,5845
SCR_025,CAMP_B,2024-01-18,4000,3739
SCR_037,CAMP_B,2024-01-18,5000,4871
SCR_015,CAMP_B,2024-01-18,4000,3747
SCR_002,CAMP_B,2024-01-18,4000,3787
SCR_043,CAMP_B,2024-01-18,4000,3852
SCR_036,CAMP_B,2024-01-18,4000,3483
SCR_040,CAMP_B,2024-01-18,4000,4111
SCR_044,CAMP_B,2024-01-18,5000,4970
SCR_006,CAMP_B,2024-01-18,3000,1651
SCR_030,CAMP_B,2024-01-18,5000,4808
SCR_013,CAMP_B,2024-01-18,4000,4008
SCR_017,CAMP_B,2024-01-18,5000,3558
SCR_011,CAMP_B,2024-01-18,3000,2821
SCR_004,CAMP_B,2024-01-18,5000,5160
SCR_047,CAMP_B,2024-01-18,3000,2075
SCR_020,CAMP_B,2024-01-18,6000,5767
SCR_024,CAMP_C,2024-01-18,5000,2742
SCR_009,CAMP_C,2024-01-18,5000,5152
SCR_036,CAMP_C,2024-01-18,5000,4721
SCR_003,CAMP_C,2024-01-18,5000,4833
SCR_038,CAMP_C,2024-01-18,4000,4157
SCR_012,CAMP_C,2024-01-18,4000,4119
SCR_017,CAMP_C,2024-01-18,6000,3338
SCR_011,CAMP_C,2024-01-18,4000,3884
SCR_033,CAMP_C,2024-01-18,4000,3866
SCR_032,CAMP_C,2024-01-18,6000,3812
SCR_022,CAMP_C,2024-01-18,6000,5547
SCR_030,CAMP_C,2024-01-18,4000,3688
SCR_049,CAMP_C,2024-01-18,5000,4659
SCR_006,CAMP_C,2024-01-18,5000,4981
SCR_021,CAMP_C,2024-01-18,4000,4145
SCR_034,CAMP_C,2024-01-18,4000,3679
SCR_028,CAMP_C,2024-01-18,6000,6152
SCR_010,CAMP_C,2024-01-18,3000,3112
SCR_044,CAMP_C,2024-01-18,3000,2960
SCR_004,CAMP_C,2024-01-18,3000,2789
SCR_006,CAMP_D,2024-01-18,3000,2943
SCR_030,CAMP_D,2024-01-18,6000,6574
SCR_046,CAMP_D,2024-01-18,4000,4090
SCR_043,CAMP_D,2024-01-18,3000,1737
SCR_031,CAMP_D,2024-01-18,6000,5682
SCR_049,CAMP_D,2024-01-18,4000,3895
SCR_041,CAMP_D,2024-01-18,6000,6178
SCR_018,CAMP_D,2024-01-18,4000,3689
SCR_039,CAMP_D,2024-01-18,5000,4868
SCR_001,CAMP_D,2024-01-18,6000,5899
SCR_022,CAMP_D,2024-01-18,6000,6714
SCR_003,CAMP_D,2024-01-18,5000,4832
SCR_029,CAMP_D,2024-01-18,6000,6791
SCR_021,CAMP_D,2024-01-18,6000,5965
SCR_009,CAMP_D,2024-01-18,4000,3914
SCR_014,CAMP_D,2024-01-18,3000,2900
SCR_004,CAMP_D,2024-01-18,6000,6227
SCR_019,CAMP_D,2024-01-18,5000,4890
SCR_037,CAMP_D,2024-01-18,5000,4908
SCR_026,CAMP_D,2024-01-18,3000,2929
SCR_027,CAMP_E,2024-01-18,5000,5020
SCR_007,CAMP_E,2024-01-18,6000,5666
SCR_030,CAMP_E,2024-01-18,4000,3680
SCR_043,CAMP_E,2024-01-18,5000,4619
SCR_037,CAMP_E,2024-01-18,3000,1633
SCR_017,CAMP_E,2024-01-18,4000,3879
SCR_023,CAMP_E,2024-01-18,6000,6213
SCR_045,CAMP_E,2024-01-18,6000,6094
SCR_038,CAMP_E,2024-01-18,5000,5176
SCR_006,CAMP_E,2024-01-18,6000,5528
SCR_033,CAMP_E,2024-01-18,4000,2170
SCR_002,CAMP_E,2024-01-18,3000,2803
SCR_008,CAMP_E,2024-01-18,3000,2982
SCR_048,CAMP_E,2024-01-18,4000,3965
SCR_012,CAMP_E,2024-01-18,4000,4671
SCR_036,CAMP_E,2024-01-18,4000,3651
SCR_026,CAMP_E,2024-01-18,4000,4024
SCR_003,CAMP_E,2024-01-18,6000,5827
SCR_041,CAMP_E,2024-01-18,6000,5617
SCR_014,CAMP_E,2024-01-18,6000,3017
SCR_041,CAMP_A,2024-01-19,5000,4724
SCR_046,CAMP_A,2024-01-19,6000,5551
SCR_028,CAMP_A,2024-01-19,5000,4833
SCR_027,CAMP_A,2024-01-19,4000,3739
SCR_032,CAMP_A,2024-01-19,5000,4879
SCR_038,CAMP_A,2024-01-19,5000,5104
SCR_039,CAMP_A,2024-01-19,6000,5688
SCR_036,CAMP_A,2024-01-19,6000,6109
SCR_019,CAMP_A,2024-01-19,5000,5069
SCR_003,CAMP_A,2024-01-19,4000,3786
SCR_049,CAMP_A,2024-01-19,3000,2780
SCR_026,CAMP_A,2024-01-19,4000,3895
SCR_040,CAMP_A,2024-01-19,6000,5845
SCR_033,CAMP_A,2024-01-19,4000,3664
SCR_045,CAMP_A,2024-01-19,3000,2831
SCR_015,CAMP_A,2024-01-19,4000,4086
SCR_004,CAMP_A,2024-01-19,3000,2861
SCR_002,CAMP_A,2024-01-19,3000,2777
SCR_048,CAMP_A,2024-01-19,4000,4156
SCR_042,CAMP_A,2024-01-19,5000,5050
SCR_036,CAMP_B,2024-01-19,3000,3085
SCR_018,CAMP_B,2024-01-19,4000,4008
SCR_010,CAMP_B,2024-01-19,6000,5537
SCR_045,CAMP_B,2024-01-19,5000,4639
SCR_033,CAMP_B,2024-01-19,4000,3856
SCR_039,CAMP_B,2024-01-19,3000,3045
SCR_043,CAMP_B,2024-01-19,5000,4661
SCR_007,CAMP_B,2024-01-19,5000,5040
SCR_004,CAMP_B,2024-01-19,5000,4709
SCR_029,CAMP_B,2024-01-19,6000,5567
SCR_030,CAMP_B,2024-01-19,6000,5779
SCR_008,CAMP_B,2024-01-19,6000,5862
SCR_044,CAMP_B,2024-01-19,5000,4837
SCR_038,CAMP_B,2024-01-19,3000,2931
SCR_050,CAMP_B,2024-01-19,3000,3312
SCR_003,CAMP_B,2024-01-19,4000,3844
SCR_046,CAMP_B,2024-01-19,3000,2980
SCR_037,CAMP_B,2024-01-19,3000,3112
SCR_011,CAMP_B,2024-01-19,5000,5125
SCR_021,CAMP_B,2024-01-19,5000,4753
SCR_023,CAMP_C,2024-01-19,4000,3921
SCR_001,CAMP_C,2024-01-19,4000,4549
SCR_018,CAMP_C,2024-01-19,5000,4654
SCR_034,CAMP_C,2024-01-19,3000,2940
SCR_040,CAMP_C,2024-01-19,5000,5053
SCR_010,CAMP_C,2024-01-19,6000,5546
SCR_026,CAMP_C,2024-01-19,3000,2831
SCR_029,CAMP_C,2024-01-19,5000,5041
SCR_042,CAMP_C,2024-01-19,3000,2953
SCR_014,CAMP_C,2024-01-19,3000,3113
SCR_035,CAMP_C,2024-01-19,4000,3787
SCR_043,CAMP_C,2024-01-19,4000,3910
SCR_050,CAMP_C,2024-01-19,4000,4529
SCR_044,CAMP_C,2024-01-19,4000,3827
SCR_013,CAMP_C,2024-01-19,3000,2896
SCR_020,CAMP_C,2024-01-19,6000,6412
SCR_006,CAMP_C,2024-01-19,4000,3872
SCR_003,CAMP_C,2024-01-19,5000,4811
SCR_022,CAMP_C,2024-01-19,6000,5915
SCR_036,CAMP_C,2024-01-19,6000,5997
SCR_032,CAMP_D,2024-01-19,3000,2889
SCR_047,CAMP_D,2024-01-19,3000,2842
SCR_027,CAMP_D,2024-01-19,4000,4410
SCR_011,CAMP_D,2024-01-19,5000,4865
SCR_010,CAMP_D,2024-01-19,4000,3946
SCR_033,CAMP_D,2024-01-19,3000,2849
SCR_009,CAMP_D,2024-01-19,5000,5082
SCR_050,CAMP_D,2024-01-19,6000,4248
SCR_030,CAMP_D,2024-01-19,3000,2892
SCR_044,CAMP_D,2024-01-19,5000,5135
SCR_045,CAMP_D,2024-01-19,6000,6021
SCR_034,CAMP_D,2024-01-19,4000,3902
SCR_008,CAMP_D,2024-01-19,6000,5980
SCR_014,CAMP_D,2024-01-19,4000,3809
SCR_042,CAMP_D,2024-01-19,6000,6162
SCR_031,CAMP_D,2024-01-19,5000,5172
SCR_003,CAMP_D,2024-01-19,6000,5963
SCR_049,CAMP_D,2024-01-19,4000,3937
SCR_024,CAMP_D,2024-01-19,5000,4630
SCR_036,CAMP_D,2024-01-19,3000,2971
SCR_037,CAMP_E,2024-01-19,3000,3094
SCR_049,CAMP_E,2024-01-19,5000,4819
SCR_004,CAMP_E,2024-01-19,5000,4609
SCR_050,CAMP_E,2024-01-19,3000,2841
SCR_034,CAMP_E,2024-01-19,4000,3686
SCR_013,CAMP_E,2024-01-19,5000,4991
SCR_031,CAMP_E,2024-01-19,3000,2856
SCR_033,CAMP_E,2024-01-19,3000,2846
SCR_002,CAMP_E,2024-01-19,3000,2891
SCR_008,CAMP_E,2024-01-19,5000,5162
SCR_035,CAMP_E,2024-01-19,3000,1773
SCR_012,CAMP_E,2024-01-19,4000,4031
SCR_042,CAMP_E,2024-01-19,6000,5670
SCR_018,CAMP_E,2024-01-19,5000,4814
SCR_014,CAMP_E,2024-01-19,6000,4444
SCR_016,CAMP_E,2024-01-19,3000,3105
SCR_029,CAMP_E,2024-01-19,3000,2946
SCR_006,CAMP_E,2024-01-19,4000,3851
SCR_021,CAMP_E,2024-01-19,3000,2925
SCR_045,CAMP_E,2024-01-19,4000,4152
SCR_016,CAMP_A,2024-01-20,5000,3904
SCR_035,CAMP_A,2024-01-20,3000,2884
SCR_028,CAMP_A,2024-01-20,3000,3012
SCR_036,CAMP_A,2024-01-20,5000,4687
SCR_029,CAMP_A,2024-01-20,5000,5164
SCR_003,CAMP_A,2024-01-20,5000,5010
SCR_001,CAMP_A,2024-01-20,5000,5188
SCR_030,CAMP_A,2024-01-20,5000,5173
SCR_040,CAMP_A,2024-01-20,5000,3814
SCR_019,CAMP_A,2024-01-20,3000,2731
SCR_011,CAMP_A,2024-01-20,3000,2891
SCR_044,CAMP_A,2024-01-20,6000,5879
SCR_004,CAMP_A,2024-01-20,3000,3078
SCR_031,CAMP_A,2024-01-20,6000,5735
SCR_018,CAMP_A,2024-01-20,6000,5739
SCR_017,CAMP_A,2024-01-20,4000,4062
SCR_025,CAMP_A,2024-01-20,3000,2874
SCR_023,CAMP_A,2024-01-20,4000,3755
SCR_014,CAMP_A,2024-01-20,3000,2995
SCR_041,CAMP_A,2024-01-20,5000,5080
SCR_041,CAMP_B,2024-01-20,4000,3934
SCR_020,CAMP_B,2024-01-20,4000,2194
SCR_046,CAMP_B,2024-01-20,3000,3094
SCR_015,CAMP_B,2024-01-20,4000,4019
SCR_047,CAMP_B,2024-01-20,5000,4990
SCR_032,CAMP_B,2024-01-20,5000,5124
SCR_024,CAMP_B,2024-01-20,3000,2979
SCR_003,CAMP_B,2024-01-20,3000,2855
SCR_018,CAMP_B,2024-01-20,6000,5990
SCR_045,CAMP_B,2024-01-20,6000,5863
SCR_039,CAMP_B,2024-01-20,3000,2817
SCR_014,CAMP_B,2024-01-20,5000,4896
SCR_001,CAMP_B,2024-01-20,5000,2869
SCR_013,CAMP_B,2024-01-20,3000,3044
SCR_026,CAMP_B,2024-01-20,4000,3860
SCR_008,CAMP_B,2024-01-20,3000,2806
SCR_042,CAMP_B,2024-01-20,5000,4956
SCR_033,CAMP_B,2024-01-20,3000,1992
SCR_050,CAMP_B,2024-01-20,3000,2974
SCR_006,CAMP_B,2024-01-20,5000,4710
SCR_031,CAMP_C,2024-01-20,3000,2754
SCR_016,CAMP_C,2024-01-20,6000,4392
SCR_022,CAMP_C,2024-01-20,6000,4544
SCR_004,CAMP_C,2024-01-20,3000,2878
SCR_048,CAMP_C,2024-01-20,3000,2890
SCR_034,CAMP_C,2024-01-20,3000,2911
SCR_049,CAMP_C,2024-01-20,6000,5942
SCR_005,CAMP_C,2024-01-20,5000,4989
SCR_039,CAMP_C,2024-01-20,3000,2857
SCR_040,CAMP_C,2024-01-20,4000,4246
SCR_029,CAMP_C,2024-01-20,3000,3057
SCR_007,CAMP_C,2024-01-20,4000,3773
SCR_041,CAMP_C,2024-01-20,6000,5944
SCR_008,CAMP_C,2024-01-20,4000,4054
SCR_006,CAMP_C,2024-01-20,3000,2957
SCR_047,CAMP_C,2024-01-20,5000,5125
SCR_003,CAMP_C,2024-01-20,4000,3800
SCR_025,CAMP_C,2024-01-20,5000,5180
SCR_021,CAMP_C,2024-01-20,4000,2770
SCR_038,CAMP_C,2024-01-20,3000,2806
SCR_013,CAMP_D,2024-01-20,3000,3088
SCR_041,CAMP_D,2024-01-20,4000,3882
SCR_050,CAMP_D,2024-01-20,4000,4021
SCR_005,CAMP_D,2024-01-20,5000,4794
SCR_022,CAMP_D,2024-01-20,6000,6232
SCR_048,CAMP_D,2024-01-20,5000,3179
SCR_043,CAMP_D,2024-01-20,3000,2901
SCR_031,CAMP_D,2024-01-20,5000,2556
SCR_030,CAMP_D,2024-01-20,4000,3753
SCR_039,CAMP_D,2024-01-20,5000,4770
SCR_046,CAMP_D,2024-01-20,4000,3651
SCR_038,CAMP_D,2024-01-20,5000,4563
SCR_037,CAMP_D,2024-01-20,4000,4049
SCR_040,CAMP_D,2024-01-20,3000,2811
SCR_020,CAMP_D,2024-01-20,6000,6091
SCR_027,CAMP_D,2024-01-20,4000,4148
SCR_049,CAMP_D,2024-01-20,6000,5510
SCR_011,CAMP_D,2024-01-20,4000,3708
SCR_007,CAMP_D,2024-01-20,4000,3836
SCR_015,CAMP_D,2024-01-20,5000,4829
SCR_041,CAMP_E,2024-01-20,3000,2881
SCR_016,CAMP_E,2024-01-20,5000,4851
SCR_003,CAMP_E,2024-01-20,5000,4891
SCR_040,CAMP_E,2024-01-20,6000,5845
SCR_038,CAMP_E,2024-01-20,5000,4964
SCR_013,CAMP_E,2024-01-20,3000,3079
SCR_035,CAMP_E,2024-01-20,6000,5768
SCR_019,CAMP_E,2024-01-20,5000,4795
SCR_010,CAMP_E,2024-01-20,4000,3834
SCR_021,CAMP_E,2024-01-20,3000,2762
SCR_049,CAMP_E,2024-01-20,6000,5639
SCR_004,CAMP_E,2024-01-20,3000,2972
SCR_018,CAMP_E,2024-01-20,6000,5797
SCR_009,CAMP_E,2024-01-20,5000,4756
SCR_033,CAMP_E,2024-01-20,6000,4007
SCR_032,CAMP_E,2024-01-20,5000,4783
SCR_014,CAMP_E,2024-01-20,3000,2925
SCR_006,CAMP_E,2024-01-20,3000,3091
SCR_031,CAMP_E,2024-01-20,3000,3331
SCR_026,CAMP_E,2024-01-20,4000,3991
SCR_017,CAMP_A,2024-01-21,6000,6024
SCR_020,CAMP_A,2024-01-21,4000,3908
SCR_048,CAMP_A,2024-01-21,6000,5819
SCR_044,CAMP_A,2024-01-21,3000,2803
SCR_018,CAMP_A,2024-01-21,6000,5810
SCR_013,CAMP_A,2024-01-21,3000,2955
SCR_039,CAMP_A,2024-01-21,4000,4023
SCR_009,CAMP_A,2024-01-21,6000,6110
SCR_035,CAMP_A,2024-01-21,5000,4826
SCR_050,CAMP_A,2024-01-21,6000,5998
SCR_001,CAMP_A,2024-01-21,5000,4565
SCR_049,CAMP_A,2024-01-21,3000,2789
SCR_019,CAMP_A,2024-01-21,5000,5069
SCR_023,CAMP_A,2024-01-21,6000,5619
SCR_026,CAMP_A,2024-01-21,6000,3881
SCR_036,CAMP_A,2024-01-21,6000,6838
SCR_040,CAMP_A,2024-01-21,6000,5697
SCR_031,CAMP_A,2024-01-21,4000,4549
SCR_010,CAMP_A,2024-01-21,3000,2965
SCR_028,CAMP_A,2024-01-21,3000,2757
SCR_025,CAMP_B,2024-01-21,6000,5513
SCR_019,CAMP_B,2024-01-21,4000,3746
SCR_014,CAMP_B,2024-01-21,6000,5978
SCR_015,CAMP_B,2024-01-21,4000,4128
SCR_049,CAMP_B,2024-01-21,4000,3996
SCR_043,CAMP_B,2024-01-21,5000,5194
SCR_034,CAMP_B,2024-01-21,6000,3910
SCR_005,CAMP_B,2024-01-21,4000,4113
SCR_030,CAMP_B,2024-01-21,6000,5909
SCR_004,CAMP_B,2024-01-21,3000,3073
SCR_024,CAMP_B,2024-01-21,6000,6117
SCR_044,CAMP_B,2024-01-21,5000,5085
SCR_001,CAMP_B,2024-01-21,4000,3733
SCR_011,CAMP_B,2024-01-21,6000,6170
SCR_021,CAMP_B,2024-01-21,4000,3689
SCR_027,CAMP_B,2024-01-21,3000,3069
SCR_026,CAMP_B,2024-01-21,5000,4899
SCR_037,CAMP_B,2024-01-21,3000,3011
SCR_008,CAMP_B,2024-01-21,4000,3853
SCR_045,CAMP_B,2024-01-21,3000,2759
SCR_007,CAMP_C,2024-01-21,3000,3006
SCR_033,CAMP_C,2024-01-21,4000,4029
SCR_021,CAMP_C,2024-01-21,6000,5524
SCR_027,CAMP_C,2024-01-21,4000,3867
SCR_029,CAMP_C,2024-01-21,6000,6116
SCR_011,CAMP_C,2024-01-21,4000,3955
SCR_017,CAMP_C,2024-01-21,4000,3918
SCR_014,CAMP_C,2024-01-21,6000,5983
SCR_049,CAMP_C,2024-01-21,3000,2789
SCR_003,CAMP_C,2024-01-21,5000,5014
SCR_030,CAMP_C,2024-01-21,4000,3664
SCR_002,CAMP_C,2024-01-21,3000,2850
SCR_005,CAMP_C,2024-01-21,3000,2748
SCR_040,CAMP_C,2024-01-21,6000,6184
SCR_025,CAMP_C,2024-01-21,5000,4679
SCR_022,CAMP_C,2024-01-21,3000,3115
SCR_026,CAMP_C,2024-01-21,5000,4991
SCR_013,CAMP_C,2024-01-21,3000,3074
SCR_034,CAMP_C,2024-01-21,4000,3662
SCR_039,CAMP_C,2024-01-21,3000,2855
SCR_041,CAMP_D,2024-01-21,6000,5973
SCR_013,CAMP_D,2024-01-21,5000,4789
SCR_040,CAMP_D,2024-01-21,3000,2890
SCR_014,CAMP_D,2024-01-21,6000,5539
SCR_035,CAMP_D,2024-01-21,4000,3689
SCR_026,CAMP_D,2024-01-21,5000,5002
SCR_028,CAMP_D,2024-01-21,4000,3970
SCR_008,CAMP_D,2024-01-21,5000,4983
SCR_015,CAMP_D,2024-01-21,3000,2967
SCR_047,CAMP_D,2024-01-21,6000,5959
SCR_007,CAMP_D,2024-01-21,4000,4006
SCR_023,CAMP_D,2024-01-21,3000,2970
SCR_021,CAMP_D,2024-01-21,3000,3017
SCR_012,CAMP_D,2024-01-21,4000,3671
SCR_001,CAMP_D,2024-01-21,5000,4681
SCR_045,CAMP_D,2024-01-21,6000,5489
SCR_038,CAMP_D,2024-01-21,6000,5716
SCR_036,CAMP_D,2024-01-21,5000,5061
SCR_025,CAMP_D,2024-01-21,3000,3111
SCR_048,CAMP_D,2024-01-21,5000,4698
SCR_047,CAMP_E,2024-01-21,4000,3507
SCR_022,CAMP_E,2024-01-21,4000,3730
SCR_049,CAMP_E,2024-01-21,4000,3680
SCR_016,CAMP_E,2024-01-21,6000,6022
SCR_014,CAMP_E,2024-01-21,4000,3955
SCR_035,CAMP_E,2024-01-21,5000,4841
SCR_004,CAMP_E,2024-01-21,4000,4046
SCR_043,CAMP_E,2024-01-21,3000,2870
SCR_050,CAMP_E,2024-01-21,6000,5804
SCR_015,CAMP_E,2024-01-21,6000,6099
SCR_039,CAMP_E,2024-01-21,6000,3869
SCR_025,CAMP_E,2024-01-21,3000,3089
SCR_034,CAMP_E,2024-01-21,4000,3731
SCR_021,CAMP_E,2024-01-21,6000,5813
SCR_012,CAMP_E,2024-01-21,6000,5835
SCR_029,CAMP_E,2024-01-21,5000,4855
SCR_001,CAMP_E,2024-01-21,4000,3642
SCR_005,CAMP_E,2024-01-21,5000,5151
SCR_032,CAMP_E,2024-01-21,6000,5751
SCR_003,CAMP_E,2024-01-21,6000,6230
SCR_005,CAMP_A,2024-01-22,3000,2870
SCR_027,CAMP_A,2024-01-22,3000,2981
SCR_003,CAMP_A,2024-01-22,5000,5163
SCR_008,CAMP_A,2024-01-22,4000,3953
SCR_025,CAMP_A,2024-01-22,4000,3171
SCR_037,CAMP_A,2024-01-22,6000,5917
SCR_011,CAMP_A,2024-01-22,3000,2803
SCR_013,CAMP_A,2024-01-22,6000,5792
SCR_028,CAMP_A,2024-01-22,5000,4896
SCR_017,CAMP_A,2024-01-22,6000,6032
SCR_023,CAMP_A,2024-01-22,3000,3420
SCR_033,CAMP_A,2024-01-22,5000,4724
SCR_032,CAMP_A,2024-01-22,4000,3846
SCR_024,CAMP_A,2024-01-22,5000,2819
SCR_004,CAMP_A,2024-01-22,6000,3159
SCR_046,CAMP_A,2024-01-22,6000,5970
SCR_042,CAMP_A,2024-01-22,6000,5752
SCR_016,CAMP_A,2024-01-22,4000,3734
SCR_039,CAMP_A,2024-01-22,3000,3047
SCR_038,CAMP_A,2024-01-22,4000,4029
SCR_049,CAMP_B,2024-01-22,4000,3989
SCR_013,CAMP_B,2024-01-22,3000,1803
SCR_017,CAMP_B,2024-01-22,3000,3037
SCR_027,CAMP_B,2024-01-22,3000,3399
SCR_029,CAMP_B,2024-01-22,3000,2932
SCR_041,CAMP_B,2024-01-22,5000,4857
SCR_040,CAMP_B,2024-01-22,5000,4768
SCR_007,CAMP_B,2024-01-22,5000,5080
SCR_045,CAMP_B,2024-01-22,5000,4795
SCR_011,CAMP_B,2024-01-22,3000,3070
SCR_006,CAMP_B,2024-01-22,3000,2492
SCR_019,CAMP_B,2024-01-22,6000,6152
SCR_044,CAMP_B,2024-01-22,4000,2186
SCR_025,CAMP_B,2024-01-22,5000,5038
SCR_008,CAMP_B,2024-01-22,4000,3961
SCR_018,CAMP_B,2024-01-22,6000,5974
SCR_005,CAMP_B,2024-01-22,3000,3103
SCR_022,CAMP_B,2024-01-22,5000,3184
SCR_002,CAMP_B,2024-01-22,3000,3016
SCR_039,CAMP_B,2024-01-22,6000,5837
SCR_048,CAMP_C,2024-01-22,6000,5808
SCR_040,CAMP_C,2024-01-22,3000,2940
SCR_006,CAMP_C,2024-01-22,4000,4031
SCR_023,CAMP_C,2024-01-22,3000,3597
SCR_028,CAMP_C,2024-01-22,3000,3092
SCR_031,CAMP_C,2024-01-22,6000,5631
SCR_043,CAMP_C,2024-01-22,5000,5168
SCR_007,CAMP_C,2024-01-22,3000,3089
SCR_025,CAMP_C,2024-01-22,6000,6941
SCR_019,CAMP_C,2024-01-22,4000,4038
SCR_039,CAMP_C,2024-01-22,3000,2877
SCR_013,CAMP_C,2024-01-22,6000,6072
SCR_010,CAMP_C,2024-01-22,6000,5634
SCR_034,CAMP_C,2024-01-22,3000,2773
SCR_033,CAMP_C,2024-01-22,5000,5159
SCR_003,CAMP_C,2024-01-22,3000,2779
SCR_009,CAMP_C,2024-01-22,5000,4924
SCR_032,CAMP_C,2024-01-22,3000,2960
SCR_050,CAMP_C,2024-01-22,4000,4149
SCR_038,CAMP_C,2024-01-22,5000,5068
SCR_009,CAMP_D,2024-01-22,3000,2850
SCR_034,CAMP_D,2024-01-22,3000,3060
SCR_043,CAMP_D,2024-01-22,6000,5628
SCR_039,CAMP_D,2024-01-22,5000,4794
SCR_038,CAMP_D,2024-01-22,5000,5015
SCR_015,CAMP_D,2024-01-22,4000,3667
SCR_007,CAMP_D,2024-01-22,4000,4018
SCR_026,CAMP_D,2024-01-22,5000,4978
SCR_001,CAMP_D,2024-01-22,4000,3924
SCR_035,CAMP_D,2024-01-22,5000,4857
SCR_030,CAMP_D,2024-01-22,5000,4804
SCR_021,CAMP_D,2024-01-22,5000,5149
SCR_010,CAMP_D,2024-01-22,6000,6631
SCR_019,CAMP_D,2024-01-22,3000,3006
SCR_045,CAMP_D,2024-01-22,6000,5910
SCR_032,CAMP_D,2024-01-22,6000,5687
SCR_040,CAMP_D,2024-01-22,4000,4058
SCR_046,CAMP_D,2024-01-22,4000,3644
SCR_037,CAMP_D,2024-01-22,3000,3115
SCR_005,CAMP_D,2024-01-22,4000,4151
SCR_044,CAMP_E,2024-01-22,6000,5925
SCR_011,CAMP_E,2024-01-22,4000,3835
SCR_004,CAMP_E,2024-01-22,3000,3067
SCR_007,CAMP_E,2024-01-22,6000,5969
SCR_023,CAMP_E,2024-01-22,5000,2721
SCR_031,CAMP_E,2024-01-22,3000,2990
SCR_012,CAMP_E,2024-01-22,4000,2870
SCR_048,CAMP_E,2024-01-22,6000,6041
SCR_008,CAMP_E,2024-01-22,4000,4159
SCR_033,CAMP_E,2024-01-22,6000,5557
SCR_022,CAMP_E,2024-01-22,5000,4226
SCR_038,CAMP_E,2024-01-22,4000,4004
SCR_028,CAMP_E,2024-01-22,6000,5878
SCR_010,CAMP_E,2024-01-22,6000,4908
SCR_026,CAMP_E,2024-01-22,3000,2810
SCR_016,CAMP_E,2024-01-22,3000,2963
SCR_003,CAMP_E,2024-01-22,4000,2679
SCR_042,CAMP_E,2024-01-22,5000,4633
SCR_035,CAMP_E,2024-01-22,4000,3685
SCR_013,CAMP_E,2024-01-22,5000,4572
SCR_008,CAMP_A,2024-01-23,5000,4881
SCR_033,CAMP_A,2024-01-23,3000,2747
SCR_020,CAMP_A,2024-01-23,3000,2846
SCR_024,CAMP_A,2024-01-23,4000,3953
SCR_035,CAMP_A,2024-01-23,4000,3784
SCR_011,CAMP_A,2024-01-23,6000,3581
SCR_028,CAMP_A,2024-01-23,6000,5587
SCR_043,CAMP_A,2024-01-23,6000,6573
SCR_001,CAMP_A,2024-01-23,6000,5571
SCR_016,CAMP_A,2024-01-23,4000,3113
SCR_048,CAMP_A,2024-01-23,4000,3933
SCR_003,CAMP_A,2024-01-23,4000,3719
SCR_034,CAMP_A,2024-01-23,6000,6211
SCR_019,CAMP_A,2024-01-23,4000,2189
SCR_046,CAMP_A,2024-01-23,3000,2888
SCR_029,CAMP_A,2024-01-23,5000,4785
SCR_009,CAMP_A,2024-01-23,5000,4645
SCR_032,CAMP_A,2024-01-23,4000,3690
SCR_021,CAMP_A,2024-01-23,4000,3694
SCR_017,CAMP_A,2024-01-23,3000,3014
SCR_020,CAMP_B,2024-01-23,4000,3997
SCR_038,CAMP_B,2024-01-23,4000,3714
SCR_032,CAMP_B,2024-01-23,5000,3878
SCR_007,CAMP_B,2024-01-23,5000,4711
SCR_034,CAMP_B,2024-01-23,6000,5602
SCR_023,CAMP_B,2024-01-23,5000,4876
SCR_037,CAMP_B,2024-01-23,5000,4888
SCR_019,CAMP_B,2024-01-23,4000,4086
SCR_036,CAMP_B,2024-01-23,5000,4753
SCR_018,CAMP_B,2024-01-23,3000,2759
SCR_039,CAMP_B,2024-01-23,4000,3725
SCR_047,CAMP_B,2024-01-23,3000,3300
SCR_004,CAMP_B,2024-01-23,6000,5468
SCR_011,CAMP_B,2024-01-23,6000,6187
SCR_021,CAMP_B,2024-01-23,4000,3907
SCR_025,CAMP_B,2024-01-23,3000,2970
SCR_012,CAMP_B,2024-01-23,3000,3004
SCR_045,CAMP_B,2024-01-23,5000,5030
SCR_026,CAMP_B,2024-01-23,3000,3106
SCR_016,CAMP_B,2024-01-23,4000,3830
SCR_009,CAMP_C,2024-01-23,3000,2951
SCR_033,CAMP_C,2024-01-23,4000,4123
SCR_023,CAMP_C,2024-01-23,3000,3078
SCR_004,CAMP_C,2024-01-23,6000,3013
SCR_028,CAMP_C,2024-01-23,6000,5736
SCR_032,CAMP_C,2024-01-23,3000,3011
SCR_025,CAMP_C,2024-01-23,6000,5539
SCR_011,CAMP_C,2024-01-23,6000,5872
SCR_024,CAMP_C,2024-01-23,4000,4114
SCR_008,CAMP_C,2024-01-23,3000,2986
SCR_022,CAMP_C,2024-01-23,4000,3834
SCR_016,CAMP_C,2024-01-23,5000,4668
SCR_035,CAMP_C,2024-01-23,5000,5607
SCR_041,CAMP_C,2024-01-23,6000,5735
SCR_019,CAMP_C,2024-01-23,6000,5014
SCR_020,CAMP_C,2024-01-23,4000,4399
SCR_031,CAMP_C,2024-01-23,4000,4026
SCR_036,CAMP_C,2024-01-23,3000,2807
SCR_017,CAMP_C,2024-01-23,6000,6226
SCR_007,CAMP_C,2024-01-23,3000,2944
SCR_044,CAMP_D,2024-01-23,3000,2842
SCR_046,CAMP_D,2024-01-23,6000,6720
SCR_009,CAMP_D,2024-01-23,4000,3737
SCR_021,CAMP_D,2024-01-23,5000,5111
SCR_026,CAMP_D,2024-01-23,4000,3863
SCR_033,CAMP_D,2024-01-23,6000,6091
SCR_025,CAMP_D,2024-01-23,4000,4084
SCR_048,CAMP_D,2024-01-23,4000,3708
SCR_008,CAMP_D,2024-01-23,3000,2804
SCR_007,CAMP_D,2024-01-23,4000,3960
SCR_002,CAMP_D,2024-01-23,3000,2878
SCR_043,CAMP_D,2024-01-23,5000,5187
SCR_010,CAMP_D,2024-01-23,4000,3889
SCR_023,CAMP_D,2024-01-23,6000,5697
SCR_045,CAMP_D,2024-01-23,5000,5162
SCR_001,CAMP_D,2024-01-23,6000,6158
SCR_016,CAMP_D,2024-01-23,4000,2079
SCR_004,CAMP_D,2024-01-23,5000,4856
SCR_022,CAMP_D,2024-01-23,3000,2828
SCR_014,CAMP_D,2024-01-23,6000,5697
SCR_007,CAMP_E,2024-01-23,3000,2603
SCR_043,CAMP_E,2024-01-23,4000,3871
SCR_001,CAMP_E,2024-01-23,3000,2123
SCR_044,CAMP_E,2024-01-23,5000,4858
SCR_036,CAMP_E,2024-01-23,4000,3719
SCR_009,CAMP_E,2024-01-23,4000,3926
SCR_022,CAMP_E,2024-01-23,5000,5043
SCR_024,CAMP_E,2024-01-23,5000,4841
SCR_049,CAMP_E,2024-01-23,3000,2756
SCR_038,CAMP_E,2024-01-23,6000,6202
SCR_034,CAMP_E,2024-01-23,3000,2836
SCR_039,CAMP_E,2024-01-23,4000,4137
SCR_042,CAMP_E,2024-01-23,3000,3000
SCR_016,CAMP_E,2024-01-23,6000,5875
SCR_018,CAMP_E,2024-01-23,3000,3022
SCR_014,CAMP_E,2024-01-23,6000,5764
SCR_025,CAMP_E,2024-01-23,5000,4552
SCR_006,CAMP_E,2024-01-23,4000,3644
SCR_050,CAMP_E,2024-01-23,6000,6022
SCR_005,CAMP_E,2024-01-23,5000,4693
SCR_046,CAMP_A,2024-01-24,5000,5181
SCR_018,CAMP_A,2024-01-24,5000,5793
SCR_036,CAMP_A,2024-01-24,5000,4815
SCR_008,CAMP_A,2024-01-24,5000,4587
SCR_011,CAMP_A,2024-01-24,3000,2815
SCR_015,CAMP_A,2024-01-24,5000,5181
SCR_003,CAMP_A,2024-01-24,3000,2998
SCR_035,CAMP_A,2024-01-24,5000,4962
SCR_016,CAMP_A,2024-01-24,4000,3754
SCR_019,CAMP_A,2024-01-24,5000,4959
SCR_044,CAMP_A,2024-01-24,6000,5640
SCR_010,CAMP_A,2024-01-24,6000,6163
SCR_049,CAMP_A,2024-01-24,3000,2909
SCR_009,CAMP_A,2024-01-24,4000,3895
SCR_038,CAMP_A,2024-01-24,4000,3650
SCR_004,CAMP_A,2024-01-24,4000,4065
SCR_042,CAMP_A,2024-01-24,4000,2109
SCR_014,CAMP_A,2024-01-24,4000,3975
SCR_047,CAMP_A,2024-01-24,6000,6802
SCR_001,CAMP_A,2024-01-24,3000,2877
SCR_002,CAMP_B,2024-01-24,6000,5699
SCR_008,CAMP_B,2024-01-24,6000,5503
SCR_001,CAMP_B,2024-01-24,5000,4629
SCR_042,CAMP_B,2024-01-24,3000,3304
SCR_003,CAMP_B,2024-01-24,6000,6171
SCR_009,CAMP_B,2024-01-24,3000,2880
SCR_016,CAMP_B,2024-01-24,5000,4696
SCR_006,CAMP_B,2024-01-24,6000,6017
SCR_018,CAMP_B,2024-01-24,3000,3116
SCR_010,CAMP_B,2024-01-24,4000,4775
SCR_039,CAMP_B,2024-01-24,5000,3134
SCR_048,CAMP_B,2024-01-24,5000,5147
SCR_040,CAMP_B,2024-01-24,3000,2799
SCR_007,CAMP_B,2024-01-24,5000,4991
SCR_035,CAMP_B,2024-01-24,4000,3997
SCR_022,CAMP_B,2024-01-24,5000,4617
SCR_043,CAMP_B,2024-01-24,6000,6187
SCR_013,CAMP_B,2024-01-24,3000,3066
SCR_045,CAMP_B,2024-01-24,4000,3716
SCR_044,CAMP_B,2024-01-24,4000,4015
SCR_031,CAMP_C,2024-01-24,4000,3925
SCR_005,CAMP_C,2024-01-24,6000,6100
SCR_008,CAMP_C,2024-01-24,6000,6960
SCR_037,CAMP_C,2024-01-24,4000,3762
SCR_028,CAMP_C,2024-01-24,3000,3061
SCR_018,CAMP_C,2024-01-24,5000,5172
SCR_010,CAMP_C,2024-01-24,3000,1898
SCR_006,CAMP_C,2024-01-24,4000,3714
SCR_021,CAMP_C,2024-01-24,6000,6105
SCR_009,CAMP_C,2024-01-24,3000,2775
SCR_012,CAMP_C,2024-01-24,4000,3653
SCR_025,CAMP_C,2024-01-24,6000,6007
SCR_023,CAMP_C,2024-01-24,3000,2961
SCR_042,CAMP_C,2024-01-24,4000,2555
SCR_032,CAMP_C,2024-01-24,3000,2734
SCR_046,CAMP_C,2024-01-24,6000,5602
SCR_050,CAMP_C,2024-01-24,4000,4003
SCR_027,CAMP_C,2024-01-24,5000,5019
SCR_022,CAMP_C,2024-01-24,6000,6002
SCR_049,CAMP_C,2024-01-24,5000,5342
SCR_042,CAMP_D,2024-01-24,6000,5557
SCR_003,CAMP_D,2024-01-24,4000,3669
SCR_039,CAMP_D,2024-01-24,6000,6041
SCR_012,CAMP_D,2024-01-24,3000,2912
SCR_033,CAMP_D,2024-01-24,5000,4813
SCR_011,CAMP_D,2024-01-24,6000,6086
SCR_001,CAMP_D,2024-01-24,6000,5544
SCR_026,CAMP_D,2024-01-24,3000,3033
SCR_028,CAMP_D,2024-01-24,5000,3036
SCR_030,CAMP_D,2024-01-24,3000,2180
SCR_036,CAMP_D,2024-01-24,5000,4681
SCR_017,CAMP_D,2024-01-24,3000,2763
SCR_037,CAMP_D,2024-01-24,3000,3038
SCR_046,CAMP_D,2024-01-24,3000,1606
SCR_020,CAMP_D,2024-01-24,5000,3177
SCR_015,CAMP_D,2024-01-24,5000,4875
SCR_050,CAMP_D,2024-01-24,5000,5021
SCR_045,CAMP_D,2024-01-24,4000,3690
SCR_018,CAMP_D,2024-01-24,6000,5852
SCR_049,CAMP_D,2024-01-24,4000,3210
SCR_031,CAMP_E,2024-01-24,4000,3827
SCR_038,CAMP_E,2024-01-24,6000,4625
SCR_003,CAMP_E,2024-01-24,6000,6237
SCR_019,CAMP_E,2024-01-24,3000,2951
SCR_011,CAMP_E,2024-01-24,6000,6372
SCR_010,CAMP_E,2024-01-24,5000,5179
SCR_044,CAMP_E,2024-01-24,3000,2907
SCR_030,CAMP_E,2024-01-24,4000,3723
SCR_006,CAMP_E,2024-01-24,5000,4779
SCR_041,CAMP_E,2024-01-24,3000,3031
SCR_042,CAMP_E,2024-01-24,5000,5186
SCR_015,CAMP_E,2024-01-24,6000,5569
SCR_014,CAMP_E,2024-01-24,3000,2920
SCR_045,CAMP_E,2024-01-24,5000,4810
SCR_046,CAMP_E,2024-01-24,4000,3906
SCR_033,CAMP_E,2024-01-24,5000,4993
SCR_034,CAMP_E,2024-01-24,6000,6142
SCR_022,CAMP_E,2024-01-24,3000,2981
SCR_029,CAMP_E,2024-01-24,4000,3931
SCR_026,CAMP_E,2024-01-24,4000,3791
SCR_011,CAMP_A,2024-01-25,6000,5716
SCR_037,CAMP_A,2024-01-25,5000,4942
SCR_026,CAMP_A,2024-01-25,4000,3887
SCR_005,CAMP_A,2024-01-25,5000,4904
SCR_015,CAMP_A,2024-01-25,6000,5626
SCR_025,CAMP_A,2024-01-25,3000,3031
SCR_030,CAMP_A,2024-01-25,3000,2870
SCR_043,CAMP_A,2024-01-25,6000,5626
SCR_006,CAMP_A,2024-01-25,4000,4135
SCR_023,CAMP_A,2024-01-25,6000,5955
SCR_044,CAMP_A,2024-01-25,3000,2836
SCR_040,CAMP_A,2024-01-25,3000,3007
SCR_035,CAMP_A,2024-01-25,6000,5982
SCR_039,CAMP_A,2024-01-25,5000,4584
SCR_007,CAMP_A,2024-01-25,6000,6047
SCR_042,CAMP_A,2024-01-25,4000,4129
SCR_012,CAMP_A,2024-01-25,6000,5997
SCR_036,CAMP_A,2024-01-25,4000,3867
SCR_048,CAMP_A,2024-01-25,6000,5897
SCR_045,CAMP_A,2024-01-25,4000,3015
SCR_040,CAMP_B,2024-01-25,3000,2350
SCR_010,CAMP_B,2024-01-25,4000,3923
SCR_021,CAMP_B,2024-01-25,4000,3752
SCR_043,CAMP_B,2024-01-25,4000,4145
SCR_048,CAMP_B,2024-01-25,3000,2871
SCR_001,CAMP_B,2024-01-25,5000,4876
SCR_049,CAMP_B,2024-01-25,3000,2983
SCR_030,CAMP_B,2024-01-25,6000,5734
SCR_044,CAMP_B,2024-01-25,6000,6056
SCR_032,CAMP_B,2024-01-25,3000,2908
SCR_046,CAMP_B,2024-01-25,5000,4936
SCR_008,CAMP_B,2024-01-25,6000,6119
SCR_027,CAMP_B,2024-01-25,6000,6007
SCR_017,CAMP_B,2024-01-25,3000,3044
SCR_034,CAMP_B,2024-01-25,3000,3186
SCR_045,CAMP_B,2024-01-25,6000,6989
SCR_029,CAMP_B,2024-01-25,3000,2926
SCR_009,CAMP_B,2024-01-25,3000,3062
SCR_036,CAMP_B,2024-01-25,4000,3876
SCR_050,CAMP_B,2024-01-25,6000,7079
SCR_008,CAMP_C,2024-01-25,3000,2876
SCR_023,CAMP_C,2024-01-25,5000,5173
SCR_030,CAMP_C,2024-01-25,6000,6219
SCR_027,CAMP_C,2024-01-25,4000,3844
SCR_042,CAMP_C,2024-01-25,3000,2955
SCR_026,CAMP_C,2024-01-25,4000,3843
SCR_001,CAMP_C,2024-01-25,4000,3805
SCR_024,CAMP_C,2024-01-25,4000,3691
SCR_015,CAMP_C,2024-01-25,4000,3968
SCR_033,CAMP_C,2024-01-25,6000,5949
SCR_019,CAMP_C,2024-01-25,5000,4653
SCR_018,CAMP_C,2024-01-25,5000,4610
SCR_017,CAMP_C,2024-01-25,6000,4755
SCR_020,CAMP_C,2024-01-25,4000,3075
SCR_047,CAMP_C,2024-01-25,3000,2739
SCR_016,CAMP_C,2024-01-25,4000,3969
SCR_044,CAMP_C,2024-01-25,5000,4974
SCR_036,CAMP_C,2024-01-25,4000,3918
SCR_003,CAMP_C,2024-01-25,4000,4059
SCR_034,CAMP_C,2024-01-25,6000,5974
SCR_018,CAMP_D,2024-01-25,5000,4685
SCR_006,CAMP_D,2024-01-25,3000,2738
SCR_010,CAMP_D,2024-01-25,3000,2974
SCR_041,CAMP_D,2024-01-25,4000,3835
SCR_002,CAMP_D,2024-01-25,5000,4843
SCR_047,CAMP_D,2024-01-25,4000,3645
SCR_038,CAMP_D,2024-01-25,4000,3968
SCR_007,CAMP_D,2024-01-25,3000,3323
SCR_008,CAMP_D,2024-01-25,5000,4949
SCR_030,CAMP_D,2024-01-25,3000,3019
SCR_039,CAMP_D,2024-01-25,3000,2741
SCR_042,CAMP_D,2024-01-25,3000,3026
SCR_043,CAMP_D,2024-01-25,4000,3699
SCR_048,CAMP_D,2024-01-25,4000,2210
SCR_019,CAMP_D,2024-01-25,3000,3096
SCR_017,CAMP_D,2024-01-25,5000,4679
SCR_012,CAMP_D,2024-01-25,3000,2945
SCR_049,CAMP_D,2024-01-25,5000,5075
SCR_005,CAMP_D,2024-01-25,6000,5771
SCR_016,CAMP_D,2024-01-25,4000,3742
SCR_046,CAMP_E,2024-01-25,5000,4961
SCR_018,CAMP_E,2024-01-25,3000,3076
SCR_026,CAMP_E,2024-01-25,5000,4740
SCR_007,CAMP_E,2024-01-25,5000,4624
SCR_038,CAMP_E,2024-01-25,5000,4670
SCR_050,CAMP_E,2024-01-25,4000,2998
SCR_020,CAMP_E,2024-01-25,5000,4754
SCR_011,CAMP_E,2024-01-25,3000,2734
SCR_014,CAMP_E,2024-01-25,5000,4918
SCR_032,CAMP_E,2024-01-25,5000,4915
SCR_028,CAMP_E,2024-01-25,6000,5625
SCR_029,CAMP_E,2024-01-25,4000,4395
SCR_040,CAMP_E,2024-01-25,3000,2982
SCR_049,CAMP_E,2024-01-25,6000,5709
SCR_021,CAMP_E,2024-01-25,4000,2750
SCR_047,CAMP_E,2024-01-25,3000,2894
SCR_025,CAMP_E,2024-01-25,3000,2964
SCR_045,CAMP_E,2024-01-25,6000,5476
SCR_013,CAMP_E,2024-01-25,3000,3063
SCR_019,CAMP_E,2024-01-25,3000,2840
SCR_026,CAMP_A,2024-01-26,3000,3001
SCR_003,CAMP_A,2024-01-26,6000,5960
SCR_035,CAMP_A,2024-01-26,3000,3095
SCR_034,CAMP_A,2024-01-26,3000,1554
SCR_049,CAMP_A,2024-01-26,3000,3117
SCR_022,CAMP_A,2024-01-26,6000,5528
SCR_042,CAMP_A,2024-01-26,5000,4899
SCR_002,CAMP_A,2024-01-26,3000,3068
SCR_005,CAMP_A,2024-01-26,5000,4577
SCR_031,CAMP_A,2024-01-26,3000,2759
SCR_007,CAMP_A,2024-01-26,5000,5064
SCR_027,CAMP_A,2024-01-26,6000,5592
SCR_020,CAMP_A,2024-01-26,4000,3702
SCR_018,CAMP_A,2024-01-26,5000,5039
SCR_021,CAMP_A,2024-01-26,6000,5981
SCR_023,CAMP_A,2024-01-26,4000,3983
SCR_050,CAMP_A,2024-01-26,5000,5025
SCR_006,CAMP_A,2024-01-26,4000,4669
SCR_036,CAMP_A,2024-01-26,3000,3055
SCR_016,CAMP_A,2024-01-26,4000,4022
SCR_014,CAMP_B,2024-01-26,5000,4975
SCR_045,CAMP_B,2024-01-26,3000,2815
SCR_005,CAMP_B,2024-01-26,5000,4844
SCR_048,CAMP_B,2024-01-26,4000,3737
SCR_032,CAMP_B,2024-01-26,5000,4996
SCR_004,CAMP_B,2024-01-26,3000,3071
SCR_050,CAMP_B,2024-01-26,3000,3078
SCR_001,CAMP_B,2024-01-26,4000,3887
SCR_044,CAMP_B,2024-01-26,6000,5552
SCR_030,CAMP_B,2024-01-26,3000,2812
SCR_025,CAMP_B,2024-01-26,6000,5856
SCR_013,CAMP_B,2024-01-26,3000,2874
SCR_046,CAMP_B,2024-01-26,3000,3015
SCR_007,CAMP_B,2024-01-26,6000,5607
SCR_022,CAMP_B,2024-01-26,4000,3915
SCR_042,CAMP_B,2024-01-26,6000,5545
SCR_034,CAMP_B,2024-01-26,3000,3103
SCR_033,CAMP_B,2024-01-26,4000,4741
SCR_021,CAMP_B,2024-01-26,5000,4895
SCR_040,CAMP_B,2024-01-26,5000,4953
SCR_046,CAMP_C,2024-01-26,5000,4997
SCR_026,CAMP_C,2024-01-26,4000,3676
SCR_049,CAMP_C,2024-01-26,4000,3876
SCR_048,CAMP_C,2024-01-26,3000,2896
SCR_007,CAMP_C,2024-01-26,3000,2832
SCR_015,CAMP_C,2024-01-26,3000,3026
SCR_018,CAMP_C,2024-01-26,3000,3108
SCR_032,CAMP_C,2024-01-26,3000,2826
SCR_014,CAMP_C,2024-01-26,3000,1519
SCR_011,CAMP_C,2024-01-26,5000,4891
SCR_042,CAMP_C,2024-01-26,4000,4043
SCR_023,CAMP_C,2024-01-26,3000,3017
SCR_019,CAMP_C,2024-01-26,6000,5733
SCR_038,CAMP_C,2024-01-26,5000,4714
SCR_001,CAMP_C,2024-01-26,6000,3803
SCR_050,CAMP_C,2024-01-26,5000,5053
SCR_012,CAMP_C,2024-01-26,6000,6936
SCR_033,CAMP_C,2024-01-26,3000,2890
SCR_031,CAMP_C,2024-01-26,4000,3713
SCR_024,CAMP_C,2024-01-26,6000,4316
SCR_045,CAMP_D,2024-01-26,5000,4576
SCR_028,CAMP_D,2024-01-26,5000,4629
SCR_024,CAMP_D,2024-01-26,6000,6078
SCR_014,CAMP_D,2024-01-26,5000,5180
SCR_006,CAMP_D,2024-01-26,6000,5574
SCR_013,CAMP_D,2024-01-26,4000,3790
SCR_025,CAMP_D,2024-01-26,4000,3789
SCR_041,CAMP_D,2024-01-26,5000,2577
SCR_007,CAMP_D,2024-01-26,5000,4630
SCR_018,CAMP_D,2024-01-26,6000,5795
SCR_035,CAMP_D,2024-01-26,3000,1656
SCR_029,CAMP_D,2024-01-26,5000,4876
SCR_034,CAMP_D,2024-01-26,4000,4010
SCR_012,CAMP_D,2024-01-26,4000,3742
SCR_017,CAMP_D,2024-01-26,3000,2742
SCR_023,CAMP_D,2024-01-26,5000,4991
SCR_022,CAMP_D,2024-01-26,6000,6214
SCR_026,CAMP_D,2024-01-26,3000,3088
SCR_027,CAMP_D,2024-01-26,5000,4833
SCR_031,CAMP_D,2024-01-26,5000,4640
SCR_050,CAMP_E,2024-01-26,6000,5852
SCR_013,CAMP_E,2024-01-26,5000,4827
SCR_017,CAMP_E,2024-01-26,6000,5819
SCR_009,CAMP_E,2024-01-26,3000,2894
SCR_027,CAMP_E,2024-01-26,4000,3797
SCR_036,CAMP_E,2024-01-26,4000,3834
SCR_049,CAMP_E,2024-01-26,5000,4105
SCR_020,CAMP_E,2024-01-26,4000,3643
SCR_043,CAMP_E,2024-01-26,6000,5526
SCR_006,CAMP_E,2024-01-26,5000,4972
SCR_042,CAMP_E,2024-01-26,5000,5084
SCR_037,CAMP_E,2024-01-26,6000,6134
SCR_030,CAMP_E,2024-01-26,3000,2993
SCR_035,CAMP_E,2024-01-26,3000,2931
SCR_012,CAMP_E,2024-01-26,6000,6158
SCR_025,CAMP_E,2024-01-26,4000,3801
SCR_028,CAMP_E,2024-01-26,3000,2973
SCR_007,CAMP_E,2024-01-26,4000,4240
SCR_047,CAMP_E,2024-01-26,3000,2826
SCR_048,CAMP_E,2024-01-26,3000,3054
SCR_029,CAMP_A,2024-01-27,4000,3790
SCR_026,CAMP_A,2024-01-27,3000,2922
SCR_004,CAMP_A,2024-01-27,5000,5003
SCR_008,CAMP_A,2024-01-27,3000,3047
SCR_020,CAMP_A,2024-01-27,4000,2694
SCR_049,CAMP_A,2024-01-27,6000,3690
SCR_031,CAMP_A,2024-01-27,6000,5068
SCR_012,CAMP_A,2024-01-27,4000,4015
SCR_016,CAMP_A,2024-01-27,5000,2800
SCR_035,CAMP_A,2024-01-27,4000,4007
SCR_017,CAMP_A,2024-01-27,6000,5596
SCR_050,CAMP_A,2024-01-27,4000,4013
SCR_047,CAMP_A,2024-01-27,5000,5108
SCR_028,CAMP_A,2024-01-27,4000,4036
SCR_010,CAMP_A,2024-01-27,5000,4594
SCR_002,CAMP_A,2024-01-27,6000,5827
SCR_043,CAMP_A,2024-01-27,4000,4122
SCR_036,CAMP_A,2024-01-27,5000,4760
SCR_042,CAMP_A,2024-01-27,5000,5089
SCR_006,CAMP_A,2024-01-27,3000,2471
SCR_011,CAMP_B,2024-01-27,3000,2875
SCR_015,CAMP_B,2024-01-27,3000,2855
SCR_007,CAMP_B,2024-01-27,6000,6231
SCR_043,CAMP_B,2024-01-27,4000,3895
SCR_048,CAMP_B,2024-01-27,5000,5032
SCR_032,CAMP_B,2024-01-27,6000,6090
SCR_044,CAMP_B,2024-01-27,4000,4253
SCR_031,CAMP_B,2024-01-27,3000,3045
SCR_021,CAMP_B,2024-01-27,3000,2889
SCR_049,CAMP_B,2024-01-27,3000,2996
SCR_016,CAMP_B,2024-01-27,6000,5621
SCR_046,CAMP_B,2024-01-27,6000,5738
SCR_012,CAMP_B,2024-01-27,4000,3868
SCR_025,CAMP_B,2024-01-27,6000,5903
SCR_027,CAMP_B,2024-01-27,4000,3795
SCR_005,CAMP_B,2024-01-27,3000,2750
SCR_004,CAMP_B,2024-01-27,5000,4060
SCR_017,CAMP_B,2024-01-27,5000,4713
SCR_008,CAMP_B,2024-01-27,5000,4155
SCR_002,CAMP_B,2024-01-27,5000,3593
SCR_034,CAMP_C,2024-01-27,3000,2943
SCR_040,CAMP_C,2024-01-27,5000,4981
SCR_033,CAMP_C,2024-01-27,3000,2758
SCR_020,CAMP_C,2024-01-27,3000,2757
SCR_026,CAMP_C,2024-01-27,6000,5937
SCR_049,CAMP_C,2024-01-27,3000,2916
SCR_004,CAMP_C,2024-01-27,4000,3661
SCR_035,CAMP_C,2024-01-27,3000,2817
SCR_008,CAMP_C,2024-01-27,5000,4747
SCR_038,CAMP_C,2024-01-27,4000,2084
SCR_031,CAMP_C,2024-01-27,4000,4087
SCR_017,CAMP_C,2024-01-27,3000,2750
SCR_002,CAMP_C,2024-01-27,6000,5795
SCR_003,CAMP_C,2024-01-27,6000,5550
SCR_022,CAMP_C,2024-01-27,3000,3113
SCR_027,CAMP_C,2024-01-27,5000,4773
SCR_039,CAMP_C,2024-01-27,3000,2765
SCR_013,CAMP_C,2024-01-27,3000,3021
SCR_036,CAMP_C,2024-01-27,3000,2735
SCR_029,CAMP_C,2024-01-27,4000,3679
SCR_009,CAMP_D,2024-01-27,5000,5108
SCR_029,CAMP_D,2024-01-27,6000,6194
SCR_012,CAMP_D,2024-01-27,5000,4708
SCR_019,CAMP_D,2024-01-27,5000,4901
SCR_003,CAMP_D,2024-01-27,3000,2526
SCR_021,CAMP_D,2024-01-27,6000,5618
SCR_023,CAMP_D,2024-01-27,4000,3910
SCR_039,CAMP_D,2024-01-27,5000,4687
SCR_042,CAMP_D,2024-01-27,5000,5062
SCR_016,CAMP_D,2024-01-27,3000,3002
SCR_047,CAMP_D,2024-01-27,6000,5476
SCR_050,CAMP_D,2024-01-27,3000,2959
SCR_026,CAMP_D,2024-01-27,5000,4604
SCR_031,CAMP_D,2024-01-27,5000,4799
SCR_008,CAMP_D,2024-01-27,3000,2880
SCR_005,CAMP_D,2024-01-27,3000,2877
SCR_035,CAMP_D,2024-01-27,6000,5975
SCR_017,CAMP_D,2024-01-27,3000,2865
SCR_014,CAMP_D,2024-01-27,3000,3024
SCR_041,CAMP_D,2024-01-27,5000,5139
SCR_049,CAMP_E,2024-01-27,6000,6234
SCR_038,CAMP_E,2024-01-27,4000,3647
SCR_014,CAMP_E,2024-01-27,5000,5474
SCR_002,CAMP_E,2024-01-27,5000,4806
SCR_022,CAMP_E,2024-01-27,5000,4978
SCR_040,CAMP_E,2024-01-27,3000,2951
SCR_028,CAMP_E,2024-01-27,5000,5100
SCR_044,CAMP_E,2024-01-27,6000,5803
SCR_004,CAMP_E,2024-01-27,6000,3817
SCR_007,CAMP_E,2024-01-27,4000,3941
SCR_036,CAMP_E,2024-01-27,3000,2968
SCR_025,CAMP_E,2024-01-27,5000,4836
SCR_019,CAMP_E,2024-01-27,5000,4729
SCR_035,CAMP_E,2024-01-27,6000,5951
SCR_030,CAMP_E,2024-01-27,4000,3981
SCR_043,CAMP_E,2024-01-27,4000,4261
SCR_034,CAMP_E,2024-01-27,6000,5492
SCR_017,CAMP_E,2024-01-27,4000,3086
SCR_011,CAMP_E,2024-01-27,5000,4560
SCR_031,CAMP_E,2024-01-27,5000,4579
SCR_016,CAMP_A,2024-01-28,5000,4784
SCR_023,CAMP_A,2024-01-28,6000,5752
SCR_007,CAMP_A,2024-01-28,5000,4654
SCR_005,CAMP_A,2024-01-28,3000,2788
SCR_033,CAMP_A,2024-01-28,3000,3268
SCR_029,CAMP_A,2024-01-28,5000,5057
SCR_008,CAMP_A,2024-01-28,5000,4796
SCR_046,CAMP_A,2024-01-28,3000,2788
SCR_047,CAMP_A,2024-01-28,3000,3103
SCR_050,CAMP_A,2024-01-28,4000,4158
SCR_014,CAMP_A,2024-01-28,6000,5554
SCR_021,CAMP_A,2024-01-28,3000,2987
SCR_037,CAMP_A,2024-01-28,6000,5612
SCR_024,CAMP_A,2024-01-28,5000,4763
SCR_027,CAMP_A,2024-01-28,5000,4754
SCR_042,CAMP_A,2024-01-28,3000,2903
SCR_028,CAMP_A,2024-01-28,6000,5734
SCR_019,CAMP_A,2024-01-28,3000,2984
SCR_010,CAMP_A,2024-01-28,4000,3857
SCR_001,CAMP_A,2024-01-28,4000,3767
SCR_027,CAMP_B,2024-01-28,6000,3275
SCR_044,CAMP_B,2024-01-28,5000,5012
SCR_038,CAMP_B,2024-01-28,6000,5558
SCR_043,CAMP_B,2024-01-28,3000,2739
SCR_009,CAMP_B,2024-01-28,4000,3708
SCR_039,CAMP_B,2024-01-28,6000,5736
SCR_017,CAMP_B,2024-01-28,6000,5648
SCR_019,CAMP_B,2024-01-28,5000,5928
SCR_022,CAMP_B,2024-01-28,5000,4950
SCR_021,CAMP_B,2024-01-28,3000,2549
SCR_008,CAMP_B,2024-01-28,6000,5952
SCR_006,CAMP_B,2024-01-28,6000,5832
SCR_050,CAMP_B,2024-01-28,4000,4016
SCR_048,CAMP_B,2024-01-28,3000,2733
SCR_033,CAMP_B,2024-01-28,5000,4844
SCR_010,CAMP_B,2024-01-28,5000,4880
SCR_032,CAMP_B,2024-01-28,5000,4612
SCR_013,CAMP_B,2024-01-28,5000,4581
SCR_012,CAMP_B,2024-01-28,6000,5759
SCR_029,CAMP_B,2024-01-28,4000,3661
SCR_048,CAMP_C,2024-01-28,4000,4117
SCR_047,CAMP_C,2024-01-28,3000,2989
SCR_014,CAMP_C,2024-01-28,4000,4549
SCR_028,CAMP_C,2024-01-28,4000,3371
SCR_034,CAMP_C,2024-01-28,4000,3265
SCR_018,CAMP_C,2024-01-28,3000,2839
SCR_037,CAMP_C,2024-01-28,6000,5866
SCR_040,CAMP_C,2024-01-28,6000,5545
SCR_021,CAMP_C,2024-01-28,3000,2898
SCR_007,CAMP_C,2024-01-28,5000,5395
SCR_023,CAMP_C,2024-01-28,5000,4625
SCR_019,CAMP_C,2024-01-28,5000,5033
SCR_011,CAMP_C,2024-01-28,4000,3810
SCR_008,CAMP_C,2024-01-28,5000,4959
SCR_039,CAMP_C,2024-01-28,3000,2852
SCR_045,CAMP_C,2024-01-28,3000,3093
SCR_032,CAMP_C,2024-01-28,5000,4912
SCR_029,CAMP_C,2024-01-28,3000,2974
SCR_015,CAMP_C,2024-01-28,4000,3835
SCR_033,CAMP_C,2024-01-28,4000,3777
SCR_010,CAMP_D,2024-01-28,5000,4960
SCR_032,CAMP_D,2024-01-28,4000,3891
SCR_012,CAMP_D,2024-01-28,4000,4077
SCR_047,CAMP_D,2024-01-28,5000,4868
SCR_049,CAMP_D,2024-01-28,6000,5883
SCR_019,CAMP_D,2024-01-28,5000,5378
SCR_009,CAMP_D,2024-01-28,5000,4840
SCR_013,CAMP_D,2024-01-28,4000,3700
SCR_041,CAMP_D,2024-01-28,6000,5975
SCR_006,CAMP_D,2024-01-28,5000,5008
SCR_034,CAMP_D,2024-01-28,6000,6133
SCR_014,CAMP_D,2024-01-28,6000,5482
SCR_001,CAMP_D,2024-01-28,5000,5128
SCR_028,CAMP_D,2024-01-28,6000,4759
SCR_005,CAMP_D,2024-01-28,5000,4817
SCR_046,CAMP_D,2024-01-28,6000,5663
SCR_039,CAMP_D,2024-01-28,3000,3013
SCR_048,CAMP_D,2024-01-28,5000,4579
SCR_003,CAMP_D,2024-01-28,6000,5906
SCR_040,CAMP_D,2024-01-28,4000,4045
SCR_008,CAMP_E,2024-01-28,4000,4075
SCR_040,CAMP_E,2024-01-28,6000,5638
SCR_049,CAMP_E,2024-01-28,4000,3812
SCR_022,CAMP_E,2024-01-28,4000,3769
SCR_009,CAMP_E,2024-01-28,3000,1522
SCR_039,CAMP_E,2024-01-28,3000,3038
SCR_035,CAMP_E,2024-01-28,3000,2847
SCR_002,CAMP_E,2024-01-28,4000,3997
SCR_043,CAMP_E,2024-01-28,3000,2778
SCR_025,CAMP_E,2024-01-28,6000,5562
SCR_006,CAMP_E,2024-01-28,5000,4599
SCR_047,CAMP_E,2024-01-28,6000,4693
SCR_023,CAMP_E,2024-01-28,4000,4569
SCR_036,CAMP_E,2024-01-28,6000,5932
SCR_005,CAMP_E,2024-01-28,5000,4826
SCR_004,CAMP_E,2024-01-28,3000,2908
SCR_034,CAMP_E,2024-01-28,3000,2985
SCR_014,CAMP_E,2024-01-28,6000,5795
SCR_024,CAMP_E,2024-01-28,4000,3931
SCR_018,CAMP_E,2024-01-28,6000,6008
SCR_033,CAMP_A,2024-01-29,5000,5076
SCR_016,CAMP_A,2024-01-29,3000,3251
SCR_025,CAMP_A,2024-01-29,6000,5525
SCR_002,CAMP_A,2024-01-29,6000,5829
SCR_032,CAMP_A,2024-01-29,4000,2749
SCR_026,CAMP_A,2024-01-29,6000,5723
SCR_024,CAMP_A,2024-01-29,4000,3047
SCR_035,CAMP_A,2024-01-29,6000,5669
SCR_007,CAMP_A,2024-01-29,4000,4053
SCR_029,CAMP_A,2024-01-29,6000,5968
SCR_015,CAMP_A,2024-01-29,5000,4863
SCR_037,CAMP_A,2024-01-29,3000,2896
SCR_047,CAMP_A,2024-01-29,3000,3025
SCR_045,CAMP_A,2024-01-29,4000,3703
SCR_040,CAMP_A,2024-01-29,4000,4145
SCR_041,CAMP_A,2024-01-29,3000,2923
SCR_044,CAMP_A,2024-01-29,6000,6141
SCR_031,CAMP_A,2024-01-29,6000,5691
SCR_042,CAMP_A,2024-01-29,6000,6021
SCR_021,CAMP_A,2024-01-29,5000,4949
SCR_024,CAMP_B,2024-01-29,6000,3949
SCR_037,CAMP_B,2024-01-29,4000,4156
SCR_042,CAMP_B,2024-01-29,3000,2803
SCR_011,CAMP_B,2024-01-29,3000,2859
SCR_010,CAMP_B,2024-01-29,3000,2961
SCR_019,CAMP_B,2024-01-29,3000,2948
SCR_034,CAMP_B,2024-01-29,4000,3647
SCR_014,CAMP_B,2024-01-29,4000,4066
SCR_040,CAMP_B,2024-01-29,6000,5698
SCR_050,CAMP_B,2024-01-29,6000,5897
SCR_044,CAMP_B,2024-01-29,4000,2231
SCR_039,CAMP_B,2024-01-29,4000,3776
SCR_017,CAMP_B,2024-01-29,3000,2933
SCR_031,CAMP_B,2024-01-29,6000,6062
SCR_030,CAMP_B,2024-01-29,5000,5029
SCR_043,CAMP_B,2024-01-29,6000,5462
SCR_022,CAMP_B,2024-01-29,4000,3687
SCR_009,CAMP_B,2024-01-29,4000,3887
SCR_047,CAMP_B,2024-01-29,3000,3079
SCR_038,CAMP_B,2024-01-29,3000,3044
SCR_028,CAMP_C,2024-01-29,4000,4073
SCR_043,CAMP_C,2024-01-29,4000,3931
SCR_031,CAMP_C,2024-01-29,6000,5655
SCR_021,CAMP_C,2024-01-29,3000,2899
SCR_020,CAMP_C,2024-01-29,5000,5112
SCR_033,CAMP_C,2024-01-29,6000,5729
SCR_008,CAMP_C,2024-01-29,6000,5896
SCR_016,CAMP_C,2024-01-29,4000,3733
SCR_036,CAMP_C,2024-01-29,3000,2870
SCR_026,CAMP_C,2024-01-29,4000,2471
SCR_025,CAMP_C,2024-01-29,3000,3087
SCR_040,CAMP_C,2024-01-29,3000,2743
SCR_048,CAMP_C,2024-01-29,5000,4808
SCR_023,CAMP_C,2024-01-29,5000,4587
SCR_046,CAMP_C,2024-01-29,3000,3091
SCR_034,CAMP_C,2024-01-29,6000,5829
SCR_047,CAMP_C,2024-01-29,3000,1532
SCR_006,CAMP_C,2024-01-29,4000,3731
SCR_014,CAMP_C,2024-01-29,4000,4707
SCR_038,CAMP_C,2024-01-29,3000,2226
SCR_004,CAMP_D,2024-01-29,4000,3900
SCR_021,CAMP_D,2024-01-29,5000,5610
SCR_007,CAMP_D,2024-01-29,5000,4997
SCR_035,CAMP_D,2024-01-29,6000,6042
SCR_018,CAMP_D,2024-01-29,3000,2948
SCR_013,CAMP_D,2024-01-29,3000,2951
SCR_042,CAMP_D,2024-01-29,3000,2910
SCR_040,CAMP_D,2024-01-29,3000,2801
SCR_002,CAMP_D,2024-01-29,3000,2960
SCR_022,CAMP_D,2024-01-29,3000,3037
SCR_049,CAMP_D,2024-01-29,4000,3879
SCR_011,CAMP_D,2024-01-29,4000,3994
SCR_038,CAMP_D,2024-01-29,4000,4023
SCR_024,CAMP_D,2024-01-29,5000,3841
SCR_034,CAMP_D,2024-01-29,4000,3933
SCR_001,CAMP_D,2024-01-29,6000,5606
SCR_026,CAMP_D,2024-01-29,4000,3793
SCR_027,CAMP_D,2024-01-29,6000,5842
SCR_050,CAMP_D,2024-01-29,5000,4967
SCR_003,CAMP_D,2024-01-29,6000,5995
SCR_011,CAMP_E,2024-01-29,4000,3656
SCR_003,CAMP_E,2024-01-29,3000,2976
SCR_038,CAMP_E,2024-01-29,6000,5917
SCR_025,CAMP_E,2024-01-29,5000,4977
SCR_010,CAMP_E,2024-01-29,3000,2770
SCR_035,CAMP_E,2024-01-29,5000,4555
SCR_037,CAMP_E,2024-01-29,6000,5722
SCR_014,CAMP_E,2024-01-29,3000,2869
SCR_028,CAMP_E,2024-01-29,4000,3736
SCR_023,CAMP_E,2024-01-29,3000,2970
SCR_019,CAMP_E,2024-01-29,6000,5829
SCR_043,CAMP_E,2024-01-29,4000,3834
SCR_022,CAMP_E,2024-01-29,5000,4810
SCR_033,CAMP_E,2024-01-29,3000,3072
SCR_036,CAMP_E,2024-01-29,3000,3031
SCR_018,CAMP_E,2024-01-29,6000,5587
SCR_006,CAMP_E,2024-01-29,4000,4101
SCR_044,CAMP_E,2024-01-29,4000,3935
SCR_039,CAMP_E,2024-01-29,4000,3813
SCR_009,CAMP_E,2024-01-29,3000,2850
SCR_050,CAMP_A,2024-01-30,4000,3928
SCR_010,CAMP_A,2024-01-30,5000,2802
SCR_023,CAMP_A,2024-01-30,3000,2997
SCR_030,CAMP_A,2024-01-30,4000,3987
SCR_026,CAMP_A,2024-01-30,6000,6055
SCR_011,CAMP_A,2024-01-30,3000,2854
SCR_047,CAMP_A,2024-01-30,4000,3810
SCR_001,CAMP_A,2024-01-30,5000,5024
SCR_049,CAMP_A,2024-01-30,6000,5876
SCR_013,CAMP_A,2024-01-30,5000,5031
SCR_012,CAMP_A,2024-01-30,3000,2967
SCR_020,CAMP_A,2024-01-30,4000,3816
SCR_039,CAMP_A,2024-01-30,3000,3023
SCR_006,CAMP_A,2024-01-30,3000,2783
SCR_040,CAMP_A,2024-01-30,4000,2458
SCR_016,CAMP_A,2024-01-30,3000,2985
SCR_014,CAMP_A,2024-01-30,6000,5702
SCR_028,CAMP_A,2024-01-30,6000,5185
SCR_037,CAMP_A,2024-01-30,6000,5770
SCR_024,CAMP_A,2024-01-30,3000,2762
SCR_044,CAMP_B,2024-01-30,5000,4625
SCR_047,CAMP_B,2024-01-30,6000,6069
SCR_007,CAMP_B,2024-01-30,5000,5181
SCR_042,CAMP_B,2024-01-30,3000,3112
SCR_026,CAMP_B,2024-01-30,6000,5522
SCR_001,CAMP_B,2024-01-30,3000,3094
SCR_011,CAMP_B,2024-01-30,5000,5078
SCR_021,CAMP_B,2024-01-30,6000,5822
SCR_009,CAMP_B,2024-01-30,3000,2920
SCR_037,CAMP_B,2024-01-30,5000,3638
SCR_033,CAMP_B,2024-01-30,5000,4769
SCR_025,CAMP_B,2024-01-30,5000,4565
SCR_030,CAMP_B,2024-01-30,5000,4781
SCR_045,CAMP_B,2024-01-30,3000,2846
SCR_032,CAMP_B,2024-01-30,3000,2869
SCR_046,CAMP_B,2024-01-30,3000,2884
SCR_028,CAMP_B,2024-01-30,4000,4292
SCR_004,CAMP_B,2024-01-30,4000,3864
SCR_020,CAMP_B,2024-01-30,5000,4847
SCR_014,CAMP_B,2024-01-30,4000,4109
SCR_047,CAMP_C,2024-01-30,4000,3773
SCR_034,CAMP_C,2024-01-30,3000,2899
SCR_037,CAMP_C,2024-01-30,3000,2952
SCR_030,CAMP_C,2024-01-30,5000,4900
SCR_003,CAMP_C,2024-01-30,4000,3665
SCR_005,CAMP_C,2024-01-30,6000,6189
SCR_021,CAMP_C,2024-01-30,5000,5055
SCR_024,CAMP_C,2024-01-30,5000,4579
SCR_046,CAMP_C,2024-01-30,6000,5989
SCR_010,CAMP_C,2024-01-30,5000,2893
SCR_039,CAMP_C,2024-01-30,6000,5674
SCR_007,CAMP_C,2024-01-30,6000,6221
SCR_025,CAMP_C,2024-01-30,5000,5457
SCR_033,CAMP_C,2024-01-30,5000,4947
SCR_006,CAMP_C,2024-01-30,6000,5955
SCR_022,CAMP_C,2024-01-30,5000,4859
SCR_020,CAMP_C,2024-01-30,3000,2854
SCR_028,CAMP_C,2024-01-30,6000,6126
SCR_026,CAMP_C,2024-01-30,6000,6004
SCR_001,CAMP_C,2024-01-30,6000,5485
SCR_037,CAMP_D,2024-01-30,6000,6056
SCR_006,CAMP_D,2024-01-30,5000,4868
SCR_041,CAMP_D,2024-01-30,4000,3919
SCR_032,CAMP_D,2024-01-30,6000,6122
SCR_036,CAMP_D,2024-01-30,3000,2812
SCR_023,CAMP_D,2024-01-30,3000,2799
SCR_049,CAMP_D,2024-01-30,4000,4151
SCR_014,CAMP_D,2024-01-30,6000,5734
SCR_034,CAMP_D,2024-01-30,4000,3951
SCR_024,CAMP_D,2024-01-30,5000,4959
SCR_020,CAMP_D,2024-01-30,5000,4896
SCR_019,CAMP_D,2024-01-30,4000,3897
SCR_021,CAMP_D,2024-01-30,6000,6181
SCR_029,CAMP_D,2024-01-30,4000,3732
SCR_030,CAMP_D,2024-01-30,5000,4076
SCR_002,CAMP_D,2024-01-30,6000,5993
SCR_010,CAMP_D,2024-01-30,3000,2984
SCR_011,CAMP_D,2024-01-30,6000,5956
SCR_045,CAMP_D,2024-01-30,4000,3962
SCR_039,CAMP_D,2024-01-30,3000,3015
SCR_002,CAMP_E,2024-01-30,4000,4127
SCR_021,CAMP_E,2024-01-30,4000,3792
SCR_040,CAMP_E,2024-01-30,3000,2909
SCR_016,CAMP_E,2024-01-30,4000,3870
SCR_011,CAMP_E,2024-01-30,4000,4145
SCR_037,CAMP_E,2024-01-30,3000,3056
SCR_041,CAMP_E,2024-01-30,4000,4015
SCR_031,CAMP_E,2024-01-30,3000,1536
SCR_006,CAMP_E,2024-01-30,6000,6236
SCR_024,CAMP_E,2024-01-30,6000,3950
SCR_050,CAMP_E,2024-01-30,5000,4899
SCR_039,CAMP_E,2024-01-30,3000,3052
SCR_025,CAMP_E,2024-01-30,3000,2885
SCR_036,CAMP_E,2024-01-30,3000,3009
SCR_033,CAMP_E,2024-01-30,6000,5556
SCR_013,CAMP_E,2024-01-30,4000,4034
SCR_046,CAMP_E,2024-01-30,3000,2872
SCR_030,CAMP_E,2024-01-30,5000,4707
SCR_044,CAMP_E,2024-01-30,6000,5535
SCR_032,CAMP_E,2024-01-30,3000,3006
